,ticket_priority,ticket_category,ticket_source,customer_tier,customer_previous_tickets,customer_previous_breaches,engineer_experience_years,number_of_engineers_assigned,estimated_resolution_hours,number_of_dependencies,system_impact,business_impact,hour_created,day_of_week,is_weekend,SLA_Breached
0,Medium,Incident,Portal,Standard,5,1,9.2,2,13.1,2.0,Medium,Low,19,Thursday,0,1
1,Medium,Incident,Portal,Premium,10,1,14.4,2,13.1,1.0,Low,Medium,4,Sunday,0,0
2,Medium,Incident,Email,Premium,9,1,14.9,2,5.9,,Low,Medium,6,Sunday,1,0
3,Medium,Incident,Portal,Premium,4,1,13.5,1,3.4,0.0,Medium,Medium,13,Wednesday,0,0
4,Medium,Service Request,Portal,Standard,10,1,12.8,1,6.9,3.0,Low,Low,4,Thursday,0,0
5,High,Service Request,Email,Enterprise,9,1,14.8,1,10.2,2.0,Medium,Low,18,Wednesday,0,0
6,Critical,Incident,Phone,Premium,9,1,8.6,2,14.0,1.0,Medium,Low,0,Friday,0,0
7,Low,Incident,Email,Enterprise,6,3,1.6,1,14.7,3.0,Medium,High,6,Monday,0,1
8,Critical,Incident,Email,Standard,7,1,4.2,1,7.4,0.0,High,Low,9,Saturday,1,0
9,Medium,Incident,Phone,Enterprise,7,1,0.5,1,10.1,3.0,Medium,Medium,16,Sunday,0,0
10,Low,Incident,Portal,Standard,4,0,8.9,1,10.7,0.0,Medium,Low,5,Saturday,0,0
11,Medium,Incident,Monitoring,Enterprise,2,2,13.1,1,5.0,4.0,Medium,Medium,3,Sunday,0,0
12,Low,Incident,Portal,Premium,7,1,11.8,1,5.3,2.0,Low,Medium,23,Wednesday,0,0
13,High,Service Request,Phone,Standard,6,2,8.4,2,7.9,1.0,Medium,Low,1,Wednesday,0,0
14,Critical,Incident,Email,Premium,12,2,7.3,2,10.8,1.0,Low,High,11,Friday,0,0
15,High,Incident,Phone,Standard,8,2,12.3,2,5.5,5.0,Medium,High,18,Monday,1,0
16,Medium,Incident,Monitoring,Enterprise,5,2,4.2,1,5.5,3.0,Low,High,13,Monday,0,1
17,Low,Access,Phone,Standard,10,3,9.1,3,14.3,5.0,Low,High,19,Thursday,0,1
18,Critical,Service Request,Email,Standard,9,1,14.2,3,13.6,1.0,High,Medium,17,Saturday,0,0
19,Medium,Incident,Email,Enterprise,17,5,5.0,3,16.7,0.0,High,Medium,16,Wednesday,0,1
20,Low,Access,Email,Standard,13,0,2.0,3,6.0,1.0,High,High,20,Saturday,0,0
21,Medium,Problem,Portal,Standard,6,2,14.5,2,9.2,2.0,Medium,High,17,Saturday,0,0
22,High,Incident,Email,Standard,4,3,14.3,1,11.0,3.0,Low,Low,12,Thursday,0,0
23,Critical,Service Request,Phone,Enterprise,4,2,10.8,1,5.2,1.0,Low,Low,23,Monday,0,0
24,High,Problem,Monitoring,Premium,11,0,3.6,2,2.7,3.0,Low,Low,4,Monday,0,0
25,High,Access,Email,Premium,8,1,6.4,1,3.9,1.0,Low,Medium,18,Tuesday,0,0
26,Critical,Access,Phone,Enterprise,9,1,13.4,1,12.0,1.0,Medium,High,15,Thursday,0,1
27,Low,Incident,Monitoring,Standard,12,0,7.8,3,3.8,2.0,Low,Medium,14,Saturday,1,1
28,High,Incident,Portal,Standard,7,0,1.5,1,7.9,1.0,Low,Low,22,Friday,0,0
29,Critical,Access,Monitoring,Premium,6,3,4.9,2,9.9,3.0,High,Medium,18,Friday,0,1
30,Medium,Service Request,Email,Standard,12,1,10.0,2,4.7,3.0,Low,Low,3,Saturday,0,0
31,High,Incident,Portal,Premium,9,0,10.3,1,2.0,0.0,Low,Low,22,Saturday,0,0
32,Low,Problem,Email,Standard,5,0,12.3,4,5.9,3.0,Low,Low,12,Tuesday,1,0
33,Medium,Incident,Portal,Premium,7,0,12.7,1,7.2,1.0,Low,High,11,Monday,0,0
34,Medium,Problem,Portal,Standard,7,0,10.4,3,,2.0,Low,Medium,21,Thursday,0,0
35,Low,Incident,Phone,Premium,4,4,0.6,2,,3.0,High,Medium,10,Friday,0,1
36,High,Incident,Portal,Standard,7,1,7.1,1,17.7,0.0,Low,Low,10,Friday,0,0
37,High,Incident,Phone,Standard,4,0,13.0,1,17.4,3.0,Low,Low,12,Sunday,1,0
38,Medium,Problem,Email,Premium,6,0,14.6,2,20.8,0.0,Medium,Medium,22,Wednesday,0,0
39,Low,Incident,Phone,Standard,8,1,10.6,2,3.2,2.0,Medium,Medium,6,Wednesday,0,0
40,Low,Incident,Portal,Premium,10,3,2.4,4,2.9,1.0,Medium,Medium,8,Wednesday,0,0
41,Medium,Incident,Monitoring,Standard,8,2,2.2,1,4.9,1.0,Low,Low,10,Saturday,1,0
42,Medium,Service Request,Portal,Standard,6,3,12.7,1,3.7,1.0,High,Low,5,Monday,1,0
43,High,Incident,Portal,Premium,6,2,7.5,2,3.8,1.0,Medium,Low,2,Friday,1,1
44,High,Incident,Portal,Standard,6,0,8.6,1,3.7,2.0,High,High,23,Friday,0,0
45,Medium,Incident,Phone,Enterprise,7,2,13.7,1,4.5,1.0,Low,Medium,10,Tuesday,0,0
46,Critical,Service Request,Email,Standard,7,2,0.6,2,11.9,4.0,Low,Medium,10,Sunday,0,1
47,Low,Incident,Phone,Enterprise,9,2,1.4,2,7.2,2.0,High,Low,22,Tuesday,0,0
48,Low,Incident,Phone,Enterprise,15,0,11.8,2,13.9,2.0,Medium,Medium,7,Friday,0,0
49,Medium,Service Request,Email,Standard,6,1,8.7,2,5.6,1.0,Low,Medium,0,Wednesday,1,1
50,Medium,Problem,Monitoring,Standard,10,3,5.4,1,,4.0,Low,Low,10,Tuesday,0,0
51,Medium,Incident,Phone,Premium,7,1,13.6,1,15.6,0.0,High,Medium,14,Sunday,0,1
52,Medium,Incident,Portal,Enterprise,6,3,6.9,1,3.4,2.0,Medium,Medium,3,Wednesday,0,0
53,Medium,Incident,Portal,Standard,11,2,2.9,1,6.3,6.0,High,High,21,Saturday,1,1
54,High,Service Request,Portal,Premium,6,1,3.1,1,20.5,2.0,Low,Low,2,Monday,0,0
55,Medium,Service Request,Email,Enterprise,6,2,3.2,1,5.2,0.0,High,High,0,Friday,1,1
56,Medium,Service Request,Email,Standard,6,1,14.2,4,10.5,0.0,Low,Medium,19,Tuesday,1,0
57,Critical,Incident,Email,Standard,5,3,6.1,1,9.7,2.0,High,Low,0,Wednesday,0,1
58,Low,Service Request,Email,Premium,9,2,2.3,2,3.3,3.0,Low,Low,17,Sunday,0,1
59,High,Incident,Email,Standard,10,4,5.0,2,6.9,1.0,Low,Low,20,Friday,1,1
60,Low,Service Request,Portal,Standard,7,1,10.6,1,27.3,1.0,Medium,High,4,Tuesday,0,1
61,High,Incident,Portal,Enterprise,4,0,9.9,1,2.8,5.0,High,Low,17,Saturday,0,1
62,Critical,Access,Phone,Premium,9,0,9.1,1,9.9,2.0,High,Low,9,Saturday,0,0
63,Low,Incident,Email,Standard,7,3,9.9,1,14.5,4.0,Medium,Medium,8,Tuesday,1,1
64,Medium,Incident,Monitoring,Standard,6,0,1.5,1,16.2,2.0,Low,Medium,1,Sunday,0,0
65,Medium,Incident,Portal,Premium,7,1,7.0,1,8.3,3.0,Medium,Medium,17,Saturday,0,1
66,Critical,Problem,Phone,Standard,2,1,9.9,2,7.6,1.0,Medium,High,20,Friday,0,0
67,Critical,Problem,Phone,Premium,8,3,5.2,2,,1.0,Low,High,8,Tuesday,1,1
68,High,Incident,Monitoring,Standard,12,0,4.6,2,16.3,2.0,High,Low,5,Sunday,0,0
69,Critical,Service Request,Portal,Standard,10,0,14.7,3,6.5,0.0,Low,Medium,1,Thursday,0,0
70,High,Service Request,Email,Standard,7,1,11.8,2,,3.0,Low,Medium,19,Tuesday,0,0
71,Low,Access,Portal,Standard,11,3,4.3,3,1.9,3.0,High,Medium,23,Thursday,1,0
72,Low,Access,Phone,Enterprise,8,2,9.1,3,4.6,1.0,Low,Low,21,Tuesday,0,0
73,Low,Access,Monitoring,Standard,5,1,11.4,1,5.9,6.0,Low,Low,11,Monday,1,0
74,Medium,Service Request,Phone,Premium,10,1,13.0,1,10.5,1.0,Low,Low,16,Saturday,1,0
75,High,Service Request,Portal,Standard,7,1,12.1,1,5.5,3.0,Low,Medium,16,Thursday,1,0
76,Medium,Incident,Phone,Standard,7,2,15.0,2,7.8,2.0,Medium,Medium,23,Wednesday,1,0
77,High,Incident,Portal,Enterprise,17,1,12.3,4,5.1,1.0,Medium,Low,3,Monday,0,0
78,Medium,Incident,Portal,Standard,7,1,12.7,1,7.0,0.0,Low,Low,14,Saturday,0,0
79,High,Problem,Portal,Premium,8,1,2.5,1,4.8,0.0,High,High,18,Sunday,0,0
80,Medium,Service Request,Email,Premium,9,0,5.1,4,,1.0,Medium,Low,3,Saturday,1,0
81,Medium,Incident,Portal,Standard,6,1,8.7,1,10.0,2.0,Low,High,15,Thursday,1,1
82,Low,Problem,Portal,Standard,6,0,4.5,1,,3.0,Low,Low,9,Monday,0,0
83,Low,Incident,Portal,Standard,6,2,8.1,2,15.3,0.0,Medium,Medium,22,Saturday,0,0
84,Medium,Service Request,Portal,Premium,7,2,8.0,1,5.2,2.0,Low,Low,4,Saturday,0,1
85,Low,Problem,Phone,Standard,10,1,10.5,3,12.5,1.0,Low,High,7,Wednesday,0,1
86,Critical,Service Request,Phone,Standard,11,1,3.4,1,15.1,1.0,Medium,Low,13,Sunday,0,1
87,Medium,Problem,Monitoring,Standard,6,2,1.6,1,3.7,4.0,Low,High,14,Saturday,1,1
88,High,Incident,Phone,Premium,2,2,10.9,3,5.6,1.0,High,Medium,22,Monday,0,1
89,Medium,Incident,Portal,Standard,9,0,10.7,1,9.6,3.0,Low,High,2,Thursday,1,1
90,Low,Service Request,Phone,Premium,9,0,6.9,1,5.2,3.0,Medium,Medium,21,Tuesday,0,0
91,High,Incident,Phone,Premium,10,0,10.0,2,11.2,2.0,High,Low,20,Monday,0,1
92,Medium,Service Request,Monitoring,Premium,8,0,10.2,2,3.1,1.0,Medium,Low,12,Tuesday,0,0
93,High,Incident,Portal,Standard,13,1,6.4,2,8.5,3.0,Low,Low,12,Friday,1,1
94,Low,Incident,Phone,Premium,8,0,,1,27.3,0.0,Low,Low,5,Friday,0,0
95,Critical,Problem,Email,Enterprise,7,4,14.2,1,3.3,2.0,Low,Low,2,Saturday,0,0
96,Medium,Access,Email,Premium,7,1,8.6,2,4.8,5.0,Low,Medium,14,Sunday,0,0
97,Low,Incident,Email,Standard,11,2,13.0,1,19.0,4.0,Low,High,21,Wednesday,0,1
98,Medium,Incident,Email,Premium,9,1,11.6,1,21.4,3.0,High,Medium,18,Wednesday,0,1
99,Medium,Service Request,Monitoring,Standard,4,1,12.7,3,10.4,2.0,Medium,Low,8,Saturday,1,0
100,Medium,Service Request,Portal,Standard,7,4,5.5,2,9.8,1.0,Low,High,7,Friday,0,0
101,High,Incident,Portal,Standard,6,0,14.2,1,1.8,6.0,Low,Low,7,Sunday,1,0
102,Medium,Incident,Email,Premium,9,2,6.0,1,8.9,0.0,Medium,Low,12,Thursday,0,0
103,Low,Access,Email,Standard,4,2,3.0,2,6.5,0.0,Medium,Medium,6,Wednesday,0,1
104,High,Problem,Portal,Standard,7,0,1.2,1,10.7,5.0,Medium,Medium,5,Saturday,0,1
105,High,Problem,Phone,Enterprise,8,2,13.3,2,13.4,4.0,Low,Medium,5,Saturday,1,1
106,Low,Incident,Phone,Standard,6,0,,2,5.6,2.0,Low,Low,1,Wednesday,0,0
107,Medium,Incident,Email,Standard,11,0,9.7,3,1.8,1.0,Medium,Low,13,Sunday,0,0
108,Medium,Service Request,Phone,Premium,12,1,14.2,4,35.5,2.0,Medium,Low,13,Saturday,0,0
109,Low,Incident,Email,Premium,12,0,6.8,1,5.6,1.0,Low,Medium,23,Tuesday,1,0
110,Medium,Access,Portal,Premium,8,1,4.2,4,4.6,1.0,Low,High,23,Saturday,0,0
111,Medium,Incident,Portal,Enterprise,6,1,14.2,1,,1.0,Low,Medium,23,Saturday,0,0
112,Low,Incident,Portal,Standard,5,0,,3,8.3,3.0,Low,High,11,Sunday,0,0
113,Medium,Problem,Phone,Standard,13,1,8.6,1,7.1,1.0,Low,Medium,8,Saturday,0,0
114,High,Problem,Portal,Standard,6,0,3.5,1,9.7,0.0,Low,Medium,17,Thursday,0,0
115,Low,Incident,Portal,Enterprise,9,1,7.8,2,6.9,4.0,Medium,Low,13,Friday,0,0
116,Medium,Service Request,Portal,Premium,8,3,8.4,2,17.7,5.0,Medium,Medium,13,Saturday,0,1
117,High,Service Request,Portal,Premium,12,1,2.3,4,18.2,3.0,High,Medium,14,Saturday,0,0
118,Low,Problem,Monitoring,Enterprise,11,3,12.7,2,4.0,1.0,Medium,Low,15,Friday,0,0
119,Low,Incident,Portal,Standard,11,0,2.9,1,4.8,2.0,Low,Medium,23,Friday,1,0
120,Medium,Service Request,Portal,Premium,7,0,4.5,1,6.2,4.0,Low,Medium,0,Friday,1,0
121,High,Service Request,Portal,Enterprise,15,0,7.1,1,,4.0,Medium,Medium,23,Monday,0,0
122,High,Problem,Email,Standard,7,0,10.3,2,5.6,1.0,Low,Low,11,Friday,0,0
123,High,Problem,Email,Standard,10,1,13.4,2,8.8,1.0,Low,Low,3,Thursday,0,0
124,Medium,Incident,Phone,Enterprise,2,1,11.9,1,23.7,3.0,Low,Medium,18,Monday,0,1
125,Critical,Problem,Portal,Enterprise,6,2,2.3,2,18.7,1.0,Medium,High,18,Thursday,0,1
126,Medium,Incident,Phone,Standard,4,4,4.6,1,5.8,6.0,Medium,Medium,23,Wednesday,0,0
127,Low,Incident,Portal,Standard,5,0,1.9,3,7.2,1.0,Low,High,19,Thursday,0,0
128,Medium,Incident,Portal,Standard,11,1,2.1,1,12.9,,Low,Medium,16,Monday,0,1
129,Medium,Problem,Email,Premium,5,2,14.4,1,30.0,2.0,Low,High,2,Monday,1,0
130,Medium,Incident,Portal,Standard,12,0,4.0,1,14.7,1.0,Medium,Low,1,Thursday,0,1
131,High,Service Request,Email,Enterprise,13,2,1.8,1,5.1,1.0,Medium,Medium,0,Thursday,1,0
132,Low,Service Request,Portal,Standard,13,0,6.8,3,9.8,1.0,High,Low,11,Wednesday,0,0
133,Critical,Incident,Monitoring,Premium,5,1,0.6,1,7.1,1.0,Medium,Low,13,Thursday,0,1
134,High,Service Request,Portal,Enterprise,7,3,2.7,1,5.7,0.0,Low,High,4,Sunday,0,1
135,High,Problem,Email,Standard,6,0,3.4,1,10.0,2.0,Low,Low,20,Monday,0,0
136,High,Service Request,Portal,Premium,10,2,11.0,4,6.8,3.0,Low,High,23,Monday,0,0
137,Medium,Incident,Monitoring,Premium,6,1,4.9,1,7.7,2.0,Low,Low,12,Thursday,1,0
138,Medium,Service Request,Portal,Premium,13,0,1.2,2,4.6,1.0,Low,Low,21,Sunday,0,0
139,Low,Access,Email,Standard,13,4,2.5,1,12.7,1.0,Low,Medium,21,Thursday,1,0
140,High,Incident,Email,Enterprise,10,2,14.1,4,9.7,1.0,Low,Low,0,Wednesday,0,0
141,Medium,Incident,Email,Enterprise,7,2,4.9,1,27.9,4.0,Low,Low,14,Monday,1,1
142,High,Access,Portal,Standard,9,0,0.8,1,5.3,1.0,Medium,High,19,Thursday,0,1
143,Medium,Service Request,Email,Enterprise,3,0,12.6,1,15.7,2.0,Medium,Medium,6,Wednesday,0,0
144,High,Access,Portal,Premium,7,1,14.9,1,9.0,1.0,Medium,High,20,Sunday,0,0
145,Low,Incident,Portal,Premium,6,2,13.4,1,11.9,2.0,Low,Low,3,Saturday,0,0
146,High,Problem,Phone,Standard,6,0,7.6,1,3.5,3.0,Medium,Medium,1,Friday,0,0
147,Medium,Service Request,Portal,Standard,9,0,5.5,3,5.8,0.0,Low,Low,1,Friday,0,0
148,Critical,Incident,Portal,Premium,9,2,13.3,2,12.6,2.0,High,Low,3,Saturday,0,1
149,Medium,Service Request,Portal,Enterprise,6,1,6.2,1,13.4,2.0,High,Low,8,Monday,0,0
150,Medium,Incident,Portal,Standard,8,2,6.7,1,5.9,2.0,Medium,Medium,11,Monday,0,0
151,Medium,Incident,Portal,Premium,10,1,7.7,1,1.4,1.0,High,High,11,Saturday,0,0
152,Low,Service Request,Email,Standard,9,0,5.1,2,12.2,1.0,Medium,High,8,Tuesday,0,0
153,Low,Problem,Email,Premium,6,2,13.6,1,4.9,1.0,Medium,Low,8,Thursday,0,0
154,Medium,Incident,Portal,Premium,4,1,7.6,4,7.4,1.0,Medium,High,16,Sunday,1,0
155,Medium,Incident,Portal,Premium,8,2,8.9,2,8.5,1.0,Low,High,2,Saturday,0,0
156,Medium,Incident,Portal,Premium,7,1,5.5,1,28.2,1.0,Medium,Medium,8,Friday,0,0
157,Medium,Service Request,Phone,Premium,13,1,14.0,3,2.8,1.0,Medium,Medium,21,Friday,1,1
158,Medium,Service Request,Email,Standard,8,1,6.7,1,10.3,3.0,Medium,Medium,22,Monday,1,0
159,Critical,Incident,Portal,Enterprise,5,2,7.0,4,5.5,1.0,Low,Medium,6,Friday,0,0
160,High,Problem,Email,Premium,6,1,13.3,2,8.8,4.0,High,Low,19,Wednesday,0,0
161,Critical,Incident,Phone,Premium,5,0,14.6,1,16.9,1.0,Medium,Low,13,Thursday,0,0
162,High,Problem,Portal,Premium,6,1,0.9,2,2.6,5.0,High,High,11,Tuesday,0,1
163,High,Incident,Email,Premium,12,3,6.1,1,3.6,2.0,Low,Low,8,Tuesday,1,0
164,Medium,Service Request,Monitoring,Enterprise,5,1,4.2,2,12.2,2.0,High,Low,0,Saturday,0,0
165,Low,Incident,Portal,Enterprise,8,1,8.9,1,6.1,3.0,Low,Medium,17,Tuesday,1,0
166,High,Service Request,Portal,Standard,5,2,9.9,1,9.8,1.0,Low,Medium,17,Sunday,0,0
167,Low,Problem,Portal,Enterprise,8,1,3.7,2,8.6,1.0,Low,High,5,Sunday,0,0
168,High,Incident,Portal,Premium,8,2,7.5,1,8.3,3.0,High,Low,19,Wednesday,1,0
169,Low,Incident,Email,Standard,6,4,5.2,2,19.6,1.0,Medium,High,11,Wednesday,0,1
170,Low,Service Request,Phone,Premium,6,0,7.4,1,6.1,0.0,Medium,Low,23,Wednesday,0,0
171,Low,Incident,Email,Enterprise,9,0,12.3,1,10.6,2.0,Medium,Low,15,Tuesday,0,0
172,Low,Incident,Phone,Standard,7,0,0.8,3,14.0,2.0,Low,High,17,Friday,0,0
173,Critical,Incident,Email,Premium,9,3,9.7,1,6.3,1.0,Medium,Medium,9,Friday,0,0
174,Low,Access,Email,Premium,9,2,12.4,2,7.5,1.0,Low,Medium,21,Wednesday,0,0
175,Low,Problem,Email,Enterprise,11,0,11.1,2,4.6,2.0,Low,Medium,5,Saturday,0,0
176,Low,Incident,Portal,Enterprise,6,4,13.2,1,5.0,3.0,Low,Medium,6,Sunday,0,0
177,Low,Problem,Monitoring,Standard,7,2,14.9,2,11.6,2.0,Low,Low,19,Friday,1,0
178,High,Access,Portal,Standard,9,0,2.7,1,23.3,1.0,Medium,Low,21,Thursday,0,1
179,Medium,Service Request,Email,Standard,6,2,5.7,1,5.1,0.0,Low,Low,18,Thursday,0,0
180,Low,Service Request,Portal,Enterprise,6,4,7.7,4,6.6,6.0,Low,Medium,6,Thursday,0,0
181,Medium,Access,Portal,Premium,6,2,4.4,2,4.3,1.0,Low,Low,21,Monday,0,1
182,High,Service Request,Email,Premium,8,0,3.4,2,16.5,1.0,Medium,High,4,Friday,0,1
183,Medium,Incident,Monitoring,Premium,2,1,14.7,1,2.8,2.0,Medium,Low,17,Sunday,1,0
184,Medium,Access,Portal,Premium,8,0,8.9,2,3.5,1.0,Low,High,0,Thursday,1,0
185,High,Service Request,Phone,Standard,6,1,2.7,2,9.9,4.0,Low,Medium,20,Sunday,0,0
186,High,Problem,Portal,Enterprise,8,2,13.6,1,8.3,3.0,Medium,Low,5,Friday,1,0
187,Low,Service Request,Portal,Enterprise,8,0,10.3,2,13.6,3.0,Low,Medium,9,Sunday,0,0
188,Medium,Incident,Portal,Standard,10,0,3.6,2,12.7,4.0,Medium,Low,15,Sunday,0,0
189,High,Incident,Portal,Standard,10,1,8.7,1,9.5,6.0,Low,Low,20,Saturday,0,0
190,Low,Problem,Email,Enterprise,8,0,7.2,2,8.3,2.0,Low,Medium,1,Thursday,1,0
191,High,Incident,Phone,Enterprise,5,0,7.0,1,8.8,3.0,Medium,Medium,19,Monday,0,0
192,Low,Incident,Portal,Premium,13,0,13.5,1,9.4,2.0,Low,Low,17,Saturday,0,0
193,Low,Access,Portal,Standard,6,0,12.2,1,7.7,3.0,Medium,Low,5,Monday,0,0
194,High,Incident,Monitoring,Premium,8,4,12.4,1,2.9,1.0,Medium,High,22,Friday,0,1
195,Low,Problem,Portal,Premium,5,4,6.3,1,29.0,3.0,Low,Medium,4,Thursday,1,1
196,Medium,Incident,Phone,Standard,8,1,12.7,1,18.4,2.0,Medium,Low,22,Friday,0,1
197,Low,Problem,Email,Premium,9,1,12.3,1,3.5,7.0,Medium,Low,13,Sunday,1,0
198,Medium,Incident,Phone,Standard,7,2,4.7,3,2.0,5.0,Medium,Low,4,Friday,1,0
199,High,Incident,Email,Standard,1,1,9.0,1,6.4,3.0,Medium,High,1,Thursday,0,0
200,Medium,Service Request,Phone,Standard,9,0,13.4,2,16.0,2.0,Medium,Medium,16,Saturday,0,1
201,Critical,Service Request,Portal,Enterprise,5,1,13.4,3,3.1,4.0,High,Low,5,Monday,0,0
202,High,Service Request,Phone,Premium,7,1,1.1,3,3.6,2.0,Low,Low,5,Wednesday,1,1
203,Medium,Incident,Phone,Standard,7,3,10.7,2,8.8,0.0,High,Medium,23,Saturday,1,1
204,High,Incident,Phone,Premium,11,1,7.3,2,4.4,1.0,Low,Medium,11,Friday,0,0
205,Medium,Incident,Phone,Premium,10,1,,1,29.2,2.0,Low,Medium,11,Tuesday,0,0
206,Low,Incident,Portal,Enterprise,12,1,0.5,1,4.2,2.0,Low,Low,6,Monday,1,1
207,Critical,Incident,Email,Enterprise,9,2,12.8,1,17.6,2.0,Low,High,13,Monday,1,0
208,Low,Service Request,Phone,Standard,11,0,12.3,2,6.9,3.0,Low,Low,13,Thursday,0,0
209,Medium,Incident,Monitoring,Standard,4,1,4.4,1,11.8,0.0,Low,High,8,Friday,0,0
210,High,Incident,Phone,Premium,11,1,7.3,2,4.4,1.0,Low,Medium,11,Friday,0,0
211,Medium,Incident,Portal,Premium,4,0,12.9,2,9.1,5.0,Medium,Low,22,Friday,0,0
212,Medium,Incident,Email,Premium,7,1,1.2,2,34.0,5.0,Medium,High,8,Wednesday,0,1
213,Medium,Incident,Phone,Enterprise,8,1,4.0,1,12.8,4.0,Low,Low,19,Tuesday,0,0
214,High,Incident,Portal,Enterprise,9,2,4.6,1,10.9,3.0,Low,Low,19,Saturday,0,0
215,High,Incident,Portal,Enterprise,8,1,2.1,1,15.2,0.0,Low,Medium,7,Tuesday,0,0
216,High,Problem,Phone,Premium,10,1,10.7,4,2.6,1.0,High,High,4,Sunday,0,0
217,Medium,Incident,Email,Enterprise,9,5,9.3,1,2.2,1.0,Low,Low,1,Tuesday,1,1
218,Low,Incident,Email,Standard,10,0,8.0,2,5.4,2.0,Low,Low,10,Friday,1,0
219,Low,Incident,Portal,Enterprise,13,2,14.4,1,6.8,1.0,Medium,Medium,18,Monday,0,0
220,Medium,Incident,Portal,Premium,10,0,12.7,3,6.7,3.0,Medium,High,1,Thursday,0,0
221,Medium,Problem,Phone,Enterprise,7,2,4.1,1,14.6,2.0,Low,Medium,0,Monday,1,1
222,Medium,Incident,Phone,Standard,7,0,10.5,1,7.0,2.0,Low,Low,18,Monday,0,0
223,Critical,Access,Email,Enterprise,10,1,4.8,2,12.0,1.0,Medium,Medium,19,Thursday,0,1
224,Medium,Incident,Monitoring,Standard,7,1,11.6,3,,1.0,Medium,Medium,20,Monday,1,0
225,Low,Incident,Portal,Standard,9,2,12.6,1,8.7,2.0,Medium,High,6,Wednesday,1,0
226,High,Incident,Portal,Enterprise,6,1,12.7,3,6.5,3.0,High,Medium,7,Thursday,1,1
227,Low,Incident,Phone,Enterprise,7,0,12.6,2,25.6,5.0,Low,Medium,19,Friday,1,0
228,Low,Incident,Phone,Premium,8,2,5.5,1,17.7,2.0,High,Low,11,Friday,1,0
229,Low,Incident,Portal,Premium,10,1,4.6,1,6.2,2.0,Medium,Medium,5,Thursday,1,1
230,Medium,Incident,Phone,Premium,6,2,2.6,2,17.1,1.0,High,Medium,4,Monday,0,1
231,Low,Access,Portal,Premium,11,1,14.0,1,4.9,4.0,Medium,Low,5,Saturday,0,0
232,Medium,Service Request,Portal,Standard,7,1,7.9,1,8.9,5.0,High,High,5,Wednesday,0,0
233,Medium,Incident,Portal,Standard,11,2,8.3,1,4.6,4.0,Medium,High,6,Wednesday,1,0
234,Critical,Access,Portal,Standard,7,2,3.4,1,10.4,2.0,Medium,Low,3,Wednesday,1,0
235,Medium,Service Request,Email,Premium,8,0,12.5,2,19.3,3.0,Low,High,16,Sunday,1,0
236,Critical,Service Request,Portal,Standard,8,1,5.3,2,2.9,2.0,Medium,High,10,Tuesday,1,1
237,Low,Incident,Portal,Enterprise,12,1,3.7,1,6.1,4.0,Medium,Low,11,Sunday,0,0
238,High,Incident,Email,Standard,9,1,1.2,1,3.2,2.0,Medium,Low,17,Thursday,0,1
239,Low,Access,Email,Premium,8,2,13.9,4,10.5,2.0,Low,Medium,10,Saturday,1,0
240,Medium,Service Request,Portal,Premium,5,0,7.4,1,17.7,2.0,High,Medium,18,Saturday,0,0
241,Low,Service Request,Portal,Standard,4,1,6.7,2,11.3,3.0,Medium,High,20,Friday,1,0
242,Low,Access,Portal,Standard,9,2,9.3,2,8.4,0.0,Medium,Medium,17,Monday,1,0
243,Critical,Service Request,Portal,Enterprise,9,1,8.6,1,22.9,3.0,Low,High,18,Tuesday,0,1
244,Medium,Access,Phone,Standard,8,2,14.4,2,1.2,1.0,Low,Low,8,Thursday,0,0
245,Critical,Incident,Portal,Standard,8,1,9.9,2,3.3,1.0,High,Medium,18,Monday,0,0
246,Low,Incident,Monitoring,Standard,9,2,1.0,1,9.3,1.0,Low,Medium,16,Friday,0,0
247,High,Access,Portal,Standard,4,4,13.4,4,19.7,1.0,Low,Low,12,Thursday,1,1
248,Low,Problem,Email,Standard,3,0,3.8,1,4.9,3.0,Low,Medium,14,Saturday,0,0
249,High,Incident,Email,Standard,10,0,3.8,1,5.7,1.0,Low,High,14,Tuesday,1,0
250,Low,Access,Portal,Premium,9,1,9.9,3,9.9,3.0,Low,Medium,0,Tuesday,0,0
251,High,Incident,Portal,Standard,10,1,,2,16.0,1.0,Low,Low,21,Thursday,0,0
252,Medium,Service Request,Portal,Premium,10,0,14.1,1,4.6,1.0,Low,Medium,16,Monday,0,0
253,Medium,Access,Email,Premium,7,0,4.6,1,10.7,3.0,Low,Low,7,Tuesday,0,0
254,Low,Incident,Monitoring,Standard,9,0,4.5,1,11.7,2.0,Low,High,2,Wednesday,0,0
255,Medium,Incident,Phone,Premium,8,3,2.5,1,11.5,2.0,High,Low,7,Saturday,0,0
256,Low,Incident,Monitoring,Enterprise,3,0,5.7,3,13.6,3.0,Medium,Low,16,Tuesday,0,1
257,Medium,Incident,Portal,Standard,7,1,4.0,1,4.1,3.0,Medium,Low,15,Thursday,1,0
258,Medium,Incident,Phone,Standard,10,2,8.7,3,9.7,2.0,Low,Low,19,Monday,0,1
259,High,Incident,Email,Standard,9,1,2.7,1,8.6,3.0,High,High,10,Sunday,1,0
260,Low,Service Request,Portal,Premium,5,4,4.2,2,4.2,0.0,Low,High,21,Tuesday,0,0
261,Medium,Incident,Portal,Standard,6,2,1.8,1,7.3,4.0,High,Low,21,Thursday,0,0
262,Medium,Incident,Email,Standard,4,1,12.8,2,21.4,4.0,Low,Low,11,Friday,1,1
263,Medium,Incident,Portal,Premium,7,1,3.5,2,4.2,0.0,Medium,Medium,8,Tuesday,1,0
264,Low,Problem,Portal,Standard,8,4,7.5,1,10.7,0.0,Medium,Medium,21,Friday,0,0
265,Medium,Incident,Monitoring,Standard,9,3,6.1,4,8.3,0.0,Low,Low,9,Friday,0,0
266,Low,Incident,Portal,Premium,10,2,4.4,1,12.2,2.0,Low,Medium,23,Tuesday,0,1
267,Medium,Access,Email,Enterprise,11,0,5.5,1,4.5,2.0,Low,Low,14,Saturday,0,0
268,Low,Service Request,Portal,Standard,7,1,14.5,2,23.5,1.0,Medium,Low,16,Saturday,1,1
269,Critical,Service Request,Portal,Standard,10,0,2.7,2,9.4,4.0,High,High,4,Saturday,1,1
270,Low,Service Request,Portal,Standard,5,1,10.5,2,3.3,2.0,High,High,18,Tuesday,0,0
271,Medium,Service Request,Portal,Standard,10,1,12.8,2,22.5,2.0,Low,Low,11,Tuesday,1,1
272,High,Incident,Portal,Standard,10,1,10.7,2,13.3,1.0,Medium,Low,13,Wednesday,0,1
273,Medium,Incident,Phone,Standard,8,1,,2,10.2,3.0,Low,High,8,Friday,0,0
274,Low,Service Request,Portal,Premium,6,1,1.6,1,9.6,3.0,Medium,Medium,0,Saturday,0,1
275,Medium,Incident,Portal,Standard,6,1,13.5,2,14.1,2.0,Medium,High,12,Saturday,1,0
276,Medium,Incident,Email,Standard,9,1,12.8,1,4.3,2.0,Medium,Low,5,Saturday,0,0
277,High,Incident,Phone,Premium,10,2,8.5,3,10.0,1.0,Medium,Low,6,Sunday,0,1
278,High,Service Request,Email,Standard,12,1,1.5,2,10.9,3.0,Low,Low,7,Saturday,0,0
279,High,Problem,Phone,Standard,9,0,11.9,1,8.2,3.0,Medium,Medium,8,Sunday,0,0
280,Low,Service Request,Portal,Standard,10,0,9.1,2,10.7,2.0,Low,Medium,16,Saturday,1,0
281,High,Service Request,Email,Standard,5,1,6.2,2,13.3,0.0,Low,Low,8,Wednesday,0,1
282,Medium,Incident,Portal,Standard,10,2,,2,2.8,4.0,Low,Low,14,Sunday,0,0
283,Low,Access,Portal,Standard,9,0,6.2,2,3.2,1.0,Low,Low,8,Thursday,1,0
284,Medium,Incident,Email,Standard,11,0,11.0,1,4.5,3.0,Medium,Medium,19,Thursday,0,0
285,High,Service Request,Portal,Standard,10,2,7.4,1,7.1,1.0,Low,Low,18,Wednesday,1,1
286,High,Incident,Phone,Enterprise,1,1,5.2,1,12.4,1.0,Medium,Low,16,Monday,0,1
287,High,Access,Monitoring,Premium,8,1,8.3,2,13.9,2.0,Low,Low,1,Thursday,1,0
288,Medium,Incident,Monitoring,Standard,13,1,1.7,1,27.6,3.0,Low,High,20,Friday,0,1
289,Medium,Problem,Email,Enterprise,13,1,2.2,1,8.1,2.0,Low,Medium,21,Monday,1,1
290,Low,Access,Email,Enterprise,6,1,7.5,1,5.7,1.0,High,Low,11,Tuesday,1,1
291,Medium,Incident,Email,Enterprise,7,0,7.1,2,8.1,2.0,Low,Medium,12,Sunday,0,0
292,High,Problem,Portal,Enterprise,5,0,12.9,2,7.6,2.0,Low,Low,20,Friday,0,0
293,High,Incident,Portal,Premium,7,0,5.6,2,5.1,1.0,Low,Medium,6,Thursday,0,0
294,High,Service Request,Email,Standard,9,0,6.1,2,19.9,1.0,Low,High,6,Sunday,0,1
295,Low,Incident,Portal,Enterprise,12,1,14.3,1,3.4,2.0,Low,Low,11,Thursday,0,0
296,Low,Incident,Portal,Standard,9,2,10.8,1,9.1,4.0,Low,Medium,23,Wednesday,0,1
297,Medium,Problem,Portal,Standard,10,2,9.8,1,,3.0,Low,Medium,10,Sunday,1,1
298,Medium,Incident,Portal,Premium,7,2,11.1,1,32.7,2.0,Medium,Low,1,Tuesday,0,1
299,Critical,Service Request,Email,Standard,5,4,4.9,1,3.6,2.0,Medium,Medium,10,Tuesday,0,1
300,Low,Incident,Portal,Standard,8,0,3.1,2,6.3,2.0,High,Low,1,Thursday,0,0
301,Critical,Incident,Email,Standard,5,3,6.1,1,9.7,2.0,High,Low,0,Wednesday,0,1
302,Low,Access,Phone,Premium,9,2,12.5,2,18.6,1.0,Low,Low,21,Sunday,0,1
303,Low,Incident,Email,Premium,11,1,7.5,2,13.6,2.0,Low,Medium,18,Saturday,0,1
304,Low,Problem,Phone,Premium,12,0,6.6,1,1.0,1.0,Low,Medium,22,Sunday,1,1
305,Medium,Service Request,Phone,Standard,11,3,5.6,1,11.8,2.0,Low,Low,9,Saturday,0,0
306,Medium,Service Request,Email,Premium,6,5,1.0,1,15.9,1.0,Medium,Medium,20,Sunday,0,1
307,Low,Problem,Phone,Standard,16,4,11.9,1,4.8,0.0,Medium,Low,18,Friday,0,0
308,Medium,Incident,Portal,Standard,5,0,3.4,2,13.8,4.0,Medium,High,1,Wednesday,1,1
309,Medium,Service Request,Phone,Premium,10,1,11.8,3,13.1,1.0,High,High,22,Friday,1,0
310,Medium,Incident,Monitoring,Premium,5,2,11.4,1,17.5,1.0,Low,Medium,23,Thursday,0,0
311,High,Incident,Portal,Premium,9,1,13.9,1,8.6,0.0,Low,Low,6,Wednesday,0,0
312,Medium,Problem,Phone,Enterprise,9,0,9.5,1,15.6,4.0,Low,Low,0,Sunday,1,0
313,Low,Service Request,Phone,Enterprise,8,1,13.8,2,8.0,3.0,Medium,Low,21,Friday,0,0
314,High,Incident,Phone,Premium,10,2,2.8,2,0.7,4.0,Low,Low,11,Sunday,1,1
315,High,Service Request,Monitoring,Enterprise,10,1,8.1,2,12.4,3.0,Low,High,0,Sunday,0,0
316,Medium,Incident,Phone,Standard,10,3,10.9,2,18.5,2.0,Low,Medium,6,Wednesday,0,0
317,Medium,Incident,Portal,Premium,7,3,9.7,3,5.0,6.0,High,Medium,12,Saturday,1,0
318,Low,Problem,Portal,Standard,5,0,13.4,2,2.2,2.0,Low,Medium,21,Sunday,1,0
319,Low,Incident,Phone,Standard,10,2,12.0,1,6.8,0.0,Medium,Medium,15,Sunday,0,0
320,High,Incident,Email,Premium,6,1,5.5,1,3.5,4.0,Low,Medium,11,Wednesday,0,0
321,Medium,Incident,Phone,Enterprise,10,0,8.9,4,5.8,2.0,Low,High,16,Thursday,0,0
322,Medium,Incident,Email,Standard,15,0,0.8,3,3.3,1.0,Medium,Low,15,Sunday,0,1
323,Low,Incident,Portal,Enterprise,5,0,13.7,1,1.2,2.0,Low,Medium,21,Thursday,1,0
324,Medium,Service Request,Email,Standard,5,4,2.0,1,2.2,1.0,Low,Medium,21,Monday,0,0
325,High,Service Request,Portal,Standard,14,2,12.7,1,4.6,3.0,Medium,High,14,Saturday,1,0
326,High,Access,Phone,Premium,12,0,8.4,1,1.5,0.0,Low,High,20,Thursday,1,0
327,High,Service Request,Email,Standard,12,0,7.6,1,3.5,1.0,Medium,Low,7,Tuesday,1,0
328,Low,Incident,Phone,Premium,10,1,6.3,1,12.3,1.0,Low,High,20,Thursday,0,1
329,Medium,Incident,Email,Standard,12,1,10.5,1,17.3,1.0,Medium,Medium,17,Thursday,1,0
330,Medium,Incident,Portal,Standard,8,0,12.0,1,4.3,2.0,Low,High,2,Sunday,1,0
331,Critical,Access,Phone,Enterprise,10,1,10.0,1,2.7,1.0,High,Low,20,Monday,0,0
332,High,Problem,Email,Standard,6,0,3.0,3,5.2,0.0,Medium,Low,6,Sunday,0,0
333,Low,Incident,Email,Premium,11,1,7.5,2,13.6,2.0,Low,Medium,18,Saturday,0,1
334,Low,Incident,Email,Enterprise,9,1,6.7,1,10.9,1.0,High,Medium,3,Monday,0,0
335,Medium,Service Request,Phone,Premium,9,1,1.8,1,2.6,4.0,Low,Low,11,Tuesday,1,1
336,High,Access,Portal,Standard,7,5,,1,11.9,2.0,Medium,Medium,4,Sunday,0,1
337,Medium,Incident,Portal,Standard,8,1,0.6,1,0.9,1.0,Medium,Low,8,Monday,0,0
338,Medium,Incident,Portal,Enterprise,8,1,5.6,4,5.9,1.0,Low,Medium,13,Sunday,1,0
339,Medium,Service Request,Email,Enterprise,7,1,12.8,2,2.6,3.0,High,High,1,Monday,1,0
340,Medium,Incident,Monitoring,Premium,12,1,8.1,1,18.4,2.0,Low,Low,4,Tuesday,0,1
341,Critical,Access,Phone,Standard,7,1,12.2,1,2.4,2.0,Low,Medium,12,Saturday,0,1
342,Medium,Incident,Portal,Standard,7,3,12.4,1,8.6,2.0,Low,High,4,Saturday,0,1
343,High,Incident,Portal,Premium,5,2,12.1,1,7.6,1.0,Medium,Low,15,Thursday,0,0
344,Low,Incident,Email,Standard,6,0,8.9,2,20.3,0.0,Medium,Low,8,Sunday,0,0
345,High,Problem,Portal,Standard,3,0,4.6,1,0.8,4.0,High,Low,11,Monday,0,1
346,High,Service Request,Phone,Premium,5,0,4.0,2,12.6,2.0,Low,Medium,18,Thursday,0,0
347,High,Incident,Phone,Premium,14,4,10.4,2,11.5,1.0,Medium,Low,19,Sunday,0,1
348,Low,Incident,Email,Enterprise,5,1,11.5,1,12.6,0.0,Low,Medium,14,Friday,0,0
349,Low,Problem,Monitoring,Standard,9,1,1.5,2,7.1,1.0,High,Low,3,Sunday,0,0
350,Low,Incident,Email,Standard,10,0,2.3,3,2.1,2.0,Medium,Medium,4,Wednesday,0,0
351,Medium,Service Request,Email,Standard,8,0,8.8,3,6.7,5.0,High,Low,12,Friday,1,0
352,Low,Service Request,Phone,Standard,8,1,1.1,3,10.6,2.0,High,Low,6,Tuesday,0,0
353,Medium,Problem,Email,Premium,7,2,14.9,1,11.4,2.0,Low,Low,8,Monday,0,1
354,Medium,Service Request,Portal,Standard,10,1,11.6,1,4.3,2.0,Medium,Low,13,Sunday,1,0
355,Medium,Problem,Email,Standard,5,4,5.9,1,6.8,0.0,Medium,Low,11,Wednesday,1,0
356,Medium,Incident,Portal,Enterprise,10,3,14.9,1,8.0,2.0,Medium,Medium,5,Tuesday,0,0
357,High,Service Request,Phone,Premium,7,0,7.8,3,7.8,1.0,High,Low,14,Friday,0,0
358,Low,Service Request,Email,Premium,7,1,2.0,2,7.9,4.0,Medium,Low,1,Saturday,0,0
359,High,Service Request,Portal,Premium,9,0,8.3,1,8.4,3.0,Low,Low,18,Wednesday,0,0
360,Medium,Incident,Portal,Standard,10,3,8.9,2,10.3,3.0,Medium,High,14,Thursday,0,1
361,Low,Incident,Monitoring,Standard,15,0,4.6,2,10.3,3.0,Medium,Low,0,Monday,1,0
362,Medium,Incident,Email,Enterprise,8,2,14.3,1,3.8,1.0,High,High,14,Sunday,1,0
363,Medium,Incident,Email,Standard,10,5,6.0,1,22.8,1.0,Medium,Low,1,Sunday,1,1
364,High,Service Request,Monitoring,Premium,2,3,4.8,1,35.1,1.0,Medium,Low,13,Wednesday,1,1
365,Critical,Access,Phone,Standard,9,3,9.5,2,13.3,2.0,Low,Low,3,Monday,0,0
366,Medium,Access,Email,Standard,6,1,3.5,1,10.0,1.0,Low,Low,5,Saturday,0,0
367,Medium,Incident,Email,Enterprise,12,3,1.5,1,3.5,,Medium,High,2,Sunday,0,0
368,High,Incident,Portal,Standard,8,1,13.7,1,10.4,1.0,Low,Low,12,Saturday,0,0
369,Medium,Service Request,Portal,Standard,3,0,13.5,1,3.4,2.0,High,Low,15,Wednesday,0,0
370,Medium,Problem,Monitoring,Standard,8,3,4.8,2,20.1,1.0,Medium,Low,8,Thursday,0,1
371,High,Problem,Email,Standard,8,1,9.7,1,11.5,1.0,Low,Medium,11,Thursday,0,1
372,High,Incident,Phone,Standard,7,2,10.2,2,4.7,1.0,Low,High,15,Saturday,0,0
373,Medium,Incident,Email,Standard,7,1,11.6,4,18.4,2.0,Medium,High,11,Saturday,0,0
374,Medium,Service Request,Portal,Premium,9,0,8.3,2,12.8,0.0,Low,Low,18,Friday,1,1
375,Low,Incident,Phone,Premium,8,0,11.0,4,7.8,0.0,Medium,Low,5,Friday,1,0
376,Medium,Service Request,Monitoring,Premium,13,0,1.4,1,23.1,4.0,Low,Medium,21,Saturday,0,0
377,Low,Incident,Portal,Standard,9,2,11.1,3,7.2,1.0,High,High,16,Wednesday,0,0
378,Medium,Access,Portal,Enterprise,8,3,3.5,1,27.6,3.0,Medium,High,1,Friday,1,1
379,Low,Service Request,Portal,Enterprise,15,3,,2,5.3,3.0,Low,Low,7,Thursday,0,0
380,Low,Problem,Portal,Standard,7,0,12.2,1,6.5,4.0,Low,Medium,1,Tuesday,0,0
381,Medium,Incident,Portal,Premium,4,1,9.4,2,9.9,2.0,Medium,Low,20,Tuesday,0,0
382,Low,Service Request,Phone,Enterprise,5,2,,1,,1.0,High,Medium,15,Sunday,0,0
383,High,Service Request,Monitoring,Standard,8,3,7.8,2,14.2,2.0,Low,Medium,10,Monday,1,1
384,Low,Incident,Monitoring,Enterprise,12,0,7.4,1,3.2,,Medium,Medium,21,Friday,0,0
385,Low,Incident,Portal,Standard,3,1,5.8,2,4.4,3.0,Low,Medium,13,Thursday,0,0
386,Medium,Service Request,Email,Standard,9,1,3.6,3,6.0,5.0,Low,High,16,Monday,0,0
387,Medium,Incident,Portal,Premium,8,2,15.0,1,1.9,2.0,Low,Low,10,Friday,0,0
388,Low,Incident,Portal,Standard,9,1,7.2,4,2.9,0.0,Low,Low,10,Thursday,0,0
389,High,Incident,Portal,Standard,12,0,11.2,2,19.1,5.0,Medium,Low,21,Saturday,0,1
390,Medium,Incident,Portal,Standard,7,1,,1,,1.0,Low,Low,9,Thursday,0,0
391,Medium,Service Request,Portal,Premium,12,3,1.6,1,4.9,1.0,Medium,Medium,13,Friday,0,0
392,Medium,Service Request,Portal,Enterprise,9,1,9.3,3,13.4,2.0,Low,Medium,2,Monday,0,1
393,High,Incident,Portal,Standard,6,0,12.2,1,18.6,2.0,Medium,Medium,0,Sunday,0,1
394,Medium,Access,Portal,Standard,4,2,5.6,1,9.3,4.0,Low,High,4,Friday,1,1
395,Low,Incident,Portal,Premium,7,2,9.5,3,13.3,1.0,Low,Low,13,Wednesday,1,0
396,Medium,Service Request,Email,Standard,8,1,4.4,1,4.1,1.0,Low,Low,23,Wednesday,0,0
397,Medium,Service Request,Portal,Enterprise,7,0,8.3,3,20.7,0.0,Medium,Low,10,Tuesday,0,0
398,Low,Incident,Phone,Premium,7,2,8.8,4,,1.0,Low,Low,4,Monday,0,0
399,Medium,Incident,Monitoring,Enterprise,16,2,12.1,1,13.0,2.0,Low,Medium,15,Saturday,1,0
400,Low,Access,Email,Enterprise,8,1,3.8,3,2.0,0.0,High,Low,4,Tuesday,1,0
401,High,Service Request,Portal,Standard,2,2,9.1,1,14.7,2.0,Medium,High,7,Thursday,0,1
402,Low,Service Request,Portal,Standard,9,0,5.8,1,9.4,1.0,Low,Medium,21,Monday,0,0
403,Critical,Problem,Portal,Enterprise,6,2,14.2,2,2.8,3.0,High,High,0,Friday,0,1
404,Medium,Service Request,Monitoring,Premium,7,1,6.5,2,11.0,2.0,Low,Low,13,Thursday,0,0
405,High,Incident,Portal,Standard,11,0,2.5,2,9.4,0.0,Medium,Medium,3,Sunday,0,0
406,Medium,Incident,Phone,Standard,9,2,13.2,1,16.7,,Medium,Low,2,Wednesday,0,0
407,Low,Service Request,Email,Standard,9,1,7.1,1,4.3,3.0,Medium,Low,20,Monday,0,0
408,Low,Incident,Email,Standard,5,1,3.7,1,14.2,2.0,Medium,Medium,5,Sunday,0,1
409,Medium,Problem,Email,Premium,12,2,1.4,1,13.2,1.0,Low,Low,4,Friday,0,1
410,Medium,Problem,Phone,Standard,5,1,14.3,1,8.0,,Low,High,23,Friday,0,0
411,High,Service Request,Portal,Standard,13,1,13.0,2,17.9,3.0,Low,Medium,7,Friday,0,1
412,Medium,Problem,Portal,Premium,10,2,13.2,1,7.5,,Low,Low,23,Thursday,1,0
413,High,Incident,Email,Enterprise,6,1,1.2,2,6.4,0.0,Medium,Low,13,Wednesday,0,1
414,Medium,Service Request,Email,Standard,6,0,9.5,2,12.1,1.0,Low,Medium,9,Wednesday,0,1
415,High,Incident,Email,Premium,9,3,4.7,3,22.3,2.0,Low,Low,12,Thursday,1,1
416,Medium,Incident,Phone,Standard,11,0,6.0,1,3.4,2.0,Medium,Medium,12,Tuesday,1,0
417,Medium,Problem,Portal,Enterprise,14,1,8.9,3,3.5,5.0,Medium,Medium,9,Thursday,0,0
418,Low,Problem,Portal,Standard,9,1,4.7,1,8.0,1.0,Medium,Medium,15,Tuesday,0,0
419,Low,Incident,Portal,Standard,8,0,7.1,1,2.9,2.0,Low,Low,2,Monday,0,1
420,Medium,Service Request,Monitoring,Standard,5,3,3.9,2,8.9,1.0,Low,Medium,18,Tuesday,0,0
421,High,Access,Phone,Standard,10,1,1.4,2,7.4,0.0,Medium,Medium,16,Thursday,0,1
422,Low,Incident,Portal,Standard,6,3,14.9,2,6.8,0.0,Low,Low,8,Friday,1,0
423,Critical,Incident,Portal,Standard,6,1,0.8,1,14.9,,Low,Low,8,Friday,0,1
424,Low,Incident,Monitoring,Standard,10,1,4.3,1,5.1,3.0,Medium,Medium,12,Thursday,1,0
425,Medium,Incident,Monitoring,Premium,5,1,1.8,1,3.0,2.0,High,Medium,23,Friday,0,0
426,Critical,Incident,Portal,Enterprise,11,0,3.3,2,17.7,2.0,Low,Medium,2,Tuesday,1,1
427,High,Incident,Email,Premium,8,1,10.6,3,3.5,4.0,Low,Medium,15,Thursday,0,0
428,Medium,Incident,Portal,Enterprise,11,2,13.7,1,4.1,0.0,Medium,Low,3,Sunday,0,0
429,High,Incident,Portal,Premium,8,2,2.0,1,12.6,1.0,Medium,Medium,9,Monday,0,1
430,High,Problem,Portal,Standard,7,2,14.1,1,6.7,1.0,High,Low,17,Wednesday,0,1
431,Medium,Service Request,Portal,Premium,9,2,3.2,2,15.3,3.0,Low,Medium,2,Sunday,1,1
432,Low,Service Request,Phone,Standard,4,2,8.0,1,10.0,3.0,Medium,Medium,2,Wednesday,0,0
433,Critical,Incident,Phone,Premium,10,1,10.5,2,2.8,2.0,Low,Low,10,Friday,0,0
434,Medium,Incident,Portal,Standard,10,1,13.0,2,10.8,2.0,Medium,Low,23,Monday,1,0
435,Medium,Service Request,Email,Premium,9,0,6.5,1,5.5,3.0,Medium,Low,15,Saturday,0,0
436,Critical,Incident,Portal,Enterprise,16,2,2.7,2,13.1,3.0,Medium,Low,10,Saturday,0,0
437,Critical,Incident,Portal,Standard,9,0,14.8,2,24.9,2.0,Medium,Medium,21,Friday,0,1
438,Low,Problem,Monitoring,Premium,9,1,3.7,3,4.0,1.0,Low,Medium,17,Tuesday,1,0
439,Medium,Incident,Phone,Enterprise,8,1,5.3,1,16.4,1.0,Medium,Low,16,Wednesday,0,0
440,Low,Incident,Email,Standard,6,1,7.3,1,12.3,1.0,Low,Medium,4,Friday,0,1
441,Low,Incident,Phone,Standard,8,1,3.6,1,10.5,1.0,Low,Low,2,Friday,1,0
442,Medium,Incident,Portal,Enterprise,11,0,5.4,3,10.3,4.0,Medium,High,21,Saturday,0,1
443,High,Incident,Monitoring,Enterprise,4,0,11.8,1,10.3,2.0,Low,Medium,1,Sunday,0,0
444,Medium,Problem,Portal,Premium,10,2,10.0,1,3.0,1.0,Low,High,4,Thursday,0,0
445,Medium,Problem,Portal,Standard,7,2,13.4,3,12.2,2.0,Medium,Low,18,Wednesday,0,0
446,Medium,Incident,Portal,Premium,9,1,10.3,2,8.7,5.0,Medium,Medium,17,Wednesday,1,0
447,High,Incident,Portal,Standard,8,1,12.6,3,6.3,3.0,Medium,Medium,11,Monday,0,0
448,Medium,Incident,Portal,Premium,10,0,1.0,3,18.5,2.0,Low,Low,3,Saturday,1,0
449,High,Incident,Email,Enterprise,5,1,4.6,2,5.2,1.0,Low,Medium,9,Friday,1,0
450,Medium,Incident,Portal,Standard,6,2,9.5,1,20.6,4.0,Medium,Low,8,Tuesday,0,1
451,High,Problem,Monitoring,Standard,12,2,13.3,1,10.9,4.0,Medium,Medium,4,Monday,0,0
452,High,Incident,Portal,Enterprise,10,0,14.7,1,4.6,1.0,Low,High,15,Monday,0,0
453,Medium,Service Request,Email,Enterprise,6,1,9.6,2,20.3,3.0,Low,Low,18,Sunday,0,0
454,Medium,Incident,Phone,Enterprise,10,2,5.3,1,12.1,2.0,Low,Medium,15,Tuesday,0,0
455,Low,Problem,Monitoring,Enterprise,5,0,10.1,1,10.2,2.0,Low,Low,3,Saturday,1,0
456,Critical,Incident,Phone,Enterprise,5,0,13.6,2,2.6,1.0,Low,High,2,Sunday,0,0
457,Critical,Service Request,Portal,Enterprise,4,3,8.3,2,10.2,1.0,Medium,Low,13,Tuesday,0,1
458,Critical,Incident,Phone,Standard,4,0,9.6,2,16.3,0.0,Low,High,23,Monday,1,1
459,Low,Incident,Phone,Premium,8,0,6.3,1,10.0,1.0,Low,Medium,14,Tuesday,0,0
460,High,Service Request,Monitoring,Premium,5,1,11.6,1,22.3,3.0,Medium,Low,17,Saturday,0,1
461,Low,Incident,Monitoring,Enterprise,7,0,11.6,3,4.4,2.0,Medium,Medium,9,Monday,0,0
462,Medium,Incident,Email,Standard,9,4,14.4,4,,1.0,High,High,6,Thursday,0,0
463,High,Incident,Portal,Standard,9,0,13.5,1,20.4,2.0,High,High,7,Wednesday,0,1
464,High,Incident,Email,Enterprise,7,1,1.4,4,10.9,1.0,Low,High,20,Monday,0,1
465,Low,Service Request,Phone,Premium,8,2,1.4,1,20.3,1.0,Medium,Low,3,Saturday,0,1
466,Medium,Incident,Phone,Standard,10,0,2.8,1,3.8,0.0,Low,Medium,9,Friday,0,0
467,High,Incident,Email,Premium,12,0,2.9,1,10.4,1.0,Low,Low,13,Wednesday,0,0
468,Medium,Incident,Portal,Premium,13,2,10.4,3,18.9,0.0,Medium,Medium,19,Tuesday,0,1
469,Medium,Incident,Portal,Standard,11,2,13.3,2,2.2,1.0,Medium,High,23,Wednesday,0,0
470,Medium,Problem,Portal,Premium,11,0,10.2,2,18.4,3.0,Medium,Medium,13,Sunday,0,0
471,Low,Access,Monitoring,Standard,7,0,7.4,1,9.4,3.0,Low,Medium,5,Tuesday,1,1
472,Critical,Problem,Email,Enterprise,10,0,6.4,3,21.7,2.0,Low,Medium,20,Tuesday,1,1
473,Critical,Incident,Email,Enterprise,5,2,7.4,3,7.8,0.0,High,Medium,19,Tuesday,0,1
474,Medium,Incident,Portal,Standard,10,2,11.8,2,0.8,0.0,Medium,Low,2,Thursday,0,0
475,Medium,Problem,Portal,Enterprise,10,3,11.1,4,5.7,1.0,Medium,High,9,Friday,0,0
476,High,Problem,Portal,Premium,6,0,0.6,2,5.0,0.0,Low,Medium,19,Friday,0,0
477,Low,Incident,Email,Premium,6,5,,3,1.1,2.0,Low,High,7,Thursday,0,0
478,High,Incident,Email,Enterprise,7,1,14.5,2,6.0,3.0,High,Low,21,Wednesday,0,0
479,Medium,Service Request,Phone,Premium,13,1,12.6,1,3.1,0.0,High,High,0,Saturday,1,0
480,Medium,Service Request,Phone,Enterprise,11,1,9.8,1,13.5,4.0,Low,Medium,7,Thursday,1,0
481,Low,Access,Portal,Standard,7,0,13.3,2,6.9,3.0,High,Low,17,Monday,1,0
482,Critical,Incident,Email,Standard,5,1,4.4,4,6.8,2.0,Low,Low,3,Sunday,0,0
483,Medium,Problem,Portal,Standard,11,4,7.1,2,30.6,1.0,Low,Low,22,Friday,0,1
484,High,Problem,Email,Premium,11,0,10.1,1,3.1,4.0,Medium,High,9,Wednesday,1,0
485,Low,Service Request,Portal,Standard,8,1,9.4,1,25.1,1.0,Low,Medium,1,Sunday,0,1
486,High,Service Request,Email,Enterprise,9,1,6.5,1,15.9,0.0,High,Low,9,Wednesday,1,1
487,Critical,Incident,Portal,Premium,10,0,8.3,1,4.3,2.0,Low,Low,7,Tuesday,0,0
488,Low,Incident,Portal,Standard,9,1,11.7,1,14.1,1.0,Medium,High,23,Thursday,0,0
489,High,Problem,Portal,Standard,16,1,0.7,1,5.1,,Low,Low,15,Saturday,0,0
490,Medium,Incident,Phone,Enterprise,11,0,9.9,2,3.7,2.0,Low,Medium,20,Thursday,0,0
491,Medium,Service Request,Portal,Standard,9,1,8.0,1,6.1,2.0,High,Low,14,Saturday,1,1
492,High,Incident,Portal,Standard,7,3,5.1,1,13.5,0.0,Low,Medium,5,Sunday,0,1
493,Low,Incident,Monitoring,Standard,7,2,11.8,2,1.7,3.0,Low,Low,18,Sunday,0,0
494,Critical,Service Request,Email,Standard,10,2,8.0,2,3.5,1.0,High,High,3,Sunday,0,1
495,Low,Problem,Portal,Enterprise,6,1,8.3,3,5.7,3.0,Low,Medium,16,Saturday,1,1
496,High,Service Request,Portal,Enterprise,10,1,7.3,1,36.9,2.0,Medium,Low,7,Monday,0,1
497,Medium,Service Request,Monitoring,Enterprise,6,0,9.6,3,2.7,0.0,Low,High,19,Friday,1,0
498,Low,Incident,Phone,Standard,10,0,9.7,2,15.3,3.0,Low,Low,2,Thursday,1,0
499,High,Problem,Portal,Premium,11,1,5.3,4,5.0,2.0,Low,High,4,Saturday,1,0
500,Critical,Incident,Portal,Standard,11,1,2.2,3,6.5,0.0,Medium,Low,19,Wednesday,0,0
501,Medium,Incident,Portal,Enterprise,6,2,6.2,1,16.6,3.0,High,Medium,10,Friday,1,0
502,Medium,Incident,Portal,Enterprise,14,1,11.1,2,17.5,2.0,Low,Low,11,Monday,1,0
503,Medium,Incident,Phone,Standard,8,0,3.1,1,8.0,1.0,Low,Low,13,Friday,0,0
504,Medium,Access,Monitoring,Standard,6,3,9.9,1,8.0,1.0,Low,Medium,16,Sunday,1,0
505,High,Service Request,Portal,Standard,4,2,1.8,1,2.6,2.0,Medium,High,14,Wednesday,0,0
506,Medium,Incident,Portal,Standard,12,0,6.7,1,23.9,0.0,Medium,Medium,18,Friday,0,0
507,Critical,Incident,Portal,Standard,8,0,8.8,1,16.6,4.0,Low,Low,23,Tuesday,0,1
508,Low,Incident,Email,Standard,6,0,9.6,1,4.6,3.0,Medium,Medium,12,Tuesday,0,0
509,High,Incident,Email,Premium,8,0,9.1,1,11.3,1.0,Low,Low,19,Tuesday,1,0
510,Medium,Incident,Portal,Standard,6,0,3.0,1,10.7,2.0,Low,High,19,Friday,0,1
511,Low,Incident,Portal,Premium,9,1,7.3,1,26.9,2.0,Medium,Low,15,Saturday,0,1
512,High,Incident,Email,Standard,6,0,3.7,1,13.4,1.0,Low,Low,4,Friday,0,0
513,Medium,Access,Portal,Enterprise,6,5,13.1,1,20.4,1.0,Low,Low,3,Saturday,0,0
514,Medium,Incident,Email,Standard,7,1,3.3,1,16.7,3.0,Medium,Low,13,Monday,0,0
515,High,Incident,Email,Standard,13,0,1.6,1,8.9,3.0,Medium,Low,0,Saturday,0,0
516,Low,Problem,Monitoring,Standard,12,0,12.0,1,8.6,3.0,High,Low,0,Monday,0,0
517,High,Problem,Portal,Premium,9,1,9.9,1,10.7,1.0,Low,High,15,Saturday,0,0
518,High,Problem,Phone,Enterprise,4,2,13.0,3,7.2,2.0,Low,Low,15,Wednesday,1,0
519,Low,Incident,Portal,Standard,5,1,1.7,1,,5.0,High,Medium,17,Saturday,0,0
520,Low,Problem,Monitoring,Premium,7,1,12.3,1,8.9,3.0,Low,High,14,Thursday,0,0
521,High,Problem,Email,Standard,10,0,12.7,1,13.2,1.0,Low,Low,23,Tuesday,1,0
522,High,Incident,Portal,Standard,3,1,2.8,1,6.3,,High,Medium,4,Saturday,1,0
523,Low,Incident,Portal,Enterprise,5,1,10.2,1,14.1,1.0,Low,Medium,13,Tuesday,1,0
524,Medium,Service Request,Phone,Standard,11,4,6.1,1,9.5,1.0,Low,High,8,Wednesday,1,1
525,Medium,Incident,Email,Premium,12,0,10.9,3,6.8,1.0,Low,Low,21,Monday,0,0
526,Low,Incident,Portal,Standard,7,0,13.2,1,10.4,2.0,Medium,Medium,11,Tuesday,0,0
527,Low,Incident,Phone,Standard,4,2,1.3,2,4.7,2.0,Low,Medium,4,Tuesday,0,0
528,High,Incident,Portal,Standard,11,2,14.7,1,4.4,0.0,Low,Medium,8,Sunday,0,0
529,High,Service Request,Portal,Enterprise,4,1,11.5,2,6.1,1.0,Low,High,1,Thursday,0,0
530,High,Incident,Portal,Enterprise,6,0,2.1,1,6.1,1.0,Low,Low,1,Wednesday,0,1
531,Critical,Service Request,Email,Premium,12,1,7.2,4,9.4,0.0,Low,High,18,Friday,1,0
532,Medium,Access,Monitoring,Enterprise,6,3,,1,13.9,2.0,Low,Low,17,Wednesday,0,0
533,Low,Problem,Portal,Standard,10,0,13.1,2,10.8,2.0,Low,Low,15,Saturday,0,0
534,Low,Service Request,Portal,Standard,7,1,11.3,4,12.6,5.0,Medium,Medium,9,Monday,0,0
535,Medium,Incident,Email,Premium,6,0,1.4,1,13.8,1.0,Low,High,2,Tuesday,0,0
536,Critical,Problem,Portal,Standard,8,1,12.5,2,26.9,3.0,Medium,Medium,21,Thursday,0,1
537,Critical,Service Request,Portal,Enterprise,7,3,5.4,1,23.6,0.0,Medium,Low,22,Friday,1,1
538,High,Service Request,Email,Standard,4,2,7.2,2,6.6,4.0,Low,High,3,Friday,0,0
539,Critical,Incident,Portal,Standard,13,0,0.7,2,11.4,1.0,Medium,Low,8,Tuesday,0,0
540,Medium,Incident,Email,Standard,7,2,3.0,1,5.4,2.0,Low,Low,15,Saturday,0,0
541,Critical,Service Request,Email,Standard,9,1,3.7,2,4.3,1.0,Low,High,11,Saturday,0,0
542,High,Access,Portal,Premium,8,2,8.2,1,5.0,4.0,Medium,Low,22,Friday,0,1
543,Medium,Incident,Portal,Standard,5,1,12.8,1,7.7,2.0,Low,Medium,9,Saturday,0,1
544,Medium,Incident,Portal,Standard,6,0,6.3,1,4.0,2.0,Low,High,15,Saturday,0,0
545,Medium,Service Request,Portal,Standard,10,0,12.0,1,7.7,3.0,Medium,Medium,3,Monday,1,0
546,Medium,Incident,Portal,Enterprise,3,0,9.7,2,11.4,4.0,Low,Low,11,Saturday,1,0
547,Low,Incident,Portal,Standard,9,0,9.3,4,6.0,0.0,Low,Low,14,Tuesday,1,0
548,Medium,Problem,Email,Standard,10,2,0.8,1,18.6,1.0,Medium,High,5,Friday,0,1
549,Low,Problem,Email,Standard,9,0,10.2,3,4.8,1.0,Low,Low,15,Wednesday,0,0
550,Medium,Incident,Email,Premium,11,2,6.3,3,5.8,3.0,High,Medium,13,Wednesday,0,0
551,Medium,Service Request,Portal,Standard,7,3,10.4,2,5.3,4.0,High,Low,2,Tuesday,0,0
552,Medium,Access,Portal,Standard,8,1,8.1,3,10.1,3.0,Low,Low,23,Thursday,1,0
553,Low,Problem,Portal,Enterprise,7,0,10.0,1,5.6,3.0,High,Low,6,Friday,0,0
554,Low,Service Request,Email,Premium,8,2,7.3,1,7.5,1.0,Low,Medium,9,Saturday,0,0
555,Medium,Incident,Portal,Standard,12,3,13.7,2,2.6,3.0,Medium,Low,14,Monday,0,0
556,Critical,Problem,Email,Enterprise,4,1,6.9,1,5.8,2.0,Medium,Low,22,Thursday,0,0
557,Critical,Problem,Portal,Enterprise,3,1,12.6,1,16.2,1.0,Low,Low,11,Sunday,1,0
558,Low,Incident,Phone,Standard,8,1,9.0,1,17.2,4.0,Low,Medium,17,Sunday,1,0
559,Low,Incident,Portal,Enterprise,7,4,3.0,1,3.2,7.0,Low,High,14,Monday,0,1
560,Critical,Incident,Portal,Standard,14,0,11.5,2,7.8,0.0,Low,Low,3,Tuesday,0,0
561,High,Incident,Email,Standard,8,2,14.4,2,9.3,2.0,Low,Low,9,Saturday,0,0
562,Medium,Problem,Phone,Standard,8,0,13.4,2,18.9,,Low,Low,5,Monday,1,0
563,High,Incident,Monitoring,Standard,9,0,6.9,1,2.3,0.0,High,Medium,15,Friday,0,0
564,High,Service Request,Portal,Enterprise,7,3,7.4,3,11.6,2.0,Low,Medium,0,Sunday,0,0
565,High,Incident,Portal,Standard,9,1,14.7,1,7.7,1.0,Low,Low,20,Friday,1,0
566,Medium,Incident,Portal,Standard,8,1,5.4,3,4.3,3.0,Medium,Medium,3,Friday,1,0
567,Medium,Access,Email,Standard,9,3,5.8,1,23.4,1.0,High,Medium,10,Tuesday,0,1
568,Critical,Incident,Portal,Premium,8,1,6.2,2,6.3,1.0,Low,Low,9,Wednesday,1,1
569,Low,Service Request,Phone,Premium,8,0,4.4,1,13.0,6.0,Low,Low,9,Friday,0,1
570,High,Incident,Portal,Premium,6,4,9.1,1,3.2,3.0,Low,Medium,1,Saturday,0,0
571,Low,Incident,Email,Enterprise,10,2,7.5,4,14.1,0.0,High,High,3,Saturday,0,1
572,Medium,Incident,Phone,Standard,8,2,12.0,2,12.8,3.0,Low,Low,23,Saturday,1,1
573,Low,Incident,Portal,Enterprise,9,1,4.1,1,5.3,1.0,Low,Medium,17,Saturday,0,0
574,Low,Access,Phone,Standard,10,1,7.3,2,2.8,0.0,Low,High,23,Wednesday,0,0
575,Critical,Incident,Email,Standard,8,1,5.2,1,3.9,,Low,Medium,9,Tuesday,1,1
576,Medium,Problem,Portal,Standard,8,1,11.8,4,18.3,3.0,Medium,Low,1,Thursday,1,0
577,Critical,Incident,Phone,Standard,11,3,11.9,2,9.8,,Medium,High,10,Friday,0,0
578,Medium,Service Request,Portal,Premium,8,1,11.6,2,11.0,2.0,Low,Medium,15,Friday,0,0
579,High,Problem,Portal,Premium,13,0,8.7,1,21.6,1.0,Medium,Low,4,Saturday,0,0
580,Medium,Incident,Phone,Standard,8,1,11.9,1,6.5,2.0,Medium,High,15,Sunday,0,0
581,High,Service Request,Phone,Premium,11,3,14.8,3,13.1,5.0,Medium,Low,2,Saturday,0,0
582,Low,Service Request,Portal,Standard,7,1,14.4,1,6.6,1.0,Medium,Low,21,Thursday,0,0
583,High,Incident,Monitoring,Enterprise,6,1,8.6,2,13.0,2.0,Medium,Medium,12,Monday,1,1
584,High,Problem,Portal,Standard,12,0,11.8,2,,4.0,Medium,Low,10,Thursday,0,0
585,Medium,Service Request,Portal,Enterprise,6,1,1.2,1,12.6,3.0,Low,Low,6,Monday,1,0
586,Low,Incident,Monitoring,Premium,5,1,1.5,2,17.8,1.0,High,Medium,14,Thursday,0,1
587,Medium,Incident,Monitoring,Standard,5,0,6.3,1,5.3,1.0,Low,High,8,Saturday,1,0
588,High,Problem,Portal,Enterprise,11,0,7.9,1,18.7,0.0,Low,Low,23,Monday,1,0
589,Medium,Service Request,Email,Standard,11,1,10.8,2,16.4,1.0,Low,Medium,20,Thursday,1,1
590,Medium,Problem,Portal,Enterprise,6,2,2.9,4,8.3,4.0,Medium,High,17,Monday,0,0
591,Low,Service Request,Portal,Premium,11,1,7.4,1,5.5,1.0,Medium,Medium,2,Saturday,1,0
592,Low,Incident,Email,Standard,8,1,1.2,2,10.1,2.0,Low,High,15,Thursday,0,1
593,Critical,Incident,Phone,Premium,9,1,3.5,2,7.7,1.0,Low,High,19,Saturday,0,1
594,Medium,Incident,Phone,Premium,9,1,12.8,1,15.8,3.0,Low,Medium,11,Friday,0,0
595,Medium,Problem,Email,Standard,5,0,13.3,1,3.5,3.0,Low,Medium,1,Thursday,1,0
596,Medium,Problem,Portal,Standard,12,0,3.8,1,10.2,2.0,Medium,Medium,7,Thursday,0,0
597,Medium,Incident,Portal,Standard,7,1,14.1,2,20.2,0.0,Low,High,11,Sunday,0,0
598,Medium,Incident,Monitoring,Standard,7,0,9.3,2,2.6,2.0,Medium,Low,7,Tuesday,0,0
599,Medium,Problem,Email,Enterprise,5,1,10.1,1,25.9,0.0,Medium,Low,17,Thursday,0,0
600,Medium,Problem,Email,Enterprise,2,4,,1,6.6,3.0,Low,Low,21,Friday,0,1
601,High,Incident,Portal,Standard,7,2,1.5,1,4.9,2.0,Medium,Low,14,Tuesday,1,1
602,Medium,Problem,Portal,Standard,5,1,3.7,1,8.3,2.0,Medium,Low,21,Friday,0,0
603,Medium,Incident,Phone,Standard,11,0,1.3,1,,2.0,Medium,Low,22,Monday,1,1
604,Critical,Access,Email,Standard,8,2,7.0,1,7.8,1.0,Medium,Medium,17,Friday,0,0
605,Low,Service Request,Monitoring,Premium,7,0,2.6,1,0.7,0.0,Medium,Low,5,Friday,0,0
606,Medium,Service Request,Email,Standard,13,0,14.3,1,12.6,3.0,Low,Medium,13,Saturday,1,1
607,Low,Problem,Portal,Standard,10,2,7.1,2,17.2,4.0,Low,High,7,Saturday,1,1
608,Medium,Service Request,Phone,Premium,6,0,14.7,1,6.9,2.0,Low,Low,12,Friday,1,0
609,High,Problem,Portal,Standard,7,0,2.5,2,36.8,7.0,Low,Low,6,Thursday,1,1
610,Medium,Incident,Email,Premium,12,1,9.5,1,19.3,2.0,Low,Low,23,Tuesday,0,1
611,Medium,Incident,Portal,Standard,4,1,9.4,1,11.3,1.0,Low,Medium,11,Sunday,0,0
612,High,Incident,Phone,Standard,9,0,4.3,1,,2.0,Low,Low,11,Saturday,0,0
613,Medium,Access,Email,Premium,10,1,4.4,1,2.7,1.0,Medium,Low,18,Monday,0,0
614,High,Service Request,Portal,Premium,9,4,2.3,1,7.9,2.0,Medium,Low,16,Sunday,0,0
615,Low,Incident,Phone,Premium,8,1,0.6,1,5.9,1.0,Medium,Low,0,Wednesday,0,0
616,High,Service Request,Monitoring,Enterprise,9,1,11.8,1,18.1,2.0,Low,Low,2,Saturday,0,0
617,Medium,Problem,Monitoring,Premium,7,1,,1,11.3,1.0,High,Medium,20,Thursday,0,0
618,Low,Access,Email,Standard,8,2,2.4,2,7.4,2.0,High,Low,1,Sunday,0,0
619,Medium,Incident,Portal,Standard,7,2,13.6,1,6.0,2.0,Low,Medium,9,Sunday,0,0
620,Medium,Incident,Phone,Enterprise,4,2,7.9,1,7.1,1.0,Medium,Medium,3,Tuesday,0,1
621,High,Access,Portal,Standard,12,3,2.4,2,24.3,3.0,Low,Low,1,Friday,0,1
622,High,Incident,Portal,Enterprise,4,0,9.3,2,2.2,1.0,Low,Low,23,Saturday,0,0
623,Medium,Service Request,Email,Premium,8,5,14.0,1,6.3,1.0,Low,Low,23,Saturday,0,0
624,Low,Access,Portal,Premium,5,1,5.1,3,2.5,3.0,Medium,Low,15,Wednesday,0,0
625,Medium,Incident,Portal,Standard,8,0,2.3,1,12.6,3.0,Medium,Low,2,Tuesday,0,0
626,Low,Service Request,Portal,Standard,7,2,5.6,2,4.4,4.0,High,Low,2,Friday,0,0
627,Medium,Incident,Portal,Premium,7,1,7.0,1,8.3,3.0,Medium,Medium,17,Saturday,0,1
628,Low,Problem,Portal,Standard,8,0,2.7,3,21.7,1.0,Low,Low,9,Wednesday,0,1
629,Medium,Service Request,Monitoring,Enterprise,10,1,1.9,2,22.1,2.0,Low,Low,6,Friday,0,0
630,Medium,Access,Email,Premium,6,2,11.4,2,14.8,1.0,Low,High,1,Tuesday,0,1
631,High,Incident,Portal,Enterprise,3,0,5.9,2,8.4,2.0,Low,Medium,2,Thursday,0,0
632,Medium,Access,Phone,Premium,4,3,14.9,3,14.9,3.0,Medium,Low,4,Saturday,0,1
633,Medium,Incident,Phone,Standard,6,0,13.5,1,12.8,1.0,High,Low,8,Monday,0,0
634,Low,Service Request,Portal,Premium,13,1,12.8,2,,,High,Low,3,Monday,0,0
635,Medium,Access,Portal,Premium,2,0,13.4,2,7.2,1.0,Low,Low,22,Tuesday,0,0
636,High,Access,Email,Enterprise,2,1,13.2,3,,2.0,Medium,Low,21,Thursday,0,0
637,High,Problem,Portal,Enterprise,9,1,2.8,2,2.0,1.0,Low,High,6,Friday,0,1
638,High,Incident,Portal,Standard,10,0,12.1,1,10.0,2.0,Low,High,13,Saturday,1,0
639,Critical,Problem,Portal,Standard,6,3,5.9,1,23.0,1.0,High,High,9,Friday,0,1
640,Critical,Incident,Monitoring,Standard,4,2,1.1,1,3.8,0.0,Low,Low,2,Monday,0,0
641,Medium,Incident,Portal,Enterprise,6,1,6.7,1,11.8,4.0,Low,Low,15,Friday,0,1
642,Low,Access,Portal,Standard,10,0,12.8,1,14.7,1.0,Medium,Medium,16,Tuesday,0,0
643,High,Incident,Email,Premium,12,0,,1,12.6,1.0,Low,Low,3,Friday,0,0
644,Critical,Incident,Phone,Premium,6,1,12.9,3,14.0,4.0,Medium,Low,20,Saturday,0,0
645,Low,Problem,Phone,Standard,7,1,7.9,1,10.1,2.0,Medium,Low,3,Thursday,0,0
646,Low,Service Request,Monitoring,Standard,12,0,8.1,1,5.7,2.0,Low,Low,18,Wednesday,1,0
647,Medium,Incident,Phone,Standard,8,3,8.4,1,10.7,0.0,Low,Medium,4,Sunday,1,0
648,High,Incident,Monitoring,Premium,16,0,10.2,1,4.7,1.0,Medium,Low,23,Tuesday,0,0
649,Medium,Problem,Email,Premium,11,1,7.8,1,5.1,4.0,High,Low,0,Monday,0,0
650,Medium,Problem,Phone,Enterprise,4,0,12.3,3,19.1,1.0,High,Medium,17,Thursday,0,0
651,Medium,Incident,Email,Standard,3,1,3.4,1,9.5,1.0,Medium,Low,8,Monday,1,0
652,Medium,Incident,Email,Standard,14,2,11.6,2,3.4,2.0,High,Low,11,Friday,1,0
653,High,Incident,Phone,Premium,10,2,2.9,3,16.6,0.0,Low,High,21,Sunday,0,0
654,High,Access,Phone,Standard,5,1,10.8,2,3.3,,Low,Low,8,Saturday,1,0
655,Medium,Incident,Portal,Premium,5,2,8.5,1,17.5,1.0,Low,Medium,11,Tuesday,0,0
656,Critical,Incident,Email,Premium,9,2,10.1,2,10.2,1.0,Low,Medium,3,Sunday,0,1
657,Medium,Incident,Phone,Premium,7,2,1.7,1,2.7,3.0,Low,High,20,Sunday,0,0
658,High,Service Request,Phone,Enterprise,10,1,1.5,1,8.4,0.0,Medium,Low,6,Thursday,0,0
659,Medium,Service Request,Portal,Premium,8,3,6.1,2,12.6,4.0,Low,Medium,23,Friday,1,0
660,Medium,Service Request,Phone,Standard,10,1,7.8,1,6.5,0.0,Low,High,23,Sunday,1,1
661,Medium,Incident,Monitoring,Premium,9,3,1.9,1,4.2,2.0,Low,High,19,Sunday,0,1
662,High,Access,Portal,Premium,9,0,8.0,3,5.5,,Medium,High,11,Saturday,0,1
663,Critical,Incident,Email,Standard,8,1,7.4,3,10.3,4.0,Low,Low,23,Tuesday,0,1
664,Medium,Incident,Portal,Premium,9,1,5.2,2,14.5,2.0,Low,High,8,Thursday,0,0
665,Low,Service Request,Portal,Enterprise,10,4,3.2,1,29.3,1.0,High,Low,22,Tuesday,0,1
666,Medium,Access,Monitoring,Premium,6,1,7.9,1,0.5,2.0,Low,Medium,6,Tuesday,0,0
667,Critical,Access,Portal,Premium,10,0,10.7,1,11.0,1.0,Medium,Low,11,Friday,0,1
668,High,Incident,Portal,Standard,5,1,0.8,2,13.2,2.0,High,Low,18,Saturday,0,1
669,High,Incident,Email,Standard,9,0,3.1,2,,1.0,Low,Medium,10,Monday,0,1
670,Medium,Incident,Phone,Premium,10,1,10.2,1,11.1,3.0,Medium,Low,0,Tuesday,0,0
671,Low,Problem,Portal,Standard,9,0,4.5,2,9.9,0.0,Low,Low,14,Monday,1,0
672,Low,Incident,Portal,Premium,4,1,5.7,2,2.4,3.0,Low,Low,1,Wednesday,0,1
673,Medium,Incident,Phone,Premium,8,0,10.3,1,9.6,1.0,High,Low,6,Sunday,0,0
674,High,Incident,Portal,Premium,10,1,5.1,1,6.9,4.0,Medium,Low,21,Thursday,1,1
675,Low,Service Request,Portal,Enterprise,8,1,8.9,3,13.3,1.0,Low,Medium,14,Monday,0,1
676,Low,Incident,Monitoring,Premium,2,3,1.1,3,5.3,5.0,Medium,Low,19,Tuesday,1,1
677,Medium,Problem,Portal,Standard,10,0,2.8,1,4.3,4.0,Medium,Low,22,Sunday,0,1
678,High,Problem,Phone,Premium,7,1,8.2,2,8.3,0.0,High,High,18,Tuesday,0,1
679,Medium,Service Request,Email,Premium,6,1,14.1,2,4.5,4.0,Low,Low,8,Tuesday,0,0
680,Low,Service Request,Portal,Premium,7,0,9.4,2,11.9,5.0,Medium,Medium,6,Friday,0,0
681,Low,Service Request,Phone,Standard,13,0,11.0,4,2.2,2.0,High,High,1,Friday,0,0
682,Medium,Incident,Phone,Standard,6,1,8.9,1,9.2,3.0,Low,Medium,3,Saturday,0,0
683,High,Incident,Portal,Standard,9,3,1.4,2,11.5,3.0,High,Low,7,Wednesday,1,1
684,High,Problem,Phone,Enterprise,8,0,,2,14.7,4.0,Low,Low,0,Wednesday,0,1
685,Low,Incident,Email,Standard,3,1,,1,16.3,3.0,Medium,Low,19,Saturday,1,1
686,Medium,Incident,Monitoring,Standard,8,4,3.7,1,4.7,1.0,Low,Low,15,Wednesday,1,0
687,Medium,Service Request,Phone,Standard,6,0,14.4,1,5.6,2.0,Medium,Medium,19,Friday,0,0
688,Medium,Incident,Phone,Enterprise,8,5,5.9,1,6.8,2.0,Low,Low,10,Thursday,0,0
689,Low,Service Request,Phone,Standard,7,1,13.4,1,13.5,4.0,Low,High,18,Friday,0,0
690,Low,Service Request,Email,Premium,6,1,,1,7.1,4.0,Medium,Low,15,Saturday,1,1
691,Critical,Incident,Portal,Enterprise,5,0,5.5,2,7.1,0.0,Low,Low,2,Saturday,0,0
692,Medium,Incident,Phone,Enterprise,10,2,6.4,3,12.3,4.0,Low,Low,22,Thursday,0,1
693,Critical,Incident,Portal,Enterprise,11,2,4.6,2,9.8,4.0,Low,Low,12,Sunday,1,1
694,Medium,Problem,Portal,Standard,10,0,8.6,2,19.7,4.0,Medium,Low,19,Monday,1,1
695,Low,Incident,Portal,Premium,10,1,9.5,1,5.7,3.0,High,Low,20,Sunday,0,0
696,Medium,Service Request,Portal,Enterprise,12,0,1.4,1,6.9,0.0,Low,High,18,Saturday,1,1
697,Critical,Problem,Phone,Standard,9,3,11.9,1,8.3,1.0,Medium,Low,14,Sunday,0,0
698,Low,Problem,Phone,Standard,10,1,1.7,2,4.1,1.0,Low,Medium,17,Thursday,0,1
699,High,Incident,Portal,Premium,7,1,1.6,1,12.6,1.0,High,Low,2,Tuesday,0,1
700,Medium,Incident,Portal,Standard,9,1,0.8,2,1.9,3.0,Medium,Low,2,Thursday,0,0
701,High,Incident,Email,Standard,14,1,9.0,1,2.4,3.0,High,Medium,2,Wednesday,0,0
702,Medium,Incident,Monitoring,Standard,10,2,3.6,2,15.0,1.0,High,Medium,20,Friday,0,1
703,Medium,Service Request,Phone,Premium,8,2,10.3,3,11.8,1.0,Medium,Low,6,Wednesday,0,0
704,Low,Service Request,Portal,Premium,13,1,8.7,2,3.7,0.0,Medium,Medium,11,Thursday,0,0
705,Low,Access,Portal,Enterprise,6,0,3.3,1,20.2,0.0,High,Low,9,Monday,1,1
706,Low,Incident,Portal,Premium,6,1,14.6,1,8.6,2.0,Low,Medium,19,Friday,1,0
707,Medium,Incident,Phone,Standard,6,2,8.6,1,22.0,1.0,Medium,Medium,22,Wednesday,0,1
708,Medium,Service Request,Phone,Premium,6,4,3.0,1,5.9,1.0,High,Medium,2,Monday,1,1
709,Low,Service Request,Phone,Enterprise,13,2,7.4,1,15.2,1.0,Low,Medium,14,Monday,0,0
710,High,Incident,Portal,Premium,7,0,1.8,1,3.1,,Medium,Low,0,Monday,0,0
711,Low,Problem,Portal,Premium,9,2,0.8,2,12.0,0.0,Medium,Medium,20,Tuesday,1,1
712,High,Problem,Email,Premium,10,1,13.5,4,12.5,0.0,Medium,Medium,8,Saturday,0,0
713,High,Incident,Email,Premium,6,1,10.2,1,7.8,,Medium,Low,9,Friday,0,0
714,Critical,Access,Portal,Enterprise,4,1,6.5,3,12.1,6.0,High,Low,12,Wednesday,1,1
715,Low,Service Request,Phone,Standard,5,0,7.6,3,2.1,12.0,Low,Medium,16,Friday,0,0
716,Medium,Service Request,Portal,Enterprise,7,3,,1,4.6,3.0,Medium,Low,6,Tuesday,1,0
717,High,Incident,Email,Standard,9,0,1.7,2,2.9,4.0,Low,Low,16,Tuesday,0,0
718,Medium,Problem,Email,Standard,6,1,,3,11.7,0.0,High,Low,1,Sunday,0,0
719,Medium,Service Request,Email,Standard,8,0,13.6,1,14.7,2.0,Low,High,12,Friday,0,0
720,Medium,Access,Monitoring,Premium,3,0,10.1,1,13.4,0.0,Low,High,8,Wednesday,0,0
721,Medium,Incident,Portal,Standard,6,3,2.1,2,9.5,3.0,Medium,Medium,13,Saturday,0,1
722,Medium,Problem,Monitoring,Standard,9,1,6.7,2,4.6,3.0,Medium,High,20,Monday,0,0
723,Medium,Access,Phone,Premium,7,1,7.6,3,3.1,,Low,High,14,Sunday,0,0
724,Low,Problem,Portal,Premium,7,1,8.9,1,5.8,2.0,Low,Low,11,Friday,1,0
725,High,Problem,Phone,Premium,11,1,1.2,1,22.7,5.0,Medium,Medium,23,Tuesday,0,1
726,Low,Incident,Portal,Standard,5,1,1.5,2,4.3,1.0,Low,Low,6,Saturday,0,1
727,Medium,Incident,Monitoring,Enterprise,8,1,1.6,2,2.0,1.0,Medium,Low,15,Tuesday,1,0
728,Medium,Service Request,Portal,Standard,7,5,4.2,2,2.0,3.0,Low,Low,0,Friday,0,0
729,Medium,Incident,Portal,Standard,8,1,5.8,1,7.9,,Medium,Low,10,Sunday,0,0
730,Low,Incident,Phone,Standard,7,1,0.8,1,10.5,2.0,Medium,Medium,2,Saturday,0,0
731,Low,Service Request,Monitoring,Premium,12,0,4.4,1,13.5,2.0,Medium,Low,15,Wednesday,0,1
732,High,Access,Portal,Premium,5,1,5.2,1,4.4,2.0,Medium,Low,13,Thursday,0,0
733,Low,Service Request,Portal,Standard,12,1,11.1,1,11.2,0.0,Medium,Medium,10,Tuesday,0,0
734,Low,Incident,Portal,Standard,9,1,1.9,2,16.5,2.0,Low,Low,20,Monday,0,1
735,Low,Incident,Portal,Standard,8,2,14.1,1,20.7,3.0,Medium,Low,22,Tuesday,0,0
736,Medium,Service Request,Email,Standard,7,2,3.2,2,4.4,3.0,Medium,Medium,21,Saturday,1,0
737,High,Service Request,Email,Premium,12,2,7.9,2,12.2,2.0,Low,Low,13,Wednesday,0,0
738,High,Incident,Portal,Premium,6,1,10.6,2,5.3,3.0,Low,High,9,Saturday,0,0
739,Medium,Incident,Monitoring,Premium,8,3,11.3,1,7.9,3.0,Low,Low,20,Thursday,0,0
740,Low,Incident,Email,Standard,8,0,5.8,1,7.7,0.0,Low,Low,4,Saturday,0,0
741,High,Problem,Portal,Standard,9,0,7.7,1,10.2,4.0,Low,Low,23,Tuesday,0,0
742,Medium,Incident,Monitoring,Premium,4,1,4.8,2,5.7,2.0,Low,Low,14,Monday,0,0
743,Critical,Access,Phone,Standard,9,3,2.5,2,3.0,1.0,High,Medium,20,Tuesday,1,0
744,Critical,Access,Portal,Premium,3,0,1.9,1,8.9,0.0,Low,Low,6,Wednesday,0,1
745,Critical,Service Request,Portal,Standard,11,1,0.8,1,,3.0,High,Low,5,Thursday,1,1
746,Medium,Incident,Phone,Enterprise,11,1,8.4,1,27.4,1.0,Medium,High,9,Friday,0,0
747,High,Service Request,Email,Standard,7,1,9.2,2,3.7,1.0,Medium,Medium,14,Tuesday,0,0
748,Medium,Problem,Email,Standard,4,0,13.1,1,26.5,1.0,Low,Low,11,Thursday,0,1
749,Critical,Incident,Phone,Standard,6,1,9.6,1,7.4,2.0,Medium,Medium,1,Wednesday,0,1
750,Medium,Incident,Portal,Premium,4,0,6.0,1,6.1,1.0,Low,Medium,16,Sunday,0,0
751,Medium,Access,Email,Premium,8,2,10.3,1,8.1,2.0,Low,Low,23,Thursday,1,0
752,High,Service Request,Email,Standard,7,0,2.4,1,1.6,2.0,Low,Low,4,Tuesday,0,0
753,High,Service Request,Email,Standard,7,4,2.1,1,6.0,3.0,Medium,Medium,6,Sunday,0,1
754,High,Incident,Phone,Standard,6,2,3.0,2,7.0,2.0,Medium,Low,11,Sunday,0,1
755,High,Incident,Monitoring,Standard,12,0,9.3,4,15.2,1.0,Low,Low,11,Saturday,0,0
756,Medium,Service Request,Portal,Enterprise,11,1,9.0,1,1.2,2.0,Medium,Medium,13,Monday,0,0
757,Medium,Incident,Portal,Premium,11,0,12.2,3,6.5,4.0,Medium,Low,11,Thursday,0,0
758,Low,Service Request,Portal,Enterprise,8,2,13.9,1,7.3,1.0,Low,Medium,16,Wednesday,0,0
759,Medium,Access,Portal,Premium,8,4,10.4,2,4.3,3.0,Low,Medium,3,Sunday,0,0
760,High,Incident,Phone,Standard,10,1,7.9,1,17.6,0.0,High,Medium,18,Monday,0,1
761,Low,Service Request,Email,Standard,6,3,5.0,2,18.8,0.0,Low,Low,11,Sunday,0,0
762,Low,Incident,Portal,Standard,8,0,0.5,1,15.6,1.0,High,Low,4,Thursday,1,0
763,High,Service Request,Phone,Standard,4,0,12.6,2,18.3,,Low,Low,2,Wednesday,1,0
764,Low,Service Request,Email,Premium,11,1,14.8,2,7.2,4.0,High,Low,19,Monday,0,0
765,Medium,Incident,Phone,Premium,10,0,10.8,2,20.8,3.0,High,Medium,7,Sunday,0,0
766,Low,Problem,Portal,Enterprise,9,2,2.6,1,6.6,3.0,Medium,Medium,12,Friday,1,0
767,Low,Incident,Email,Standard,10,0,10.2,1,12.1,3.0,Low,Medium,2,Monday,0,0
768,Medium,Problem,Portal,Standard,9,2,14.1,2,1.7,1.0,Medium,Low,1,Wednesday,1,0
769,Medium,Problem,Portal,Standard,7,3,3.5,1,4.9,1.0,Low,Medium,1,Tuesday,0,0
770,Medium,Service Request,Portal,Standard,13,1,11.0,1,1.2,4.0,Medium,High,12,Sunday,0,0
771,High,Service Request,Portal,Standard,9,1,2.1,1,9.9,2.0,Medium,Medium,22,Monday,0,0
772,Medium,Access,Phone,Standard,8,0,5.2,1,7.3,3.0,Low,Medium,16,Saturday,1,1
773,Medium,Incident,Portal,Standard,9,2,7.1,2,14.3,1.0,Medium,Low,20,Friday,0,0
774,Medium,Incident,Portal,Premium,8,0,6.6,1,6.5,3.0,Low,Low,14,Saturday,0,0
775,Low,Service Request,Email,Enterprise,6,2,5.3,1,2.5,3.0,Medium,High,11,Sunday,1,0
776,Low,Incident,Email,Enterprise,10,3,5.8,1,8.6,1.0,Low,Medium,19,Saturday,0,0
777,Medium,Incident,Portal,Standard,7,0,12.2,1,9.4,2.0,Medium,Low,21,Wednesday,0,0
778,Low,Problem,Phone,Enterprise,10,0,14.9,2,10.6,2.0,High,Low,6,Thursday,0,0
779,High,Access,Email,Standard,8,1,11.7,3,5.6,2.0,Low,Low,5,Sunday,0,0
780,Critical,Incident,Email,Standard,10,1,10.1,2,6.7,2.0,Medium,High,9,Saturday,0,0
781,Low,Service Request,Phone,Standard,10,5,8.7,1,5.4,1.0,Medium,Low,9,Sunday,0,0
782,Medium,Service Request,Email,Standard,9,2,9.4,2,9.6,4.0,Low,Low,10,Friday,1,1
783,High,Service Request,Portal,Premium,8,2,11.5,2,0.8,3.0,High,Medium,3,Tuesday,0,0
784,Medium,Incident,Portal,Enterprise,8,1,12.3,1,5.8,,Low,Medium,3,Tuesday,0,1
785,Low,Incident,Phone,Standard,4,1,1.8,1,1.3,2.0,Medium,High,20,Sunday,0,0
786,Low,Incident,Email,Premium,8,4,9.7,1,4.0,2.0,Low,Low,21,Friday,1,0
787,Medium,Problem,Email,Standard,10,0,14.6,1,3.0,2.0,Low,Medium,19,Tuesday,1,0
788,Medium,Incident,Phone,Standard,7,0,6.2,3,5.7,0.0,Low,High,3,Tuesday,0,0
789,Critical,Service Request,Phone,Standard,11,0,7.4,1,6.8,1.0,Low,Medium,20,Tuesday,0,0
790,Low,Incident,Phone,Enterprise,6,0,9.1,4,10.7,1.0,Low,Medium,3,Sunday,0,0
791,Low,Incident,Phone,Premium,4,1,11.2,1,4.8,1.0,Medium,Medium,18,Saturday,0,0
792,Low,Incident,Portal,Enterprise,6,2,4.3,2,2.8,2.0,High,Medium,5,Tuesday,1,1
793,High,Incident,Phone,Enterprise,7,4,13.2,3,6.5,1.0,Medium,Medium,17,Friday,0,0
794,Medium,Incident,Monitoring,Standard,14,1,,1,13.7,1.0,Medium,Medium,4,Wednesday,0,0
795,Medium,Incident,Phone,Standard,6,1,2.5,2,4.4,0.0,Medium,High,23,Saturday,0,0
796,High,Incident,Portal,Enterprise,7,0,,3,7.1,0.0,Medium,High,5,Saturday,0,0
797,Low,Incident,Email,Premium,7,0,2.6,2,33.0,1.0,High,High,0,Wednesday,1,1
798,Medium,Access,Phone,Standard,12,0,11.9,2,2.5,1.0,Medium,High,15,Monday,0,0
799,High,Incident,Portal,Enterprise,12,0,8.5,1,3.0,1.0,High,Medium,11,Wednesday,0,0
800,High,Access,Email,Premium,6,4,14.5,2,6.3,4.0,Medium,Low,13,Tuesday,0,1
801,Medium,Service Request,Portal,Standard,3,0,11.6,2,0.6,2.0,High,Low,11,Tuesday,0,0
802,Medium,Incident,Phone,Premium,7,1,8.5,2,6.0,2.0,Medium,Medium,9,Tuesday,0,0
803,Medium,Incident,Portal,Premium,6,0,10.9,1,4.0,1.0,Low,Medium,16,Thursday,0,0
804,Critical,Problem,Portal,Enterprise,4,1,1.3,1,7.3,5.0,Low,Medium,17,Wednesday,0,0
805,Critical,Service Request,Portal,Premium,13,0,13.5,2,11.3,4.0,Low,Low,22,Friday,0,0
806,Medium,Service Request,Portal,Enterprise,5,1,12.4,1,11.8,7.0,Low,Medium,18,Sunday,0,0
807,High,Service Request,Portal,Enterprise,5,0,3.4,1,,1.0,Low,High,5,Thursday,0,1
808,Medium,Incident,Email,Standard,7,2,3.0,1,9.1,1.0,Medium,Low,22,Sunday,0,1
809,High,Incident,Email,Enterprise,3,0,15.0,2,5.9,0.0,High,High,21,Saturday,0,0
810,Low,Incident,Portal,Premium,7,0,8.1,3,2.6,3.0,Low,Medium,9,Wednesday,0,0
811,Medium,Incident,Portal,Premium,10,1,13.8,2,16.2,2.0,Low,Low,0,Thursday,0,0
812,Low,Incident,Portal,Standard,8,0,14.8,1,17.4,0.0,Medium,Low,18,Tuesday,0,0
813,Medium,Service Request,Portal,Standard,9,1,12.0,2,18.9,0.0,Medium,Medium,21,Sunday,1,1
814,Medium,Incident,Portal,Standard,5,1,14.7,1,5.0,0.0,Low,High,16,Thursday,0,0
815,Low,Incident,Email,Standard,7,2,9.7,2,7.9,1.0,Low,High,0,Monday,1,0
816,Low,Incident,Phone,Enterprise,7,3,12.0,1,4.5,2.0,Low,Medium,21,Sunday,0,0
817,High,Incident,Portal,Standard,9,2,7.1,2,,1.0,Medium,Low,14,Saturday,0,1
818,High,Service Request,Phone,Standard,6,1,2.9,4,10.9,0.0,Medium,Low,20,Friday,0,0
819,High,Service Request,Email,Standard,11,0,13.4,1,5.1,0.0,Low,Low,2,Thursday,0,1
820,Critical,Incident,Phone,Premium,7,2,14.2,1,5.2,3.0,Low,High,1,Friday,0,0
821,Medium,Service Request,Portal,Premium,11,1,8.3,1,7.2,,Medium,Medium,9,Wednesday,0,1
822,Critical,Service Request,Email,Premium,3,1,9.0,1,12.1,2.0,High,Medium,18,Wednesday,1,1
823,High,Incident,Email,Standard,9,1,11.7,1,21.1,2.0,High,Low,15,Wednesday,0,1
824,High,Incident,Monitoring,Standard,14,2,9.1,1,3.2,2.0,Low,High,13,Sunday,0,0
825,Low,Incident,Email,Standard,7,1,11.3,2,3.3,1.0,Low,Low,6,Thursday,0,0
826,Medium,Service Request,Phone,Enterprise,8,3,4.4,1,8.3,1.0,Medium,Low,23,Wednesday,0,0
827,Medium,Incident,Email,Premium,10,3,10.8,1,4.0,3.0,Medium,High,16,Friday,1,0
828,High,Incident,Phone,Premium,12,1,7.9,1,21.6,0.0,Medium,Low,1,Thursday,1,0
829,High,Service Request,Portal,Enterprise,12,0,14.4,1,18.8,0.0,Medium,Low,9,Saturday,0,0
830,High,Service Request,Phone,Standard,6,0,10.1,3,16.2,1.0,High,Medium,16,Thursday,1,1
831,High,Service Request,Portal,Premium,6,3,4.4,3,18.1,3.0,Medium,Low,5,Friday,0,1
832,Medium,Service Request,Portal,Standard,15,2,3.7,1,2.0,3.0,Low,Low,7,Sunday,0,0
833,Low,Incident,Portal,Standard,7,2,6.9,1,5.1,3.0,High,Medium,22,Wednesday,0,1
834,High,Problem,Phone,Enterprise,9,2,13.2,1,19.5,,Low,High,14,Saturday,0,1
835,Medium,Incident,Portal,Premium,7,1,14.4,2,11.7,2.0,Medium,High,21,Friday,1,0
836,Low,Service Request,Portal,Premium,4,1,8.3,3,3.4,2.0,Low,Low,1,Monday,0,0
837,Low,Access,Monitoring,Enterprise,12,0,7.0,1,16.9,3.0,Medium,Medium,12,Tuesday,0,0
838,Medium,Problem,Portal,Standard,6,0,12.2,1,5.3,2.0,Low,Low,9,Saturday,0,0
839,Critical,Service Request,Monitoring,Premium,7,1,5.2,1,1.8,6.0,Medium,Medium,23,Saturday,1,0
840,Critical,Problem,Phone,Enterprise,10,1,0.5,1,6.9,1.0,Low,Medium,5,Saturday,0,0
841,Low,Incident,Phone,Standard,12,0,9.1,1,,1.0,Medium,Low,5,Monday,0,0
842,Low,Service Request,Email,Standard,6,2,13.0,2,15.2,2.0,Medium,Low,18,Saturday,1,0
843,Critical,Incident,Email,Premium,7,0,8.2,1,10.2,1.0,High,Low,23,Thursday,1,1
844,High,Access,Email,Premium,10,3,0.7,1,3.6,2.0,Low,Medium,3,Friday,0,0
845,Medium,Incident,Phone,Standard,8,1,3.6,2,18.8,1.0,High,Medium,3,Monday,1,1
846,Low,Incident,Email,Standard,5,1,12.9,2,10.8,3.0,Medium,Low,15,Saturday,0,0
847,Low,Service Request,Portal,Standard,4,1,3.5,1,7.5,3.0,Low,Medium,13,Thursday,0,0
848,High,Service Request,Portal,Standard,9,2,1.2,3,23.7,1.0,Low,Low,21,Friday,1,1
849,High,Incident,Email,Enterprise,4,2,2.9,1,5.8,2.0,Medium,Medium,2,Friday,0,1
850,High,Incident,Portal,Standard,2,1,2.4,1,12.4,2.0,High,Low,4,Thursday,1,1
851,Medium,Incident,Portal,Standard,5,1,2.4,1,5.5,3.0,Medium,Medium,2,Friday,0,0
852,Low,Problem,Portal,Premium,11,1,13.2,1,2.9,3.0,Medium,Low,1,Tuesday,0,0
853,Low,Incident,Portal,Premium,8,1,2.6,1,4.9,2.0,Medium,Medium,4,Saturday,1,0
854,Medium,Incident,Phone,Standard,11,3,1.4,2,15.0,1.0,Low,Low,15,Friday,0,1
855,Low,Access,Portal,Standard,10,1,1.7,1,15.4,7.0,Medium,High,17,Friday,0,1
856,High,Service Request,Email,Premium,7,0,1.9,1,7.7,1.0,High,Low,17,Thursday,0,0
857,Low,Problem,Portal,Premium,16,1,3.4,1,20.7,4.0,Low,High,21,Wednesday,0,1
858,Medium,Incident,Portal,Standard,4,1,12.7,1,5.1,3.0,Low,Medium,13,Friday,0,0
859,High,Incident,Email,Premium,8,1,10.6,3,3.5,4.0,Low,Medium,15,Thursday,0,0
860,Medium,Incident,Portal,Standard,8,1,10.9,1,4.9,3.0,Low,Medium,5,Wednesday,0,0
861,High,Incident,Email,Standard,7,2,13.7,1,16.3,0.0,Medium,Medium,22,Tuesday,0,0
862,High,Service Request,Monitoring,Standard,9,1,7.7,1,8.6,2.0,Low,High,10,Sunday,0,0
863,Medium,Incident,Email,Standard,9,2,14.6,2,9.4,1.0,Medium,Medium,16,Thursday,0,1
864,High,Incident,Email,Enterprise,5,1,0.5,2,11.0,1.0,Low,High,10,Sunday,0,0
865,Medium,Incident,Email,Premium,17,1,6.6,2,2.7,3.0,Low,Low,3,Saturday,1,0
866,High,Incident,Portal,Premium,4,0,4.8,3,14.3,2.0,Medium,Medium,21,Sunday,0,0
867,Low,Incident,Email,Premium,8,2,10.8,1,6.1,3.0,Low,Low,21,Saturday,0,1
868,Critical,Incident,Email,Standard,8,0,4.6,1,1.9,0.0,Low,Low,6,Thursday,0,0
869,Low,Problem,Phone,Standard,4,1,1.0,2,4.5,1.0,High,Low,16,Tuesday,0,1
870,High,Access,Monitoring,Standard,9,0,11.4,1,8.8,1.0,High,Low,14,Thursday,0,0
871,Critical,Incident,Portal,Enterprise,7,1,14.3,3,10.0,2.0,High,Medium,6,Friday,0,0
872,Medium,Problem,Monitoring,Enterprise,3,2,14.7,1,1.7,1.0,Medium,Low,16,Wednesday,0,0
873,Critical,Problem,Portal,Premium,6,0,7.2,2,0.7,1.0,Medium,Low,3,Tuesday,1,0
874,High,Access,Monitoring,Premium,10,3,11.2,2,13.1,3.0,Medium,Medium,9,Saturday,0,1
875,Low,Incident,Email,Premium,5,3,10.9,1,7.5,3.0,Low,Low,4,Saturday,1,0
876,Medium,Incident,Email,Standard,13,1,7.1,2,7.2,0.0,Low,High,21,Friday,0,0
877,Low,Incident,Email,Premium,7,1,13.5,1,10.5,0.0,High,High,23,Sunday,0,0
878,Low,Service Request,Portal,Premium,9,2,,3,6.0,2.0,Low,Low,21,Saturday,1,0
879,High,Service Request,Email,Standard,9,0,3.8,1,7.9,0.0,Medium,Low,21,Thursday,0,1
880,Low,Service Request,Email,Enterprise,10,1,6.6,2,5.0,2.0,Medium,Low,2,Saturday,0,0
881,Medium,Incident,Portal,Enterprise,10,1,9.1,1,15.8,2.0,High,Medium,6,Friday,1,1
882,Medium,Incident,Portal,Standard,4,3,9.5,3,10.8,1.0,Low,Medium,11,Saturday,0,0
883,High,Incident,Portal,Standard,13,1,14.7,2,2.2,5.0,Medium,High,10,Tuesday,1,0
884,Medium,Incident,Portal,Premium,7,2,4.4,2,12.0,1.0,Low,Low,8,Saturday,1,1
885,Low,Incident,Phone,Enterprise,9,2,13.2,2,15.2,2.0,Medium,Low,21,Saturday,0,1
886,High,Service Request,Phone,Enterprise,7,2,6.9,1,8.7,2.0,Low,Low,18,Wednesday,0,0
887,Medium,Service Request,Portal,Standard,14,0,3.4,2,9.8,4.0,Medium,Low,1,Saturday,0,0
888,Medium,Service Request,Phone,Enterprise,8,1,3.2,1,4.5,1.0,Medium,Medium,6,Saturday,0,0
889,Medium,Service Request,Phone,Enterprise,6,3,8.0,2,6.0,3.0,Medium,Low,5,Thursday,0,0
890,Low,Incident,Portal,Standard,13,2,3.4,1,9.5,1.0,Low,High,10,Wednesday,1,1
891,Medium,Access,Portal,Premium,10,2,7.0,1,16.8,0.0,High,Low,18,Wednesday,0,0
892,High,Incident,Portal,Standard,8,2,4.4,1,17.4,2.0,Low,Medium,16,Monday,1,1
893,Medium,Access,Portal,Standard,7,0,9.6,4,15.7,2.0,Low,High,3,Sunday,0,0
894,High,Problem,Portal,Premium,5,2,,1,17.5,1.0,Low,High,21,Tuesday,1,1
895,High,Access,Email,Standard,6,0,7.1,4,15.9,3.0,Low,Low,23,Monday,0,0
896,Low,Access,Monitoring,Premium,8,1,8.2,4,17.1,4.0,Medium,Low,11,Wednesday,0,0
897,Medium,Incident,Portal,Standard,8,3,8.3,1,11.2,4.0,Medium,Medium,3,Sunday,0,0
898,Medium,Problem,Phone,Premium,8,0,9.0,1,7.4,2.0,Low,Low,14,Friday,0,1
899,High,Problem,Email,Standard,10,0,1.0,1,15.8,2.0,Medium,High,0,Monday,0,1
900,Low,Incident,Portal,Standard,8,0,4.7,1,8.7,,Low,Medium,17,Monday,0,0
901,Medium,Service Request,Phone,Standard,9,4,,1,7.0,3.0,Medium,Low,15,Wednesday,1,0
902,Low,Incident,Portal,Enterprise,9,0,1.1,2,1.9,,Low,Low,20,Tuesday,0,0
903,High,Incident,Portal,Enterprise,15,2,13.9,4,6.3,2.0,High,Low,5,Saturday,0,0
904,High,Problem,Monitoring,Enterprise,15,1,2.6,1,10.2,1.0,Medium,Low,21,Wednesday,0,1
905,High,Incident,Phone,Enterprise,8,1,6.7,1,9.1,2.0,Medium,Low,8,Monday,0,0
906,Low,Incident,Portal,Standard,5,1,0.5,2,9.9,2.0,Medium,Low,15,Tuesday,1,0
907,Critical,Service Request,Phone,Enterprise,9,5,4.6,1,9.2,1.0,Medium,Low,14,Tuesday,0,0
908,High,Service Request,Portal,Standard,9,0,10.5,2,9.0,2.0,Low,Low,14,Thursday,0,0
909,High,Service Request,Phone,Standard,6,1,0.7,3,21.1,4.0,Low,High,3,Tuesday,1,1
910,Critical,Service Request,Monitoring,Premium,9,2,12.1,1,11.6,0.0,Low,Low,9,Monday,0,0
911,Critical,Service Request,Monitoring,Standard,10,1,10.1,2,4.2,0.0,Low,Medium,5,Monday,0,0
912,High,Incident,Phone,Premium,8,3,8.1,2,,2.0,Medium,High,3,Friday,0,0
913,Medium,Problem,Portal,Standard,6,1,,3,1.9,3.0,Medium,High,3,Monday,0,0
914,Medium,Problem,Portal,Premium,4,2,8.1,1,9.0,2.0,Low,Medium,23,Friday,0,0
915,High,Incident,Phone,Standard,10,0,2.7,2,8.1,0.0,Medium,Medium,20,Saturday,1,1
916,Low,Incident,Portal,Premium,11,2,7.3,1,17.7,0.0,Medium,High,10,Wednesday,1,1
917,Low,Incident,Email,Standard,7,0,11.1,4,6.2,2.0,Low,High,1,Sunday,1,0
918,Medium,Incident,Email,Standard,7,1,8.1,2,5.7,1.0,Medium,High,4,Tuesday,1,1
919,Medium,Problem,Email,Standard,10,1,14.3,3,23.0,0.0,Low,Low,4,Sunday,0,1
920,High,Incident,Email,Premium,7,2,1.3,1,10.6,2.0,Low,Medium,14,Sunday,0,0
921,High,Incident,Email,Standard,9,1,11.7,2,3.1,1.0,Low,Low,16,Sunday,0,0
922,Medium,Incident,Portal,Premium,7,0,8.8,1,8.1,1.0,Low,Low,19,Sunday,0,0
923,Medium,Access,Email,Standard,10,0,13.8,1,4.7,1.0,Low,High,22,Tuesday,1,0
924,High,Incident,Email,Standard,10,2,6.4,3,10.3,1.0,Low,Low,1,Sunday,1,1
925,Medium,Incident,Monitoring,Enterprise,9,1,6.9,1,3.7,2.0,Low,High,7,Sunday,0,0
926,Medium,Service Request,Portal,Premium,5,1,,2,7.7,0.0,Medium,High,19,Tuesday,1,0
927,High,Service Request,Portal,Standard,5,2,5.8,2,9.9,1.0,Medium,Low,0,Thursday,0,0
928,Low,Access,Portal,Enterprise,8,5,6.9,2,6.2,1.0,Low,High,5,Monday,1,1
929,Medium,Incident,Portal,Premium,3,0,4.8,1,21.9,5.0,Low,Low,7,Wednesday,1,0
930,Low,Incident,Phone,Standard,3,2,5.6,1,9.9,4.0,Low,Low,21,Monday,1,1
931,High,Problem,Email,Standard,5,1,5.0,1,6.6,1.0,Medium,High,0,Tuesday,1,1
932,Medium,Incident,Monitoring,Premium,10,2,13.9,2,3.5,,Medium,Low,9,Monday,0,0
933,Low,Incident,Portal,Premium,5,0,10.7,1,6.9,0.0,Low,Medium,0,Sunday,1,0
934,Medium,Problem,Email,Standard,8,0,11.9,4,6.9,3.0,Medium,High,20,Saturday,0,1
935,High,Service Request,Portal,Standard,12,5,2.4,3,8.0,1.0,Medium,Medium,1,Thursday,1,1
936,Low,Incident,Email,Standard,4,0,,2,12.8,,Medium,Low,12,Wednesday,0,1
937,Medium,Service Request,Phone,Premium,8,0,6.9,1,2.3,3.0,Low,Low,16,Thursday,0,0
938,Low,Incident,Monitoring,Standard,2,0,3.0,1,11.2,4.0,Low,Medium,10,Saturday,0,0
939,Low,Incident,Portal,Enterprise,8,2,1.0,1,12.6,1.0,Low,Low,9,Saturday,0,1
940,High,Service Request,Portal,Premium,11,2,8.5,1,16.7,0.0,Low,High,2,Tuesday,0,0
941,Medium,Incident,Monitoring,Premium,9,2,5.8,1,7.0,2.0,High,High,8,Friday,0,1
942,Medium,Problem,Portal,Premium,7,1,8.2,2,11.8,2.0,Low,Low,21,Thursday,0,1
943,High,Incident,Portal,Standard,11,3,4.8,1,,1.0,Low,High,6,Thursday,0,0
944,High,Service Request,Portal,Standard,6,2,5.6,1,8.2,3.0,Low,Low,20,Wednesday,0,1
945,Medium,Service Request,Email,Premium,7,2,4.3,1,16.9,2.0,Low,High,19,Wednesday,0,0
946,Low,Problem,Phone,Premium,6,0,14.2,2,10.2,3.0,Medium,Medium,12,Friday,0,0
947,High,Problem,Email,Standard,7,0,11.5,3,16.8,5.0,Low,Low,15,Thursday,0,0
948,Critical,Incident,Email,Standard,6,1,9.9,2,2.9,1.0,High,Low,2,Monday,1,0
949,High,Incident,Email,Standard,6,4,6.7,1,16.5,3.0,Low,Low,18,Thursday,0,1
950,Medium,Incident,Portal,Enterprise,8,0,12.2,1,8.2,,High,Low,16,Thursday,0,0
951,Low,Incident,Phone,Premium,3,0,12.2,3,15.9,3.0,Medium,Medium,10,Saturday,0,0
952,Medium,Incident,Portal,Standard,8,2,7.3,1,4.3,3.0,Low,Low,10,Sunday,0,0
953,High,Problem,Email,Standard,6,4,14.2,1,7.1,1.0,Medium,Medium,7,Saturday,0,1
954,Low,Service Request,Phone,Standard,11,0,9.8,1,10.8,2.0,Low,High,5,Monday,0,0
955,Critical,Service Request,Monitoring,Premium,10,0,6.1,2,4.3,2.0,High,Low,9,Monday,0,0
956,High,Service Request,Portal,Standard,8,1,13.3,1,16.2,3.0,Low,Medium,3,Thursday,0,0
957,Critical,Incident,Portal,Enterprise,10,3,0.7,2,6.7,2.0,Low,Low,18,Monday,0,0
958,Medium,Service Request,Portal,Enterprise,6,0,1.7,1,3.1,1.0,Medium,High,14,Tuesday,1,0
959,High,Problem,Portal,Premium,4,0,8.6,1,5.1,1.0,Medium,Medium,1,Tuesday,0,0
960,Medium,Incident,Portal,Standard,8,1,1.0,2,25.6,2.0,Medium,Low,20,Friday,1,1
961,Medium,Access,Monitoring,Standard,5,1,0.5,2,5.1,4.0,Low,Low,8,Thursday,1,0
962,High,Incident,Email,Standard,11,0,8.6,1,16.3,4.0,Low,Low,8,Sunday,0,0
963,High,Incident,Phone,Standard,9,1,1.7,1,7.8,1.0,Low,Medium,7,Friday,0,0
964,Medium,Access,Portal,Standard,14,0,4.6,1,7.3,0.0,High,High,2,Sunday,0,0
965,Low,Incident,Email,Enterprise,9,0,2.5,1,24.6,0.0,Low,High,14,Thursday,0,1
966,High,Incident,Portal,Standard,3,0,,3,2.8,2.0,Low,Low,14,Thursday,1,0
967,High,Incident,Phone,Standard,2,0,1.5,1,8.6,2.0,Low,Low,21,Saturday,0,0
968,Medium,Incident,Portal,Enterprise,7,0,,1,13.3,1.0,Medium,Medium,10,Saturday,1,0
969,High,Service Request,Email,Premium,8,0,4.3,1,5.5,6.0,Low,Low,17,Monday,1,0
970,High,Incident,Monitoring,Premium,14,2,5.5,1,4.4,1.0,Low,Low,16,Sunday,0,0
971,Low,Problem,Portal,Enterprise,15,1,4.3,2,8.0,4.0,Medium,Low,13,Friday,0,0
972,High,Access,Email,Standard,8,2,3.3,4,13.1,4.0,Low,Medium,9,Thursday,0,0
973,Low,Service Request,Portal,Standard,6,3,4.8,2,4.9,3.0,Low,High,9,Wednesday,0,0
974,Medium,Incident,Email,Standard,9,2,6.7,2,8.7,1.0,High,Medium,11,Sunday,0,1
975,Medium,Service Request,Portal,Premium,8,1,9.5,1,4.1,2.0,Medium,High,7,Saturday,0,0
976,Medium,Service Request,Phone,Enterprise,8,2,8.3,1,6.0,1.0,Low,Low,19,Friday,0,0
977,High,Incident,Portal,Enterprise,3,0,9.3,1,14.1,0.0,Medium,Low,23,Wednesday,1,1
978,Medium,Access,Portal,Standard,8,0,7.3,1,8.4,0.0,Medium,Low,10,Saturday,0,0
979,High,Service Request,Portal,Standard,9,2,11.7,1,12.8,0.0,High,Medium,4,Sunday,0,1
980,High,Incident,Monitoring,Standard,7,2,3.7,2,28.4,2.0,Low,High,16,Monday,0,1
981,Medium,Incident,Email,Premium,3,0,9.5,1,12.5,1.0,Low,Medium,0,Monday,0,1
982,High,Service Request,Phone,Enterprise,9,1,14.0,1,13.9,2.0,Medium,Low,6,Monday,0,0
983,Medium,Incident,Portal,Standard,9,1,13.1,1,4.2,2.0,Low,Low,3,Thursday,1,0
984,Medium,Service Request,Phone,Premium,7,1,9.7,2,7.6,4.0,Medium,Low,18,Wednesday,1,1
985,High,Service Request,Portal,Standard,12,3,1.0,2,4.0,1.0,Low,Medium,13,Tuesday,0,0
986,Low,Incident,Monitoring,Standard,10,1,3.1,1,4.9,2.0,Low,Low,11,Wednesday,1,0
987,Medium,Problem,Portal,Standard,1,0,2.6,3,5.6,3.0,Low,Low,17,Sunday,0,0
988,Low,Incident,Portal,Premium,4,0,1.6,1,3.3,0.0,Low,Medium,10,Thursday,1,0
989,High,Incident,Portal,Enterprise,11,0,10.9,1,7.0,1.0,Low,Low,9,Sunday,0,0
990,Medium,Incident,Portal,Standard,12,0,4.3,1,23.6,3.0,Low,Low,8,Thursday,1,1
991,Low,Access,Portal,Standard,6,3,4.6,1,10.4,1.0,Medium,Low,4,Monday,0,1
992,Medium,Incident,Phone,Enterprise,6,2,1.6,1,1.7,1.0,Low,Low,6,Thursday,1,1
993,Low,Access,Email,Standard,7,0,10.7,1,6.3,2.0,Low,Low,3,Wednesday,1,0
994,Low,Access,Email,Premium,12,0,1.9,1,21.5,1.0,Low,High,22,Saturday,1,1
995,Critical,Incident,Portal,Enterprise,12,1,10.9,1,10.2,3.0,Low,Low,8,Monday,0,0
996,Critical,Problem,Monitoring,Standard,10,3,6.6,2,6.7,1.0,Low,Low,23,Wednesday,1,0
997,Medium,Incident,Portal,Standard,9,1,13.4,2,12.8,1.0,Medium,High,15,Thursday,0,1
998,Medium,Problem,Email,Standard,6,1,9.3,1,4.3,5.0,High,Low,6,Monday,0,1
999,High,Incident,Email,Enterprise,6,1,6.9,2,14.0,2.0,Low,Medium,11,Thursday,0,0
1000,Low,Access,Monitoring,Standard,11,3,7.8,1,13.7,3.0,Medium,High,23,Friday,0,1
1001,Critical,Access,Email,Enterprise,6,2,4.2,2,19.7,0.0,Medium,Low,22,Sunday,1,1
1002,High,Incident,Portal,Premium,3,3,12.8,2,9.0,2.0,Low,Low,15,Friday,0,0
1003,Low,Problem,Email,Enterprise,11,1,8.0,1,16.5,1.0,Low,Medium,4,Monday,0,1
1004,Medium,Incident,Portal,Standard,4,2,10.3,2,22.0,0.0,Low,Medium,2,Sunday,0,1
1005,Low,Access,Portal,Enterprise,11,1,14.0,1,2.9,0.0,Medium,High,9,Thursday,0,0
1006,High,Incident,Phone,Standard,12,0,3.4,1,11.3,2.0,Low,Medium,2,Saturday,0,1
1007,Medium,Service Request,Portal,Premium,8,1,12.3,3,3.7,0.0,Medium,Medium,7,Thursday,1,0
1008,Low,Problem,Phone,Premium,5,0,10.9,1,6.7,2.0,Low,Low,0,Friday,0,0
1009,High,Incident,Phone,Premium,7,2,0.5,1,15.1,0.0,Low,Low,5,Friday,0,1
1010,Medium,Service Request,Email,Standard,4,1,6.2,3,11.0,,Low,Low,3,Friday,1,0
1011,Medium,Incident,Email,Premium,7,3,2.9,1,15.3,3.0,Low,Medium,1,Sunday,0,1
1012,Medium,Incident,Monitoring,Standard,8,1,3.9,1,8.0,4.0,Low,Medium,20,Tuesday,1,0
1013,High,Incident,Monitoring,Standard,14,2,2.4,2,28.2,1.0,High,Medium,6,Thursday,0,1
1014,High,Incident,Email,Enterprise,12,0,12.0,2,24.1,1.0,Low,Low,10,Wednesday,0,1
1015,Low,Problem,Phone,Enterprise,4,1,9.6,1,5.2,2.0,Medium,High,23,Wednesday,0,0
1016,High,Incident,Phone,Standard,7,3,12.1,2,7.8,1.0,Low,Low,15,Sunday,0,0
1017,Medium,Service Request,Portal,Standard,6,1,13.8,3,21.0,3.0,Low,Low,1,Friday,1,1
1018,Medium,Incident,Portal,Standard,10,1,8.3,3,13.4,2.0,Low,Low,15,Wednesday,0,0
1019,Medium,Problem,Email,Standard,10,1,6.9,1,4.7,1.0,Low,Medium,4,Friday,0,0
1020,High,Incident,Phone,Premium,13,1,1.1,1,0.9,3.0,Medium,Low,19,Monday,0,0
1021,Critical,Incident,Portal,Standard,5,1,8.0,2,12.8,4.0,Medium,Medium,15,Monday,1,0
1022,Medium,Problem,Portal,Premium,9,2,,1,9.6,0.0,Medium,Medium,18,Wednesday,0,0
1023,Low,Incident,Portal,Enterprise,7,1,10.8,2,3.3,0.0,Low,High,18,Thursday,1,0
1024,High,Service Request,Portal,Standard,9,3,7.4,1,11.4,3.0,High,High,9,Tuesday,0,1
1025,Low,Problem,Phone,Premium,9,0,4.6,1,20.6,4.0,Low,High,5,Tuesday,1,1
1026,High,Service Request,Email,Enterprise,12,0,7.8,3,3.5,4.0,Low,High,7,Thursday,0,1
1027,Critical,Access,Email,Premium,7,2,11.1,4,25.3,2.0,Low,High,4,Wednesday,0,0
1028,Critical,Incident,Portal,Standard,14,2,2.5,1,5.5,1.0,Low,Low,6,Tuesday,0,1
1029,High,Incident,Portal,Premium,8,0,1.0,3,13.6,0.0,Low,High,0,Sunday,0,1
1030,Medium,Incident,Portal,Premium,6,3,8.5,2,19.0,2.0,Medium,Medium,18,Monday,0,0
1031,High,Incident,Portal,Premium,9,3,6.2,2,6.0,4.0,Low,High,2,Thursday,0,0
1032,High,Problem,Portal,Premium,7,0,11.4,2,16.3,2.0,Medium,Low,14,Saturday,1,0
1033,High,Incident,Monitoring,Premium,15,0,7.9,3,8.0,2.0,Low,High,15,Saturday,1,0
1034,Medium,Incident,Email,Enterprise,7,0,2.4,2,9.4,1.0,Medium,Low,18,Thursday,1,0
1035,Low,Service Request,Monitoring,Premium,7,2,13.5,2,9.8,1.0,High,High,19,Monday,0,0
1036,Low,Incident,Portal,Premium,4,1,10.7,3,10.2,1.0,Medium,High,17,Friday,0,0
1037,Critical,Problem,Portal,Standard,12,1,7.9,1,11.1,2.0,High,Medium,14,Saturday,1,0
1038,Medium,Service Request,Portal,Standard,6,1,11.0,1,10.2,1.0,Low,Low,1,Friday,1,0
1039,High,Incident,Email,Enterprise,14,1,6.0,1,15.1,0.0,Low,Low,2,Friday,0,0
1040,Low,Incident,Monitoring,Standard,9,0,5.7,3,15.2,5.0,Medium,High,7,Tuesday,0,1
1041,Medium,Service Request,Portal,Standard,5,1,14.4,1,0.7,0.0,Medium,Medium,11,Saturday,0,0
1042,Medium,Incident,Portal,Enterprise,8,3,9.3,1,8.9,3.0,Medium,High,14,Tuesday,0,1
1043,Critical,Service Request,Portal,Premium,11,0,11.5,2,9.7,1.0,Medium,Medium,17,Thursday,0,0
1044,Medium,Service Request,Email,Standard,16,1,6.8,2,30.7,1.0,Low,Medium,0,Sunday,0,1
1045,Low,Incident,Portal,Standard,16,0,13.4,2,16.5,2.0,Medium,Low,23,Thursday,0,0
1046,High,Incident,Email,Standard,9,1,13.4,2,18.8,0.0,Low,Low,4,Sunday,1,0
1047,Low,Incident,Phone,Premium,4,2,11.0,1,26.4,5.0,Medium,Medium,23,Monday,0,1
1048,Low,Incident,Monitoring,Premium,5,2,,2,11.4,1.0,Low,Medium,12,Sunday,0,0
1049,Low,Incident,Phone,Premium,8,1,8.4,1,10.0,1.0,Low,Medium,12,Tuesday,1,0
1050,Low,Incident,Portal,Standard,8,3,10.8,2,8.1,1.0,Low,Medium,8,Wednesday,0,0
1051,High,Incident,Portal,Standard,10,0,0.7,1,6.6,2.0,High,Medium,9,Sunday,0,0
1052,Medium,Incident,Portal,Premium,7,2,14.9,3,10.5,1.0,Low,Low,3,Tuesday,0,0
1053,Medium,Incident,Portal,Standard,8,3,12.1,4,2.8,1.0,Medium,High,19,Wednesday,0,0
1054,High,Service Request,Portal,Premium,9,2,2.8,2,9.9,1.0,Low,Medium,0,Tuesday,0,0
1055,Critical,Service Request,Portal,Premium,13,0,13.5,2,11.3,4.0,Low,Low,22,Friday,0,0
1056,High,Service Request,Portal,Standard,6,3,9.9,2,6.0,0.0,Low,High,18,Saturday,0,0
1057,High,Problem,Phone,Enterprise,10,0,10.1,2,7.0,2.0,Low,High,13,Friday,0,0
1058,Low,Problem,Monitoring,Enterprise,5,0,10.3,1,8.6,0.0,Low,Low,7,Friday,1,0
1059,High,Service Request,Portal,Standard,4,1,7.6,2,4.8,2.0,Low,High,2,Sunday,1,0
1060,Medium,Problem,Phone,Standard,7,3,1.0,1,8.8,5.0,Low,Medium,17,Sunday,1,0
1061,Low,Access,Phone,Standard,5,0,5.0,1,5.2,4.0,Low,Medium,4,Saturday,0,0
1062,Medium,Incident,Portal,Standard,9,0,9.2,2,,5.0,Low,Medium,0,Friday,0,1
1063,Medium,Incident,Portal,Premium,10,1,11.4,4,19.8,1.0,Low,Medium,1,Sunday,1,0
1064,Low,Service Request,Portal,Standard,8,1,11.5,1,15.6,1.0,Low,Medium,23,Friday,0,0
1065,Low,Service Request,Phone,Standard,9,1,0.7,1,19.6,2.0,Medium,Low,10,Thursday,0,0
1066,Medium,Service Request,Email,Standard,4,1,11.7,4,6.7,0.0,Low,High,16,Saturday,0,0
1067,Medium,Incident,Email,Premium,7,3,4.6,1,2.4,0.0,High,Low,9,Friday,0,0
1068,Medium,Incident,Email,Enterprise,9,1,10.9,2,8.8,1.0,Medium,Low,9,Tuesday,0,1
1069,Critical,Incident,Portal,Standard,7,0,14.2,1,5.9,1.0,Medium,Low,22,Tuesday,0,0
1070,Medium,Incident,Portal,Standard,6,1,11.4,1,11.2,2.0,Low,High,12,Tuesday,0,0
1071,High,Access,Portal,Premium,7,0,1.5,1,,3.0,Low,Medium,1,Tuesday,0,1
1072,High,Service Request,Email,Premium,7,2,12.4,1,8.4,0.0,Medium,Low,15,Saturday,0,0
1073,Critical,Incident,Email,Enterprise,2,1,4.4,1,4.2,2.0,Low,Low,23,Tuesday,1,0
1074,Low,Incident,Portal,Standard,9,1,4.0,1,5.3,2.0,High,Low,10,Sunday,1,1
1075,Low,Service Request,Phone,Standard,7,0,3.7,3,0.5,1.0,Low,Low,1,Friday,0,0
1076,High,Access,Portal,Standard,11,2,6.9,2,8.9,2.0,Medium,Medium,21,Monday,0,0
1077,Medium,Access,Portal,Premium,13,0,14.3,1,9.5,2.0,Low,Medium,20,Saturday,0,0
1078,Low,Incident,Phone,Standard,9,1,11.5,2,18.4,2.0,Medium,High,6,Tuesday,0,0
1079,High,Incident,Phone,Standard,4,1,9.9,2,8.7,2.0,Medium,Low,17,Thursday,0,1
1080,Medium,Incident,Email,Enterprise,10,0,14.0,4,6.2,1.0,Low,Low,15,Thursday,1,0
1081,Low,Access,Portal,Enterprise,4,2,8.7,2,11.2,4.0,Low,Low,10,Tuesday,0,1
1082,Medium,Incident,Phone,Premium,10,1,2.7,1,13.8,5.0,High,Low,23,Sunday,0,1
1083,Medium,Service Request,Phone,Enterprise,3,2,12.4,1,12.8,2.0,High,Low,23,Monday,0,0
1084,Low,Service Request,Phone,Premium,10,1,3.0,1,10.6,0.0,Low,Low,3,Monday,1,0
1085,Critical,Incident,Phone,Standard,10,0,5.3,2,12.2,3.0,High,Low,0,Wednesday,0,0
1086,Low,Service Request,Portal,Enterprise,7,0,10.6,2,2.5,1.0,Low,Low,15,Sunday,0,0
1087,High,Incident,Portal,Enterprise,9,1,8.5,2,,0.0,Low,High,12,Tuesday,0,0
1088,High,Incident,Portal,Premium,5,0,7.4,2,29.2,4.0,Low,High,19,Friday,0,1
1089,High,Service Request,Email,Standard,7,1,1.4,1,11.7,0.0,Low,Low,0,Wednesday,0,0
1090,Low,Service Request,Portal,Standard,11,0,4.7,1,17.0,2.0,Low,Low,22,Monday,0,1
1091,Medium,Incident,Portal,Standard,7,4,10.7,2,5.6,1.0,Medium,Low,16,Monday,0,0
1092,Critical,Service Request,Portal,Enterprise,11,2,12.4,1,6.3,3.0,Low,Low,17,Tuesday,0,1
1093,Low,Service Request,Monitoring,Enterprise,9,0,2.1,3,3.4,0.0,High,High,10,Sunday,0,0
1094,Critical,Incident,Portal,Standard,10,0,14.0,1,5.8,1.0,Low,Low,15,Tuesday,1,0
1095,Medium,Incident,Portal,Standard,6,1,10.9,1,16.9,2.0,Low,High,13,Friday,0,0
1096,Low,Incident,Portal,Standard,12,0,7.8,2,1.4,1.0,Medium,High,16,Saturday,0,0
1097,Low,Incident,Email,Standard,9,0,13.4,1,11.7,6.0,Low,Low,14,Tuesday,0,0
1098,Medium,Problem,Portal,Standard,10,0,2.6,1,13.1,5.0,Medium,High,12,Thursday,0,1
1099,High,Service Request,Monitoring,Premium,7,0,12.4,1,4.5,1.0,Low,Medium,13,Wednesday,0,0
1100,High,Problem,Monitoring,Enterprise,10,2,8.7,1,5.3,,Low,Medium,20,Monday,1,1
1101,High,Service Request,Email,Standard,9,0,9.0,2,3.9,0.0,Low,High,10,Friday,0,1
1102,High,Incident,Monitoring,Standard,7,1,5.3,2,19.4,2.0,Low,High,3,Sunday,0,0
1103,Medium,Incident,Portal,Enterprise,11,1,14.9,1,10.4,1.0,Low,Medium,16,Monday,1,1
1104,Low,Incident,Portal,Standard,10,4,11.0,1,6.0,1.0,High,Low,13,Sunday,1,0
1105,Low,Incident,Phone,Standard,7,0,1.3,2,9.5,3.0,Low,Medium,13,Friday,0,0
1106,Medium,Incident,Phone,Standard,7,1,11.7,1,8.0,4.0,Medium,Low,8,Thursday,0,0
1107,High,Service Request,Email,Standard,16,1,3.3,4,6.4,2.0,Low,Medium,18,Wednesday,1,0
1108,Critical,Service Request,Phone,Standard,6,0,13.7,1,9.5,1.0,High,Low,3,Thursday,0,1
1109,Medium,Incident,Phone,Standard,11,1,13.2,2,12.6,3.0,Low,Medium,8,Saturday,0,0
1110,Medium,Incident,Portal,Premium,10,1,9.8,1,11.8,4.0,High,Low,3,Monday,0,0
1111,Critical,Incident,Portal,Standard,7,2,8.4,4,16.0,3.0,Low,High,10,Saturday,0,1
1112,Critical,Incident,Portal,Standard,8,1,3.5,3,5.8,0.0,Low,High,8,Sunday,1,0
1113,Low,Incident,Monitoring,Premium,5,0,14.3,1,4.0,5.0,Medium,High,12,Sunday,0,0
1114,Low,Incident,Phone,Premium,11,2,13.5,1,8.9,2.0,Low,Medium,19,Tuesday,0,0
1115,High,Incident,Portal,Premium,2,1,6.1,2,25.4,2.0,Low,Low,15,Friday,0,0
1116,High,Incident,Portal,Standard,6,2,2.7,1,5.9,3.0,Low,Low,20,Monday,0,0
1117,Low,Incident,Phone,Enterprise,11,1,9.6,1,1.3,2.0,Medium,Medium,5,Saturday,1,0
1118,High,Incident,Portal,Standard,10,0,9.7,1,4.1,2.0,High,Low,0,Saturday,1,1
1119,Medium,Incident,Phone,Standard,5,2,8.2,1,5.3,2.0,Low,Low,19,Monday,1,0
1120,Medium,Incident,Portal,Standard,8,0,2.6,1,3.3,3.0,Low,Medium,22,Wednesday,1,0
1121,Medium,Incident,Portal,Standard,6,0,,3,4.2,0.0,High,Low,14,Monday,1,0
1122,High,Incident,Email,Enterprise,6,2,8.2,2,15.1,5.0,Low,High,0,Wednesday,0,0
1123,Medium,Incident,Email,Standard,8,0,10.5,1,16.5,0.0,Low,High,22,Sunday,1,1
1124,Low,Incident,Email,Premium,6,2,14.2,1,17.0,4.0,Low,High,6,Sunday,1,1
1125,Medium,Incident,Portal,Premium,4,3,4.1,2,,2.0,High,Low,12,Friday,0,0
1126,Medium,Incident,Portal,Standard,8,0,1.6,1,6.6,2.0,Low,Low,7,Thursday,0,1
1127,Low,Incident,Portal,Enterprise,8,1,14.2,1,7.3,3.0,Low,High,23,Tuesday,0,1
1128,High,Access,Portal,Standard,8,2,9.1,1,16.2,4.0,Low,Low,10,Monday,0,1
1129,High,Access,Phone,Enterprise,13,2,8.2,1,58.2,0.0,High,Medium,13,Saturday,0,1
1130,Low,Service Request,Email,Enterprise,5,1,11.5,1,14.7,6.0,Low,Low,11,Tuesday,1,0
1131,Medium,Service Request,Email,Premium,10,2,4.8,2,7.5,1.0,High,Medium,11,Thursday,0,0
1132,Medium,Service Request,Portal,Enterprise,10,3,5.3,3,2.7,3.0,Low,High,23,Wednesday,0,0
1133,High,Incident,Email,Premium,6,1,12.7,1,9.1,0.0,Medium,Medium,6,Friday,1,0
1134,Critical,Incident,Portal,Enterprise,6,2,1.2,2,7.9,1.0,Low,Medium,16,Wednesday,0,0
1135,Medium,Incident,Portal,Premium,11,0,13.8,1,7.5,3.0,Low,Low,14,Saturday,1,0
1136,Medium,Access,Portal,Standard,12,1,4.5,1,18.2,1.0,Low,Low,4,Saturday,0,0
1137,Medium,Incident,Portal,Premium,8,1,7.8,3,3.3,,Low,High,23,Sunday,0,0
1138,High,Incident,Portal,Enterprise,8,2,6.4,1,12.9,2.0,Medium,Medium,16,Monday,0,1
1139,Medium,Incident,Email,Standard,3,2,3.7,2,17.5,1.0,Low,Low,18,Sunday,0,1
1140,High,Incident,Portal,Standard,9,3,5.8,2,16.6,3.0,Medium,Low,14,Monday,0,0
1141,High,Service Request,Portal,Standard,8,2,14.4,1,6.5,2.0,Low,Low,21,Sunday,0,0
1142,High,Incident,Email,Enterprise,7,2,8.8,1,14.4,3.0,Medium,Low,1,Monday,0,1
1143,Medium,Service Request,Email,Premium,8,1,13.3,1,2.6,0.0,High,Low,21,Saturday,1,0
1144,Low,Incident,Phone,Premium,8,2,4.1,2,18.8,2.0,Low,Medium,23,Friday,0,1
1145,Low,Problem,Portal,Premium,5,0,10.6,1,0.9,0.0,Low,Low,8,Sunday,0,0
1146,High,Service Request,Portal,Enterprise,6,2,1.3,1,5.3,2.0,Medium,Low,0,Tuesday,0,0
1147,High,Incident,Email,Enterprise,9,3,1.1,1,15.9,2.0,Low,Low,10,Sunday,1,1
1148,Critical,Problem,Email,Premium,5,2,10.1,1,19.7,3.0,High,Medium,0,Wednesday,0,0
1149,High,Incident,Email,Enterprise,8,1,5.9,1,12.2,0.0,Medium,Low,15,Sunday,0,0
1150,Medium,Problem,Portal,Premium,9,1,,3,6.4,1.0,High,Medium,1,Friday,1,1
1151,High,Incident,Phone,Standard,8,2,6.7,2,12.4,2.0,Low,High,1,Saturday,0,1
1152,High,Service Request,Portal,Premium,9,1,13.5,1,11.6,4.0,Low,High,8,Friday,0,1
1153,Low,Incident,Phone,Premium,2,0,5.8,4,23.1,3.0,High,Medium,5,Tuesday,1,0
1154,Low,Incident,Portal,Standard,7,1,2.5,1,10.4,2.0,Low,Low,8,Thursday,0,1
1155,Medium,Incident,Email,Enterprise,5,1,12.7,4,17.7,1.0,Low,Medium,22,Friday,0,0
1156,Low,Access,Phone,Enterprise,7,1,,1,23.4,1.0,High,Low,12,Saturday,0,1
1157,High,Incident,Portal,Standard,9,2,9.6,1,6.1,2.0,High,Medium,22,Thursday,0,0
1158,Medium,Service Request,Portal,Standard,11,3,3.0,1,18.3,1.0,Low,Medium,22,Thursday,1,1
1159,High,Incident,Portal,Standard,11,1,3.2,3,1.6,3.0,Low,High,6,Friday,1,0
1160,High,Incident,Portal,Standard,5,0,1.0,1,16.7,1.0,Low,Low,6,Monday,0,1
1161,Medium,Incident,Portal,Standard,9,1,11.9,1,16.7,1.0,High,Medium,23,Saturday,1,0
1162,Medium,Incident,Portal,Standard,9,3,3.8,2,20.3,1.0,High,Low,23,Tuesday,1,1
1163,Medium,Access,Portal,Enterprise,9,0,11.8,2,9.0,,High,Low,20,Tuesday,0,0
1164,Medium,Incident,Portal,Standard,11,2,12.6,1,2.5,2.0,Low,Medium,7,Thursday,0,0
1165,Medium,Problem,Email,Standard,10,0,9.1,1,,3.0,Low,Medium,2,Thursday,1,0
1166,Low,Incident,Email,Enterprise,8,0,10.5,3,10.2,,Medium,Medium,4,Tuesday,0,0
1167,High,Incident,Monitoring,Standard,7,2,10.8,2,4.6,3.0,Low,Medium,1,Thursday,1,0
1168,Medium,Incident,Phone,Premium,10,1,6.5,1,12.1,2.0,Low,Medium,8,Sunday,0,1
1169,Low,Service Request,Portal,Enterprise,18,1,14.7,1,2.5,0.0,Medium,High,0,Wednesday,0,0
1170,Low,Service Request,Monitoring,Standard,9,2,7.9,2,4.4,2.0,Low,Low,17,Monday,0,0
1171,Medium,Service Request,Email,Premium,9,0,13.0,4,,0.0,Medium,Medium,8,Thursday,0,0
1172,High,Problem,Portal,Premium,13,2,8.4,3,12.8,1.0,Low,Medium,10,Wednesday,1,1
1173,Medium,Service Request,Phone,Standard,8,2,14.8,1,2.8,3.0,Low,Low,6,Thursday,0,0
1174,High,Incident,Email,Premium,11,1,7.5,2,18.6,2.0,Low,Low,2,Friday,0,1
1175,Low,Incident,Phone,Standard,7,1,6.9,1,2.8,3.0,High,Low,9,Saturday,0,0
1176,Medium,Service Request,Phone,Premium,11,1,9.9,3,6.9,5.0,Medium,Low,10,Wednesday,0,1
1177,High,Service Request,Phone,Standard,11,0,14.3,1,9.1,2.0,Low,Low,21,Saturday,1,0
1178,High,Service Request,Portal,Standard,7,0,6.9,1,5.3,3.0,High,Medium,7,Friday,0,0
1179,Low,Incident,Portal,Premium,6,1,1.4,1,11.1,1.0,High,High,17,Wednesday,0,0
1180,High,Service Request,Email,Standard,8,0,1.9,4,7.7,2.0,High,Low,18,Monday,0,0
1181,Low,Incident,Portal,Premium,7,2,4.5,1,8.6,2.0,Low,Low,18,Friday,1,0
1182,Medium,Service Request,Portal,Premium,5,2,7.1,1,9.2,2.0,Low,Low,14,Tuesday,1,0
1183,Low,Service Request,Email,Premium,8,1,6.6,1,24.7,2.0,High,Low,9,Thursday,0,1
1184,Low,Service Request,Monitoring,Standard,9,2,11.1,1,,1.0,Low,Low,22,Friday,0,0
1185,Medium,Problem,Phone,Standard,4,0,3.9,4,,1.0,Low,High,7,Monday,0,0
1186,High,Service Request,Phone,Enterprise,10,1,1.5,1,8.4,0.0,Medium,Low,6,Thursday,0,0
1187,High,Service Request,Phone,Standard,6,0,1.6,2,,1.0,Low,High,18,Monday,0,0
1188,High,Problem,Portal,Standard,9,0,12.2,3,,2.0,High,Low,17,Saturday,0,1
1189,Low,Incident,Email,Standard,8,1,14.4,1,3.7,1.0,Medium,Low,21,Sunday,1,0
1190,Medium,Access,Email,Enterprise,5,1,5.1,1,,2.0,Medium,High,6,Friday,0,0
1191,High,Incident,Phone,Standard,11,0,8.4,2,9.9,3.0,Low,High,23,Friday,0,0
1192,Medium,Incident,Phone,Standard,10,1,12.1,2,10.7,3.0,High,Medium,7,Sunday,0,1
1193,Medium,Incident,Portal,Standard,5,1,13.1,1,12.5,2.0,Medium,Low,7,Sunday,0,0
1194,High,Incident,Monitoring,Enterprise,10,0,2.7,1,17.3,3.0,Low,Medium,12,Friday,0,1
1195,Medium,Incident,Portal,Premium,11,1,1.5,4,21.0,3.0,Low,Medium,15,Thursday,0,0
1196,Low,Incident,Portal,Standard,9,3,7.3,1,6.5,3.0,High,Medium,11,Monday,1,0
1197,Critical,Incident,Phone,Premium,7,2,5.6,1,27.5,2.0,Low,High,4,Monday,0,1
1198,Low,Service Request,Email,Standard,9,1,11.5,1,6.2,1.0,Medium,Low,0,Tuesday,1,0
1199,Medium,Incident,Email,Premium,9,3,7.1,4,12.4,2.0,Low,Low,1,Tuesday,1,1
1200,Low,Service Request,Monitoring,Enterprise,9,1,8.0,1,1.2,0.0,Medium,Low,19,Wednesday,0,0
1201,Medium,Incident,Portal,Standard,6,0,6.1,2,1.8,0.0,Medium,Medium,1,Saturday,0,0
1202,High,Access,Email,Standard,7,2,13.7,1,3.8,2.0,High,Low,4,Tuesday,0,0
1203,Medium,Access,Portal,Premium,4,2,9.1,2,23.5,1.0,Low,Low,4,Sunday,1,1
1204,High,Access,Portal,Standard,7,1,12.4,2,5.3,0.0,Medium,Low,6,Saturday,0,0
1205,High,Problem,Portal,Premium,12,0,4.2,2,6.7,2.0,Low,Low,6,Saturday,0,0
1206,Critical,Incident,Portal,Premium,5,1,13.1,1,7.0,1.0,High,Medium,7,Saturday,1,0
1207,High,Access,Email,Standard,10,1,13.6,2,9.7,2.0,Medium,High,4,Wednesday,0,0
1208,Critical,Incident,Portal,Enterprise,9,1,1.3,1,10.1,0.0,Low,High,9,Wednesday,0,0
1209,High,Incident,Email,Standard,13,0,1.0,3,15.7,5.0,Low,Low,19,Sunday,1,1
1210,Critical,Incident,Portal,Premium,9,2,7.5,1,11.2,2.0,Low,High,20,Wednesday,1,1
1211,Medium,Incident,Portal,Premium,11,2,10.8,4,4.9,1.0,Low,High,22,Monday,0,0
1212,Medium,Incident,Email,Standard,13,1,8.5,1,5.8,1.0,Medium,Low,2,Friday,0,0
1213,Medium,Incident,Portal,Standard,7,0,8.5,2,17.4,1.0,Low,High,5,Sunday,0,0
1214,Low,Incident,Portal,Premium,7,2,13.9,1,4.2,2.0,Medium,High,15,Monday,1,0
1215,Low,Incident,Phone,Standard,1,0,2.8,1,10.1,0.0,Low,Low,10,Sunday,1,0
1216,High,Incident,Portal,Standard,5,4,5.7,1,9.3,2.0,Low,Low,22,Thursday,1,1
1217,Critical,Incident,Email,Standard,6,2,6.9,1,12.3,2.0,Medium,Medium,3,Friday,0,0
1218,Medium,Incident,Phone,Premium,7,1,0.7,1,10.9,1.0,Medium,Medium,5,Sunday,1,0
1219,Medium,Problem,Phone,Enterprise,10,0,11.7,1,15.4,2.0,Medium,Medium,21,Friday,0,1
1220,Medium,Incident,Phone,Enterprise,11,0,10.1,3,12.4,1.0,Low,High,4,Wednesday,1,0
1221,Low,Problem,Portal,Premium,7,0,5.9,2,16.3,3.0,Low,High,12,Monday,1,0
1222,High,Incident,Phone,Premium,6,0,1.5,2,36.6,2.0,High,Low,14,Sunday,0,1
1223,Critical,Incident,Email,Premium,11,3,4.4,2,19.2,2.0,High,Medium,16,Tuesday,0,0
1224,Medium,Incident,Portal,Standard,3,1,10.4,2,18.9,3.0,Low,Medium,1,Saturday,0,1
1225,High,Incident,Phone,Premium,7,2,1.0,1,2.3,3.0,Medium,Low,11,Friday,0,0
1226,Low,Incident,Portal,Premium,9,2,7.0,3,9.7,4.0,Low,High,20,Sunday,0,0
1227,Medium,Incident,Email,Standard,7,0,1.8,1,8.4,4.0,Low,Low,18,Tuesday,0,1
1228,Medium,Incident,Email,Premium,9,0,6.4,1,2.9,2.0,Medium,Medium,15,Wednesday,0,0
1229,Critical,Incident,Portal,Premium,7,1,9.1,1,3.5,3.0,High,Low,23,Monday,1,0
1230,High,Incident,Portal,Premium,9,2,6.6,2,6.3,2.0,Medium,High,1,Friday,0,0
1231,Low,Incident,Portal,Standard,6,2,5.0,1,7.3,1.0,Low,Medium,22,Monday,0,1
1232,Medium,Incident,Email,Standard,11,2,7.7,3,30.4,2.0,High,Low,15,Thursday,1,1
1233,Medium,Incident,Email,Premium,12,1,14.3,1,11.1,1.0,Medium,Low,0,Thursday,0,0
1234,Medium,Service Request,Email,Enterprise,8,1,13.0,3,9.3,3.0,Low,Low,18,Wednesday,1,0
1235,Medium,Incident,Portal,Premium,7,2,,1,11.1,3.0,Low,Low,19,Saturday,0,1
1236,Medium,Service Request,Email,Standard,12,2,7.9,1,22.6,1.0,Low,Medium,1,Monday,0,1
1237,High,Service Request,Portal,Enterprise,7,0,3.6,1,,1.0,High,High,0,Monday,1,1
1238,High,Problem,Monitoring,Premium,9,3,3.1,2,10.8,2.0,Low,Low,7,Sunday,0,1
1239,Critical,Incident,Phone,Standard,6,0,11.0,3,1.9,1.0,Low,Medium,4,Monday,0,0
1240,Medium,Problem,Portal,Standard,12,1,,2,9.1,1.0,Medium,Medium,19,Monday,0,0
1241,High,Incident,Phone,Enterprise,7,1,9.5,3,8.6,1.0,Low,Medium,14,Sunday,1,0
1242,High,Service Request,Monitoring,Premium,10,2,8.4,2,5.6,1.0,Medium,Medium,14,Friday,0,0
1243,Medium,Service Request,Portal,Premium,16,0,11.9,2,12.9,1.0,Medium,Medium,11,Friday,0,0
1244,Critical,Service Request,Portal,Standard,5,1,8.0,2,9.0,1.0,Low,Low,13,Tuesday,0,0
1245,Low,Incident,Portal,Enterprise,9,2,9.5,1,4.4,3.0,Medium,High,0,Saturday,1,1
1246,Medium,Incident,Monitoring,Standard,9,0,7.9,2,7.7,1.0,Medium,Low,22,Saturday,0,0
1247,Medium,Problem,Email,Enterprise,7,3,1.4,1,5.7,1.0,Low,Low,12,Sunday,1,0
1248,Low,Incident,Phone,Premium,9,0,8.2,4,7.5,1.0,Medium,Low,12,Tuesday,0,0
1249,Medium,Incident,Phone,Premium,9,1,4.0,2,7.5,1.0,Medium,Low,12,Tuesday,0,0
1250,Critical,Incident,Portal,Enterprise,5,1,10.1,1,,2.0,High,Low,18,Wednesday,0,0
1251,High,Incident,Portal,Standard,5,1,7.6,4,6.5,2.0,Medium,Low,11,Saturday,0,0
1252,Low,Service Request,Phone,Premium,11,1,7.2,2,12.7,2.0,Medium,Medium,16,Thursday,0,1
1253,Medium,Incident,Portal,Enterprise,7,1,12.2,1,5.3,2.0,Medium,Medium,2,Monday,0,0
1254,Medium,Service Request,Portal,Enterprise,7,0,4.4,1,13.6,1.0,Low,High,8,Monday,1,1
1255,Medium,Access,Portal,Standard,11,3,6.5,1,14.3,4.0,Medium,Low,0,Thursday,0,0
1256,High,Service Request,Phone,Enterprise,8,1,3.8,2,7.5,3.0,Medium,High,14,Thursday,0,0
1257,High,Incident,Monitoring,Standard,5,0,13.6,1,8.1,2.0,Medium,Low,13,Saturday,1,0
1258,Low,Problem,Phone,Standard,8,2,4.1,1,8.9,0.0,Medium,Low,5,Saturday,1,0
1259,Low,Incident,Portal,Premium,8,2,12.6,1,17.9,3.0,Low,Medium,18,Saturday,0,0
1260,Medium,Incident,Portal,Standard,9,2,4.2,1,5.5,4.0,Low,High,10,Wednesday,0,0
1261,Medium,Access,Portal,Enterprise,9,1,6.8,1,12.2,4.0,Low,Low,20,Saturday,0,0
1262,Medium,Incident,Phone,Enterprise,7,2,10.4,3,8.3,2.0,Medium,Low,8,Friday,0,0
1263,Low,Problem,Phone,Standard,13,0,12.7,1,6.5,0.0,Low,Medium,0,Monday,1,0
1264,Critical,Service Request,Portal,Premium,6,0,2.7,4,15.1,3.0,High,Low,0,Monday,0,1
1265,Medium,Incident,Portal,Standard,12,2,13.9,2,24.8,4.0,Low,Low,8,Wednesday,0,0
1266,Low,Service Request,Monitoring,Enterprise,6,0,13.7,4,,1.0,Low,Low,12,Sunday,0,0
1267,Medium,Service Request,Portal,Enterprise,4,0,12.5,1,10.9,1.0,Low,Low,15,Tuesday,1,0
1268,Low,Incident,Email,Enterprise,5,1,14.3,1,23.7,0.0,High,Low,4,Tuesday,0,0
1269,Medium,Incident,Portal,Enterprise,6,1,1.3,3,9.8,0.0,Low,Low,10,Friday,1,1
1270,Medium,Service Request,Portal,Standard,3,2,9.2,1,5.5,1.0,Low,Low,2,Monday,1,0
1271,High,Service Request,Portal,Premium,5,0,6.9,1,14.3,1.0,High,Low,23,Thursday,0,1
1272,Medium,Incident,Portal,Standard,6,0,7.8,1,11.4,3.0,Low,High,16,Thursday,0,0
1273,Critical,Incident,Phone,Standard,5,1,12.0,2,16.3,2.0,Low,Medium,17,Friday,0,0
1274,Medium,Access,Portal,Premium,9,0,2.2,1,11.1,0.0,Low,Medium,8,Sunday,1,1
1275,Medium,Incident,Phone,Enterprise,11,0,,2,2.5,1.0,Low,High,0,Sunday,1,0
1276,High,Service Request,Portal,Premium,9,2,3.8,1,6.3,2.0,High,Low,21,Wednesday,0,0
1277,Medium,Incident,Portal,Standard,5,0,10.9,2,2.9,3.0,High,High,6,Monday,0,0
1278,Medium,Service Request,Monitoring,Standard,3,2,13.2,1,5.7,3.0,High,Medium,1,Sunday,0,0
1279,Low,Incident,Email,Enterprise,4,2,12.2,2,2.2,3.0,Low,High,11,Wednesday,0,0
1280,Medium,Access,Portal,Premium,7,1,6.9,1,13.0,1.0,Medium,High,12,Monday,0,0
1281,Low,Incident,Email,Premium,6,2,1.6,1,4.8,4.0,Medium,Low,4,Wednesday,0,1
1282,Critical,Problem,Phone,Standard,19,1,3.3,4,19.4,3.0,Medium,High,12,Friday,0,1
1283,Medium,Incident,Portal,Premium,10,2,11.1,1,1.6,3.0,Low,Low,15,Wednesday,0,0
1284,Medium,Service Request,Phone,Enterprise,2,1,4.0,1,6.9,0.0,Low,Medium,18,Monday,1,0
1285,Medium,Problem,Email,Premium,7,1,7.1,2,3.2,,Low,Medium,1,Wednesday,0,0
1286,Medium,Incident,Phone,Standard,7,1,7.5,1,13.7,3.0,Low,High,5,Saturday,0,0
1287,Critical,Incident,Email,Premium,7,1,4.7,1,5.5,2.0,Low,Medium,18,Friday,1,0
1288,Medium,Incident,Phone,Premium,5,1,14.4,1,3.0,1.0,Low,Medium,10,Friday,0,0
1289,High,Problem,Email,Premium,8,1,2.3,1,19.5,0.0,High,Low,18,Monday,0,1
1290,Medium,Incident,Phone,Enterprise,9,0,3.4,3,,1.0,Low,Medium,10,Sunday,1,0
1291,Low,Access,Email,Standard,8,3,2.7,1,7.8,,High,Low,22,Thursday,0,0
1292,Medium,Incident,Portal,Premium,5,0,0.8,1,10.5,2.0,High,Low,1,Saturday,0,0
1293,Medium,Incident,Email,Premium,9,1,8.5,1,15.5,1.0,Low,Medium,1,Tuesday,0,0
1294,Medium,Incident,Portal,Premium,8,0,8.8,2,3.4,0.0,Low,Medium,1,Thursday,0,0
1295,Medium,Access,Phone,Standard,3,2,11.1,1,6.3,2.0,Medium,Medium,4,Tuesday,0,0
1296,Medium,Incident,Portal,Standard,7,2,3.7,4,9.0,2.0,High,High,19,Sunday,0,0
1297,Medium,Incident,Portal,Premium,3,2,8.8,2,13.2,2.0,Low,Medium,18,Monday,1,1
1298,Medium,Incident,Monitoring,Premium,7,0,2.9,2,23.7,3.0,High,High,9,Saturday,0,1
1299,High,Incident,Email,Enterprise,11,1,2.2,1,4.4,0.0,Low,Medium,8,Friday,0,1
1300,Medium,Problem,Phone,Standard,5,2,13.2,1,3.8,4.0,Low,Low,10,Thursday,0,0
1301,Medium,Service Request,Email,Enterprise,7,1,1.7,2,11.6,1.0,Low,Medium,23,Saturday,0,1
1302,Low,Incident,Email,Premium,5,0,2.0,4,1.8,3.0,Low,High,6,Monday,1,0
1303,Critical,Service Request,Email,Premium,7,0,10.3,4,11.1,3.0,Low,Medium,3,Friday,1,1
1304,Medium,Problem,Phone,Premium,11,3,5.4,2,11.4,0.0,Low,Low,16,Sunday,1,0
1305,High,Service Request,Portal,Enterprise,9,2,,1,8.7,2.0,Medium,Low,6,Thursday,0,0
1306,Low,Service Request,Portal,Standard,8,1,11.3,1,14.6,2.0,Medium,Medium,9,Sunday,1,1
1307,Medium,Incident,Phone,Standard,13,1,5.5,1,8.3,2.0,Low,Low,11,Friday,0,0
1308,Medium,Service Request,Portal,Enterprise,3,2,2.2,1,10.8,4.0,Medium,Medium,13,Sunday,0,1
1309,High,Incident,Phone,Premium,9,2,11.5,1,,1.0,Medium,High,9,Wednesday,0,1
1310,Medium,Incident,Portal,Standard,10,2,2.6,3,13.5,1.0,Low,Low,0,Wednesday,0,0
1311,Medium,Problem,Phone,Standard,3,1,12.5,1,37.8,2.0,Low,Medium,3,Sunday,1,1
1312,Critical,Service Request,Portal,Standard,6,0,0.9,1,5.4,1.0,High,Medium,11,Friday,0,1
1313,Low,Incident,Email,Premium,6,0,14.8,1,7.2,1.0,Low,Medium,8,Tuesday,0,0
1314,Critical,Incident,Portal,Enterprise,4,0,9.7,1,,2.0,Low,Medium,7,Saturday,0,1
1315,Medium,Service Request,Email,Standard,6,1,4.9,2,17.1,1.0,Medium,Medium,5,Wednesday,0,0
1316,High,Incident,Monitoring,Premium,5,1,6.2,1,4.1,0.0,Low,High,18,Monday,1,0
1317,Medium,Incident,Portal,Standard,7,2,8.3,2,4.6,1.0,High,Low,6,Wednesday,0,0
1318,Medium,Incident,Monitoring,Standard,15,0,3.4,1,4.1,2.0,Medium,High,15,Sunday,0,0
1319,Medium,Incident,Phone,Premium,7,1,4.0,4,9.6,,Low,High,2,Wednesday,0,0
1320,High,Service Request,Monitoring,Standard,1,0,,1,7.1,2.0,Low,Low,12,Monday,0,0
1321,Medium,Problem,Email,Standard,11,1,2.9,2,5.3,5.0,Low,Medium,10,Thursday,0,0
1322,High,Incident,Phone,Standard,14,2,4.2,2,2.7,2.0,Low,Medium,22,Thursday,0,0
1323,High,Incident,Phone,Premium,5,1,4.1,1,15.0,2.0,Low,Medium,12,Tuesday,0,0
1324,Medium,Incident,Phone,Standard,7,1,4.5,1,17.3,3.0,Medium,Low,11,Wednesday,1,1
1325,Medium,Incident,Email,Standard,8,0,11.3,1,9.3,2.0,Low,High,4,Sunday,0,0
1326,High,Incident,Phone,Premium,10,1,4.4,4,7.5,2.0,Low,Medium,23,Saturday,1,0
1327,High,Service Request,Phone,Standard,10,1,5.5,1,13.3,0.0,Medium,Medium,17,Saturday,0,1
1328,High,Incident,Portal,Standard,9,1,6.0,2,11.6,1.0,High,Medium,20,Friday,0,0
1329,Medium,Access,Phone,Premium,15,1,12.2,1,3.5,0.0,Medium,Low,22,Monday,0,0
1330,Medium,Problem,Portal,Premium,6,1,5.0,1,11.5,0.0,Medium,Low,19,Monday,1,0
1331,Critical,Problem,Email,Standard,8,0,9.4,1,11.4,4.0,Medium,High,11,Thursday,1,1
1332,Medium,Incident,Monitoring,Standard,8,0,13.1,1,14.9,2.0,Medium,Low,16,Thursday,0,0
1333,Low,Incident,Portal,Premium,5,1,6.6,1,6.3,,Low,Low,3,Tuesday,0,0
1334,Low,Incident,Phone,Standard,4,2,9.5,1,6.5,4.0,High,Low,21,Monday,1,0
1335,Medium,Incident,Email,Standard,12,0,5.4,2,9.1,3.0,Medium,High,0,Saturday,0,0
1336,Low,Problem,Monitoring,Standard,14,2,10.6,2,8.2,3.0,High,Low,10,Tuesday,0,0
1337,Medium,Service Request,Phone,Premium,7,1,9.9,1,4.2,3.0,Low,Medium,17,Sunday,0,0
1338,Low,Incident,Email,Premium,9,1,1.6,1,12.2,0.0,Low,Low,21,Tuesday,0,1
1339,High,Service Request,Portal,Premium,5,0,14.2,1,22.8,1.0,Low,High,13,Tuesday,0,1
1340,Medium,Incident,Phone,Standard,7,3,14.6,1,9.2,1.0,Low,High,5,Monday,0,1
1341,Medium,Problem,Portal,Standard,7,1,13.2,2,8.5,3.0,Low,Low,3,Thursday,0,1
1342,High,Incident,Monitoring,Premium,4,1,6.4,2,18.1,2.0,High,Medium,3,Friday,0,1
1343,Low,Problem,Phone,Premium,6,2,12.8,1,14.2,3.0,Low,Low,4,Monday,1,1
1344,Medium,Problem,Email,Enterprise,6,2,10.7,3,3.6,1.0,Medium,Low,15,Saturday,0,0
1345,Low,Incident,Phone,Enterprise,12,0,7.6,1,1.2,0.0,Medium,Low,18,Thursday,0,0
1346,High,Access,Phone,Standard,6,1,9.0,1,1.7,3.0,Low,Medium,5,Tuesday,0,1
1347,Critical,Service Request,Monitoring,Standard,13,1,,1,1.9,,Low,Medium,0,Sunday,0,0
1348,Low,Problem,Portal,Standard,6,2,7.1,1,4.1,1.0,Low,High,16,Thursday,0,0
1349,Medium,Incident,Phone,Standard,11,1,4.1,1,6.2,3.0,Medium,Medium,14,Monday,1,0
1350,High,Incident,Portal,Standard,10,1,12.5,1,8.2,3.0,Low,Low,23,Saturday,0,0
1351,Medium,Service Request,Email,Premium,6,0,3.7,2,,1.0,Low,Low,4,Wednesday,0,0
1352,High,Incident,Email,Enterprise,9,1,,1,6.1,4.0,Low,Medium,6,Friday,0,0
1353,Critical,Incident,Phone,Standard,16,3,4.5,2,4.8,2.0,Low,High,10,Thursday,0,1
1354,Medium,Incident,Portal,Standard,9,0,1.2,3,,2.0,Medium,Medium,20,Thursday,0,0
1355,Low,Service Request,Phone,Standard,8,0,5.6,2,0.6,1.0,Low,Medium,17,Thursday,1,0
1356,Low,Incident,Phone,Standard,7,4,8.5,1,12.3,3.0,Low,Low,7,Monday,0,0
1357,High,Service Request,Portal,Standard,9,1,3.7,3,7.2,1.0,Low,Medium,4,Monday,1,0
1358,Low,Incident,Email,Standard,5,1,9.3,1,4.9,2.0,Low,Low,7,Tuesday,0,0
1359,Low,Incident,Portal,Standard,8,0,10.8,1,12.8,4.0,Medium,Medium,20,Monday,0,0
1360,Low,Incident,Monitoring,Premium,14,2,8.9,2,4.8,0.0,High,Low,23,Wednesday,1,0
1361,Low,Incident,Monitoring,Standard,4,1,8.5,2,12.4,3.0,Low,High,2,Friday,0,1
1362,High,Incident,Phone,Standard,12,1,1.4,2,6.4,2.0,High,High,9,Sunday,0,0
1363,Medium,Incident,Phone,Standard,14,1,13.4,1,2.5,2.0,Low,Medium,19,Friday,0,0
1364,High,Incident,Portal,Standard,5,2,2.4,2,,4.0,Medium,Low,9,Saturday,1,0
1365,Low,Service Request,Email,Enterprise,9,2,,3,8.6,2.0,Low,Low,11,Thursday,1,1
1366,Medium,Service Request,Portal,Enterprise,7,1,12.4,2,8.1,3.0,Low,Low,1,Wednesday,0,0
1367,Medium,Incident,Portal,Standard,9,0,13.7,2,2.1,1.0,Low,Medium,7,Tuesday,0,0
1368,Medium,Incident,Portal,Premium,14,1,6.8,1,12.2,3.0,Medium,Low,19,Friday,0,1
1369,Medium,Service Request,Portal,Standard,7,0,2.8,4,1.2,1.0,Medium,Low,23,Monday,0,0
1370,Critical,Incident,Email,Standard,8,4,14.2,1,3.4,1.0,Medium,High,13,Wednesday,0,0
1371,High,Incident,Email,Standard,7,1,10.9,1,4.7,1.0,Low,Low,5,Tuesday,0,1
1372,Critical,Incident,Portal,Standard,8,1,9.2,4,4.2,0.0,Low,Low,22,Tuesday,0,0
1373,Medium,Incident,Portal,Standard,10,2,13.5,1,6.1,3.0,Low,Medium,16,Tuesday,0,0
1374,Medium,Service Request,Portal,Premium,13,0,0.7,1,4.3,2.0,Low,Medium,2,Saturday,0,1
1375,Low,Service Request,Phone,Standard,4,2,2.2,4,9.0,,Medium,Medium,19,Monday,0,0
1376,Low,Incident,Portal,Standard,9,2,5.8,3,11.2,3.0,Low,High,19,Monday,0,0
1377,Medium,Incident,Email,Standard,5,0,13.1,2,11.8,0.0,Medium,Low,5,Wednesday,1,0
1378,Low,Incident,Email,Premium,10,1,11.6,2,8.0,3.0,High,Medium,18,Sunday,0,0
1379,High,Problem,Portal,Enterprise,5,0,13.9,1,7.8,0.0,Low,Low,23,Sunday,0,0
1380,Low,Incident,Portal,Premium,7,2,13.5,1,6.0,3.0,Low,Low,17,Sunday,0,0
1381,Medium,Incident,Portal,Enterprise,6,2,9.8,3,2.6,,Low,High,17,Friday,1,0
1382,Medium,Service Request,Monitoring,Standard,12,0,14.5,1,4.7,1.0,Medium,High,23,Monday,0,0
1383,Medium,Incident,Portal,Standard,6,1,14.2,3,4.0,2.0,Medium,Medium,17,Thursday,1,0
1384,High,Incident,Portal,Standard,8,0,3.5,3,12.3,0.0,Low,Medium,16,Friday,0,1
1385,Medium,Incident,Portal,Premium,3,0,13.7,1,9.8,1.0,Medium,Low,4,Tuesday,0,0
1386,Low,Service Request,Email,Enterprise,9,3,13.8,2,5.9,,Medium,Low,9,Wednesday,1,0
1387,Medium,Access,Portal,Standard,8,1,7.2,4,13.4,2.0,Medium,Medium,14,Tuesday,0,0
1388,Critical,Incident,Portal,Enterprise,5,1,8.3,1,13.1,2.0,Low,Low,18,Tuesday,1,1
1389,Low,Service Request,Portal,Enterprise,10,0,9.4,1,8.4,5.0,Low,High,21,Wednesday,0,0
1390,High,Incident,Monitoring,Standard,8,1,6.3,2,7.6,1.0,Low,High,9,Sunday,0,0
1391,Medium,Problem,Portal,Standard,10,0,3.5,1,20.5,2.0,High,High,20,Wednesday,0,1
1392,Medium,Incident,Phone,Standard,7,2,15.0,2,7.8,2.0,Medium,Medium,23,Wednesday,1,0
1393,High,Incident,Portal,Standard,3,1,10.7,2,2.0,1.0,Low,Medium,4,Thursday,0,0
1394,Low,Access,Email,Standard,9,3,10.3,2,3.1,1.0,Low,Medium,18,Sunday,0,0
1395,Low,Service Request,Email,Premium,6,1,8.9,4,10.0,3.0,Low,Low,12,Friday,0,0
1396,Medium,Incident,Phone,Standard,11,2,4.6,1,7.2,0.0,Low,Low,16,Friday,1,0
1397,Medium,Incident,Portal,Premium,11,2,2.0,2,12.1,2.0,Low,Low,16,Monday,0,1
1398,High,Incident,Email,Standard,9,2,9.4,1,16.8,2.0,Medium,High,20,Monday,1,1
1399,Medium,Access,Email,Enterprise,11,3,8.1,3,11.2,,Low,Medium,7,Monday,0,0
1400,Medium,Incident,Monitoring,Enterprise,5,2,13.4,2,9.2,2.0,Low,Low,12,Saturday,1,0
1401,High,Service Request,Portal,Enterprise,9,0,7.2,1,7.2,3.0,High,Low,5,Monday,1,1
1402,High,Service Request,Portal,Premium,11,2,5.2,2,1.4,1.0,Low,Low,17,Monday,1,0
1403,Medium,Access,Portal,Premium,5,1,11.6,1,14.3,2.0,Low,Low,10,Saturday,0,0
1404,High,Service Request,Portal,Standard,5,2,2.2,1,2.1,3.0,High,Low,18,Sunday,1,1
1405,High,Problem,Portal,Standard,8,0,10.3,1,7.2,3.0,Medium,Low,16,Thursday,0,1
1406,High,Incident,Portal,Standard,11,1,12.5,2,7.4,3.0,Low,Low,15,Thursday,1,0
1407,Low,Problem,Portal,Standard,6,1,14.6,4,10.6,,Low,Low,13,Wednesday,0,0
1408,High,Access,Email,Standard,5,1,3.8,1,5.5,0.0,High,Low,16,Monday,0,0
1409,Critical,Incident,Phone,Premium,9,1,8.5,1,9.8,2.0,Medium,Low,21,Wednesday,0,0
1410,Low,Incident,Portal,Standard,6,0,12.1,3,2.4,2.0,Low,Low,7,Saturday,1,0
1411,Medium,Service Request,Email,Enterprise,5,3,11.8,1,8.6,2.0,Low,Medium,16,Tuesday,0,1
1412,Medium,Incident,Email,Premium,9,1,14.9,2,5.9,,Low,Medium,6,Sunday,1,0
1413,High,Incident,Email,Premium,9,1,2.9,1,2.0,4.0,Medium,Low,13,Tuesday,1,1
1414,Medium,Incident,Email,Enterprise,8,1,3.7,1,20.0,1.0,Medium,Medium,6,Thursday,1,1
1415,High,Service Request,Monitoring,Standard,8,5,8.2,2,6.1,1.0,High,High,8,Thursday,0,1
1416,High,Incident,Portal,Enterprise,7,2,11.0,2,9.0,1.0,Low,Medium,1,Saturday,0,0
1417,Medium,Incident,Phone,Enterprise,6,0,1.5,1,20.1,2.0,Low,Low,16,Monday,0,1
1418,High,Access,Email,Standard,8,0,5.0,1,6.8,3.0,Medium,High,23,Friday,0,1
1419,Medium,Incident,Phone,Premium,9,1,11.6,4,,1.0,Low,Low,4,Saturday,0,0
1420,Medium,Access,Phone,Standard,8,1,4.0,2,7.4,0.0,Medium,Low,21,Monday,0,1
1421,Low,Service Request,Portal,Standard,6,0,7.2,3,9.7,4.0,Medium,Medium,5,Thursday,1,0
1422,Medium,Incident,Email,Enterprise,8,1,9.4,1,2.6,0.0,Medium,Medium,8,Sunday,0,0
1423,Low,Service Request,Portal,Standard,8,0,6.3,1,18.2,4.0,High,High,21,Wednesday,0,0
1424,High,Problem,Email,Premium,7,0,5.2,1,2.8,1.0,Medium,Medium,22,Thursday,0,0
1425,Low,Service Request,Email,Premium,10,1,5.8,2,8.2,3.0,Medium,Low,20,Wednesday,0,0
1426,Critical,Incident,Monitoring,Enterprise,7,1,5.7,2,17.7,3.0,High,Low,17,Wednesday,0,0
1427,Low,Service Request,Portal,Standard,9,2,1.8,1,13.0,2.0,High,Medium,19,Wednesday,1,1
1428,Medium,Incident,Phone,Enterprise,4,2,1.7,3,14.6,6.0,Medium,Low,10,Friday,0,0
1429,Critical,Incident,Email,Standard,7,0,10.8,1,9.3,2.0,Medium,Low,5,Sunday,0,0
1430,High,Incident,Portal,Premium,3,2,13.0,1,36.3,0.0,Medium,Medium,4,Tuesday,0,1
1431,High,Incident,Portal,Enterprise,4,0,9.9,1,2.8,5.0,High,Low,17,Saturday,0,1
1432,Low,Incident,Email,Standard,9,2,10.3,1,9.6,2.0,Low,High,4,Wednesday,0,1
1433,High,Service Request,Email,Standard,4,2,8.6,1,4.0,0.0,High,Medium,23,Monday,1,0
1434,Medium,Incident,Phone,Premium,6,2,3.9,2,5.2,0.0,Low,Medium,0,Monday,1,0
1435,Low,Incident,Email,Standard,8,1,8.0,2,16.8,2.0,High,Medium,3,Thursday,0,1
1436,Low,Service Request,Monitoring,Premium,9,2,7.5,1,18.3,5.0,Low,Medium,22,Saturday,1,1
1437,Medium,Service Request,Email,Standard,11,0,14.4,3,18.6,1.0,High,Medium,6,Tuesday,1,0
1438,Medium,Incident,Monitoring,Standard,7,0,5.3,3,23.3,3.0,Medium,Low,8,Tuesday,0,1
1439,Low,Incident,Portal,Enterprise,13,2,2.6,1,3.7,2.0,Low,Low,11,Tuesday,1,1
1440,Low,Service Request,Portal,Enterprise,6,1,5.3,2,16.2,3.0,Medium,Low,6,Friday,1,1
1441,Medium,Incident,Phone,Standard,10,1,4.6,2,12.1,3.0,Medium,Low,21,Tuesday,0,0
1442,Medium,Access,Email,Standard,9,2,8.8,4,16.5,3.0,Medium,Low,22,Sunday,0,0
1443,High,Incident,Email,Enterprise,9,2,11.7,1,14.4,1.0,Low,Medium,19,Friday,0,0
1444,Critical,Incident,Portal,Enterprise,10,0,11.7,1,11.3,3.0,Low,Low,20,Sunday,1,1
1445,Medium,Incident,Portal,Premium,5,1,4.0,2,4.3,1.0,Low,High,5,Saturday,1,0
1446,High,Service Request,Portal,Premium,8,3,13.4,1,2.3,2.0,Medium,Low,1,Wednesday,1,0
1447,Medium,Incident,Portal,Enterprise,12,1,14.8,2,3.2,2.0,Low,Low,8,Tuesday,0,0
1448,Medium,Incident,Portal,Standard,11,3,12.5,4,11.9,1.0,Low,Medium,12,Thursday,0,0
1449,High,Incident,Portal,Standard,10,3,12.6,1,7.4,0.0,Low,Medium,2,Monday,0,0
1450,High,Access,Monitoring,Standard,12,3,14.3,1,3.9,2.0,Low,Low,12,Monday,0,0
1451,High,Incident,Phone,Enterprise,11,2,1.6,2,9.4,,Low,Low,5,Saturday,1,1
1452,High,Service Request,Portal,Standard,11,1,7.1,2,3.2,2.0,Low,Low,19,Saturday,1,1
1453,Medium,Service Request,Portal,Enterprise,6,2,5.9,4,1.1,1.0,Low,Medium,0,Sunday,0,0
1454,High,Service Request,Phone,Enterprise,9,2,13.3,2,8.4,2.0,Low,Medium,6,Thursday,1,0
1455,High,Service Request,Email,Standard,7,0,3.1,2,21.7,2.0,Medium,Medium,1,Sunday,0,1
1456,Medium,Incident,Phone,Standard,8,1,,4,16.8,1.0,Low,Low,5,Tuesday,0,0
1457,Medium,Access,Email,Premium,13,1,9.3,1,3.5,2.0,High,Low,14,Sunday,0,0
1458,High,Incident,Phone,Premium,16,0,10.8,2,8.9,4.0,Low,Medium,6,Wednesday,0,0
1459,Medium,Incident,Email,Standard,20,0,8.5,1,11.5,4.0,High,Low,22,Friday,0,1
1460,Medium,Incident,Phone,Standard,8,0,4.1,2,12.9,1.0,High,High,21,Thursday,0,1
1461,Medium,Incident,Portal,Premium,3,3,12.4,1,6.1,1.0,Medium,Medium,1,Friday,0,0
1462,Low,Access,Phone,Premium,3,2,4.4,1,3.2,3.0,Low,Low,10,Tuesday,1,0
1463,Medium,Incident,Phone,Enterprise,10,4,5.5,1,8.8,1.0,Medium,Low,14,Saturday,1,0
1464,High,Service Request,Phone,Premium,8,0,14.4,2,6.5,2.0,Medium,Low,2,Friday,1,0
1465,Low,Incident,Monitoring,Premium,10,0,10.6,1,,3.0,Low,Low,4,Monday,0,0
1466,High,Service Request,Portal,Enterprise,10,1,14.0,1,19.7,4.0,Low,Medium,15,Monday,1,0
1467,Low,Service Request,Monitoring,Standard,10,1,1.1,1,2.8,3.0,Medium,Low,5,Thursday,0,0
1468,High,Incident,Portal,Standard,12,2,14.0,1,11.3,1.0,Medium,Low,10,Monday,1,1
1469,Low,Incident,Portal,Standard,9,0,10.6,3,4.6,2.0,Low,Low,22,Monday,0,0
1470,Critical,Service Request,Phone,Enterprise,6,1,1.1,1,11.2,,Medium,High,1,Friday,0,0
1471,Low,Problem,Phone,Premium,10,2,8.1,4,9.4,1.0,High,Medium,11,Tuesday,1,1
1472,Critical,Incident,Portal,Standard,8,1,5.7,1,23.0,1.0,Low,High,11,Saturday,0,1
1473,Critical,Incident,Phone,Premium,6,2,11.9,1,1.5,2.0,Low,Low,0,Friday,0,0
1474,Medium,Problem,Monitoring,Standard,10,2,1.9,2,3.1,4.0,Low,Medium,3,Monday,1,0
1475,Medium,Service Request,Phone,Enterprise,13,1,9.2,2,8.5,1.0,Medium,Low,5,Thursday,0,0
1476,Critical,Incident,Phone,Premium,5,1,3.4,1,12.5,1.0,Medium,High,0,Friday,0,0
1477,High,Problem,Phone,Premium,8,1,2.0,1,6.8,1.0,Medium,Medium,7,Tuesday,0,0
1478,Low,Problem,Portal,Standard,10,1,8.4,1,10.2,1.0,Medium,Medium,2,Friday,1,0
1479,Medium,Incident,Email,Premium,4,1,11.0,2,11.8,0.0,High,High,17,Thursday,1,1
1480,Low,Service Request,Portal,Standard,9,1,12.9,4,3.8,4.0,Medium,Medium,20,Saturday,0,0
1481,Low,Incident,Monitoring,Premium,9,1,11.4,1,15.3,1.0,Low,High,6,Saturday,0,0
1482,Critical,Incident,Email,Enterprise,8,1,4.7,1,1.7,4.0,Low,Low,9,Friday,1,0
1483,Low,Problem,Phone,Standard,7,2,6.2,1,5.2,2.0,High,Low,7,Sunday,0,0
1484,High,Incident,Email,Premium,6,0,10.6,1,1.7,3.0,High,Low,10,Wednesday,0,1
1485,Medium,Service Request,Portal,Premium,6,0,3.6,1,3.5,4.0,Low,Low,11,Monday,0,0
1486,High,Incident,Phone,Premium,6,0,2.2,1,3.6,1.0,Low,Medium,10,Thursday,0,0
1487,Critical,Service Request,Monitoring,Premium,7,1,14.2,1,6.8,2.0,High,Medium,20,Monday,0,0
1488,Low,Service Request,Phone,Enterprise,10,1,7.2,1,10.0,3.0,Low,Medium,4,Wednesday,0,0
1489,Low,Incident,Portal,Standard,9,1,4.1,1,3.4,1.0,High,Low,11,Tuesday,1,0
1490,Low,Incident,Email,Premium,10,2,9.5,2,10.2,2.0,Low,High,7,Thursday,0,0
1491,High,Access,Monitoring,Standard,13,3,,1,14.3,3.0,High,Medium,22,Wednesday,1,1
1492,Medium,Service Request,Email,Standard,12,0,2.5,1,14.5,0.0,Low,Medium,1,Thursday,0,0
1493,Medium,Service Request,Monitoring,Enterprise,9,0,5.8,2,7.1,4.0,Low,High,1,Monday,0,1
1494,Critical,Incident,Portal,Enterprise,12,1,,2,6.7,7.0,Low,Low,5,Saturday,0,0
1495,Critical,Problem,Portal,Standard,8,2,11.9,2,6.4,2.0,Low,High,18,Wednesday,0,1
1496,Low,Problem,Portal,Premium,6,1,,2,19.7,3.0,Medium,Low,20,Sunday,0,0
1497,Medium,Problem,Phone,Enterprise,8,3,4.3,2,6.9,1.0,Medium,Medium,15,Friday,0,0
1498,Low,Incident,Monitoring,Standard,8,2,0.7,2,11.2,1.0,Low,High,1,Tuesday,0,1
1499,Medium,Service Request,Portal,Enterprise,13,0,4.5,4,5.4,2.0,Medium,Low,8,Saturday,0,0
1500,High,Access,Monitoring,Enterprise,6,1,14.4,1,4.0,1.0,Medium,Medium,13,Thursday,0,0
1501,High,Problem,Email,Premium,5,1,,1,12.1,0.0,Low,Low,4,Tuesday,0,0
1502,Critical,Incident,Monitoring,Standard,6,0,6.1,4,6.4,3.0,Low,Low,12,Saturday,0,0
1503,Medium,Service Request,Portal,Premium,4,0,10.2,1,9.9,4.0,Low,Low,8,Wednesday,0,0
1504,Medium,Incident,Monitoring,Enterprise,9,4,12.9,3,4.5,6.0,Low,Low,20,Wednesday,0,0
1505,High,Service Request,Phone,Standard,6,0,8.6,1,4.7,2.0,Low,Medium,20,Tuesday,0,0
1506,Medium,Incident,Portal,Standard,11,0,0.6,1,6.7,0.0,Low,High,10,Wednesday,1,1
1507,High,Service Request,Portal,Standard,12,1,1.6,1,7.4,1.0,Low,Low,5,Tuesday,1,1
1508,High,Incident,Monitoring,Premium,15,2,11.1,2,1.2,1.0,Low,High,0,Monday,1,0
1509,Medium,Incident,Phone,Premium,7,0,9.6,2,5.5,2.0,Medium,Medium,4,Sunday,0,0
1510,Medium,Access,Portal,Standard,10,0,10.3,3,4.0,1.0,High,Low,15,Thursday,0,0
1511,Low,Incident,Phone,Standard,10,3,10.0,1,7.0,3.0,Low,Low,23,Friday,1,0
1512,Low,Problem,Phone,Standard,10,2,4.4,1,14.5,1.0,Medium,Medium,13,Sunday,0,0
1513,High,Problem,Phone,Standard,10,1,2.1,1,5.7,3.0,High,Low,4,Tuesday,0,1
1514,High,Problem,Phone,Premium,4,2,8.0,2,5.1,2.0,Low,Low,7,Friday,1,0
1515,Low,Incident,Portal,Enterprise,4,1,8.4,2,9.9,0.0,Low,High,9,Sunday,0,0
1516,Medium,Incident,Portal,Standard,8,3,12.4,4,9.3,2.0,Low,Medium,20,Saturday,0,0
1517,High,Incident,Monitoring,Standard,6,1,13.1,2,4.4,2.0,Low,Low,19,Friday,0,0
1518,Medium,Incident,Portal,Premium,11,1,3.8,3,12.9,3.0,High,Low,17,Saturday,1,1
1519,High,Service Request,Portal,Standard,10,1,0.6,3,9.2,0.0,Low,Medium,4,Saturday,0,0
1520,Medium,Problem,Phone,Standard,5,1,14.3,1,8.0,,Low,High,23,Friday,0,0
1521,Low,Service Request,Portal,Enterprise,8,3,0.5,1,3.3,3.0,Low,Low,3,Monday,1,0
1522,High,Problem,Portal,Enterprise,8,1,,2,10.0,2.0,Low,Low,17,Sunday,0,1
1523,Low,Access,Portal,Standard,8,2,2.6,2,25.7,3.0,Medium,Low,14,Sunday,0,1
1524,High,Incident,Portal,Premium,6,1,11.6,2,4.7,,Low,Medium,19,Wednesday,0,0
1525,Low,Incident,Portal,Premium,6,1,8.5,1,21.4,2.0,High,Medium,13,Tuesday,1,0
1526,Medium,Incident,Monitoring,Premium,10,0,4.6,1,8.1,0.0,Medium,Medium,14,Thursday,0,0
1527,Medium,Service Request,Portal,Premium,6,2,8.5,1,1.8,4.0,Low,Low,20,Monday,0,0
1528,Medium,Incident,Portal,Enterprise,12,2,6.9,2,2.4,6.0,High,Low,23,Tuesday,1,0
1529,Critical,Incident,Portal,Premium,9,0,2.2,1,8.1,0.0,Low,Low,17,Friday,0,0
1530,High,Service Request,Email,Standard,12,2,0.6,2,17.8,1.0,High,Low,23,Monday,0,0
1531,Medium,Problem,Portal,Premium,10,2,10.6,1,10.7,3.0,Low,Low,2,Monday,1,0
1532,Low,Problem,Monitoring,Premium,9,1,10.8,1,6.4,2.0,Low,Low,3,Sunday,0,0
1533,Low,Problem,Email,Enterprise,6,0,2.8,3,12.2,0.0,Medium,Low,13,Wednesday,0,0
1534,Critical,Problem,Email,Standard,7,1,8.5,3,11.7,2.0,Medium,High,13,Sunday,0,0
1535,Medium,Incident,Email,Standard,10,2,6.2,1,15.4,2.0,Low,Low,19,Sunday,1,0
1536,Medium,Service Request,Phone,Premium,7,1,7.1,2,22.5,2.0,Low,Medium,22,Friday,0,1
1537,Medium,Incident,Portal,Premium,8,2,7.6,1,1.9,2.0,Medium,Medium,4,Thursday,1,0
1538,Low,Problem,Phone,Standard,10,2,2.3,2,8.4,2.0,Low,Low,1,Thursday,0,1
1539,High,Incident,Email,Standard,14,1,13.8,2,5.3,3.0,Low,Medium,17,Tuesday,0,0
1540,High,Incident,Portal,Standard,10,1,14.1,1,9.9,4.0,High,Low,3,Monday,0,0
1541,High,Access,Portal,Premium,7,2,10.7,1,1.0,2.0,Low,Medium,16,Saturday,0,0
1542,Low,Incident,Phone,Premium,7,2,13.6,1,6.8,2.0,Low,Low,11,Thursday,0,0
1543,Medium,Incident,Portal,Standard,7,1,3.3,1,8.4,2.0,Medium,Medium,0,Thursday,0,1
1544,Medium,Incident,Email,Premium,8,0,2.0,2,5.2,1.0,Medium,Medium,8,Wednesday,0,1
1545,High,Incident,Portal,Premium,7,2,3.8,3,6.6,3.0,Low,High,15,Sunday,1,1
1546,Medium,Access,Portal,Enterprise,6,1,5.2,3,18.6,2.0,High,Low,2,Friday,1,1
1547,Medium,Access,Portal,Standard,8,2,2.4,3,4.4,2.0,Medium,Medium,3,Wednesday,0,0
1548,High,Incident,Email,Standard,6,1,3.5,1,9.3,0.0,Low,Low,17,Sunday,0,0
1549,Medium,Incident,Monitoring,Enterprise,10,0,5.9,3,4.2,2.0,Low,Low,13,Thursday,1,0
1550,Critical,Access,Monitoring,Premium,11,1,13.2,2,12.0,2.0,Low,High,2,Saturday,0,0
1551,Low,Incident,Portal,Standard,7,2,11.4,1,5.7,2.0,Low,Low,6,Tuesday,0,1
1552,High,Incident,Email,Premium,8,1,10.9,1,6.2,3.0,Low,High,18,Tuesday,1,0
1553,Medium,Service Request,Phone,Standard,10,0,14.7,1,7.1,1.0,Medium,Low,9,Wednesday,0,0
1554,Medium,Service Request,Portal,Premium,6,0,2.7,1,15.7,1.0,Low,Low,10,Tuesday,0,0
1555,High,Service Request,Email,Premium,13,1,12.6,1,6.1,6.0,High,Low,15,Saturday,0,0
1556,Low,Service Request,Portal,Premium,12,2,13.6,2,17.6,4.0,Low,Medium,7,Tuesday,1,1
1557,Medium,Service Request,Phone,Premium,8,2,12.5,2,22.3,1.0,Low,Low,11,Friday,0,1
1558,Low,Incident,Portal,Standard,13,2,13.0,1,6.4,1.0,Low,Medium,7,Sunday,0,0
1559,High,Incident,Portal,Enterprise,11,1,13.6,1,18.2,2.0,Medium,Medium,19,Saturday,1,1
1560,Medium,Access,Portal,Premium,9,3,2.4,1,3.9,4.0,Low,Medium,10,Monday,0,0
1561,Medium,Access,Portal,Premium,9,1,9.1,1,24.1,1.0,Low,Low,0,Wednesday,0,0
1562,Low,Incident,Portal,Enterprise,4,0,1.3,1,12.0,,Low,Medium,11,Friday,0,1
1563,Medium,Problem,Portal,Standard,10,3,11.5,2,9.0,1.0,Low,Low,20,Tuesday,0,0
1564,Medium,Incident,Portal,Standard,9,2,2.9,1,33.5,3.0,Medium,High,14,Tuesday,0,1
1565,High,Problem,Email,Enterprise,7,1,12.6,1,9.0,1.0,Low,Medium,18,Thursday,0,0
1566,High,Incident,Email,Standard,11,2,4.2,1,12.8,2.0,Low,Low,7,Thursday,0,0
1567,Low,Problem,Portal,Standard,4,2,4.2,1,2.3,,Medium,High,0,Sunday,1,0
1568,Low,Incident,Phone,Standard,11,0,7.0,3,18.6,0.0,Low,Low,0,Tuesday,0,0
1569,Low,Access,Portal,Standard,9,0,12.8,3,0.7,4.0,High,Medium,4,Thursday,0,0
1570,High,Problem,Portal,Enterprise,14,0,13.9,4,9.8,3.0,Medium,High,1,Saturday,0,0
1571,Low,Problem,Phone,Enterprise,3,1,13.2,1,8.4,2.0,Low,High,8,Friday,0,0
1572,High,Access,Portal,Premium,8,1,6.6,3,5.0,2.0,Low,Low,9,Wednesday,0,0
1573,Low,Incident,Email,Premium,6,0,14.4,1,5.9,1.0,High,Low,9,Monday,1,0
1574,Medium,Service Request,Phone,Enterprise,7,1,6.2,1,21.8,5.0,Medium,Medium,16,Saturday,0,1
1575,Critical,Incident,Email,Premium,11,1,3.0,3,11.4,4.0,Low,Low,14,Friday,0,0
1576,High,Service Request,Phone,Standard,10,1,13.9,2,14.0,2.0,Low,High,2,Monday,0,0
1577,Low,Service Request,Phone,Premium,7,3,3.2,1,10.0,4.0,Medium,Low,3,Saturday,0,0
1578,High,Service Request,Email,Premium,14,0,13.4,4,4.8,2.0,Medium,High,0,Saturday,1,0
1579,Low,Incident,Portal,Enterprise,8,0,,3,4.6,2.0,High,Low,1,Friday,0,0
1580,High,Service Request,Phone,Enterprise,8,1,10.5,2,16.3,3.0,Low,Low,3,Tuesday,1,0
1581,Low,Incident,Monitoring,Standard,9,1,11.7,2,17.2,4.0,Medium,High,9,Sunday,0,0
1582,Medium,Service Request,Email,Standard,5,0,1.8,2,3.0,3.0,Medium,Medium,1,Saturday,0,0
1583,Medium,Access,Email,Standard,6,0,3.9,1,25.3,3.0,Medium,High,13,Friday,0,0
1584,Critical,Incident,Phone,Standard,6,1,11.3,1,8.4,2.0,Low,High,6,Tuesday,1,1
1585,High,Access,Phone,Enterprise,4,0,7.1,1,9.9,3.0,Low,Medium,12,Tuesday,0,0
1586,Low,Problem,Email,Enterprise,6,0,3.2,1,4.3,0.0,Low,Medium,9,Monday,0,0
1587,Medium,Access,Phone,Premium,6,1,12.5,1,7.7,4.0,Medium,Low,8,Thursday,0,0
1588,Critical,Service Request,Email,Premium,8,0,13.9,4,17.4,1.0,Low,Medium,13,Sunday,0,0
1589,Medium,Incident,Monitoring,Premium,8,1,11.4,2,9.6,3.0,Low,Low,0,Monday,0,1
1590,Medium,Incident,Portal,Standard,13,0,12.2,1,13.6,0.0,Medium,High,4,Friday,0,1
1591,Medium,Incident,Portal,Standard,11,2,2.1,1,10.7,3.0,Medium,Low,12,Thursday,0,0
1592,High,Incident,Portal,Standard,12,2,11.5,2,18.2,2.0,Low,Medium,13,Tuesday,1,0
1593,Medium,Incident,Email,Standard,3,4,7.1,1,4.8,,Low,Low,13,Sunday,0,0
1594,Critical,Service Request,Phone,Enterprise,3,3,4.9,1,12.0,2.0,Low,High,4,Saturday,0,1
1595,High,Incident,Email,Premium,6,1,15.0,1,9.5,0.0,Low,Low,7,Saturday,1,0
1596,Medium,Incident,Monitoring,Standard,4,0,14.5,1,5.8,1.0,Low,Low,12,Monday,0,0
1597,Medium,Service Request,Email,Standard,5,2,3.3,2,9.6,4.0,Low,Low,2,Wednesday,0,0
1598,Critical,Service Request,Portal,Enterprise,5,2,,1,8.2,1.0,High,Medium,18,Thursday,0,1
1599,High,Problem,Portal,Standard,12,1,7.2,1,21.9,0.0,Low,Low,13,Wednesday,0,0
1600,High,Problem,Portal,Enterprise,8,1,,1,14.4,1.0,Medium,High,22,Sunday,1,1
1601,Low,Incident,Portal,Standard,11,0,3.3,1,2.8,3.0,Low,Medium,23,Saturday,0,1
1602,High,Problem,Portal,Standard,7,1,14.7,1,4.1,3.0,High,Low,9,Sunday,0,1
1603,Medium,Incident,Phone,Premium,5,1,3.8,1,2.7,0.0,High,Medium,17,Monday,0,0
1604,Medium,Incident,Portal,Enterprise,9,0,1.8,2,21.3,3.0,Low,Medium,0,Monday,0,1
1605,Medium,Incident,Portal,Premium,3,1,10.5,1,7.8,1.0,Low,Low,18,Friday,0,0
1606,Medium,Service Request,Email,Enterprise,2,0,9.7,1,6.5,3.0,Medium,Medium,2,Saturday,0,0
1607,High,Incident,Portal,Standard,5,0,11.4,1,5.1,1.0,Low,Low,8,Saturday,0,0
1608,Medium,Service Request,Portal,Enterprise,9,0,14.6,2,10.0,2.0,Medium,Low,5,Friday,0,0
1609,Medium,Service Request,Portal,Premium,4,2,13.8,1,14.2,2.0,Low,Low,8,Tuesday,0,1
1610,Medium,Incident,Email,Premium,10,1,5.4,4,2.5,6.0,Medium,High,8,Friday,0,0
1611,High,Problem,Email,Standard,6,0,4.7,2,3.5,1.0,Medium,High,23,Saturday,0,0
1612,Low,Access,Portal,Standard,8,1,12.3,1,1.5,1.0,Low,High,4,Wednesday,0,0
1613,High,Incident,Phone,Standard,10,1,9.6,1,1.7,1.0,Medium,Medium,14,Tuesday,0,0
1614,High,Incident,Phone,Premium,8,0,9.2,2,3.7,,Medium,Low,12,Tuesday,0,0
1615,Medium,Incident,Portal,Standard,5,0,3.7,1,7.7,1.0,Low,Low,14,Friday,1,0
1616,Medium,Incident,Email,Premium,8,0,7.3,1,7.8,0.0,Low,Medium,0,Monday,1,0
1617,High,Problem,Phone,Standard,7,1,10.1,1,8.1,3.0,Low,High,21,Sunday,0,1
1618,Medium,Access,Portal,Premium,11,1,6.7,1,6.4,2.0,Medium,Low,19,Thursday,0,0
1619,Medium,Incident,Email,Premium,5,3,11.1,4,11.9,2.0,High,High,21,Monday,0,1
1620,Low,Incident,Email,Standard,9,0,7.5,2,19.7,4.0,Medium,Low,15,Thursday,1,1
1621,Medium,Incident,Portal,Standard,6,0,,4,13.8,3.0,Medium,High,13,Monday,0,0
1622,Medium,Service Request,Phone,Standard,10,0,6.6,3,20.8,1.0,High,Medium,13,Thursday,0,1
1623,Medium,Service Request,Monitoring,Standard,5,0,3.6,2,14.1,2.0,High,Medium,20,Sunday,0,0
1624,Critical,Access,Email,Enterprise,6,0,5.4,1,8.5,0.0,Medium,Low,11,Sunday,0,0
1625,Low,Access,Portal,Premium,3,2,2.1,1,8.9,1.0,Low,Low,11,Saturday,0,0
1626,Critical,Access,Portal,Enterprise,4,2,3.9,3,14.9,3.0,Medium,Low,13,Wednesday,0,1
1627,Critical,Incident,Portal,Standard,5,1,7.6,4,4.2,0.0,Medium,Low,11,Wednesday,0,0
1628,Medium,Service Request,Phone,Standard,9,0,8.6,1,4.8,2.0,Low,Low,11,Friday,0,1
1629,Medium,Incident,Phone,Premium,11,1,11.1,2,5.3,3.0,Medium,Low,9,Wednesday,1,1
1630,High,Incident,Portal,Standard,13,1,2.1,1,6.8,2.0,Medium,Medium,12,Thursday,0,0
1631,High,Incident,Portal,Standard,9,4,9.1,3,12.5,2.0,Medium,Medium,2,Tuesday,1,1
1632,High,Access,Phone,Standard,8,1,14.4,1,11.9,1.0,Low,Low,5,Wednesday,0,0
1633,Critical,Incident,Phone,Standard,6,1,3.8,3,12.8,3.0,Medium,Low,12,Friday,1,1
1634,Medium,Incident,Email,Standard,9,1,6.0,2,5.9,1.0,Medium,Low,0,Monday,1,0
1635,Low,Incident,Monitoring,Premium,9,2,13.7,2,17.1,2.0,Medium,Low,17,Wednesday,1,0
1636,Medium,Service Request,Email,Standard,9,3,14.3,3,6.2,0.0,High,Medium,20,Saturday,1,1
1637,Critical,Service Request,Phone,Standard,5,3,,2,12.5,2.0,Low,Medium,10,Thursday,1,1
1638,Medium,Access,Phone,Standard,9,0,5.8,3,10.3,2.0,Low,High,1,Saturday,1,0
1639,Low,Incident,Phone,Premium,8,1,12.0,1,,1.0,Low,Medium,3,Wednesday,0,0
1640,Low,Incident,Phone,Standard,2,0,8.7,2,8.3,0.0,Medium,Medium,20,Monday,1,0
1641,High,Service Request,Email,Standard,9,0,1.5,1,7.0,2.0,Low,Medium,23,Wednesday,0,1
1642,High,Access,Portal,Premium,10,1,,2,7.6,1.0,Low,Low,8,Thursday,0,1
1643,Medium,Incident,Phone,Enterprise,15,2,4.5,2,7.9,1.0,Medium,Low,13,Wednesday,0,0
1644,Critical,Service Request,Portal,Standard,6,2,8.7,2,8.2,4.0,Medium,Medium,5,Tuesday,0,1
1645,Low,Incident,Portal,Standard,7,0,5.9,3,8.3,1.0,High,Medium,7,Friday,1,1
1646,Medium,Service Request,Portal,Premium,11,0,3.0,1,4.1,1.0,Medium,Low,19,Friday,1,0
1647,Critical,Problem,Email,Standard,8,0,9.3,1,6.4,2.0,Low,High,10,Tuesday,0,1
1648,Medium,Service Request,Email,Standard,5,1,6.0,3,2.1,1.0,Medium,Medium,16,Thursday,0,0
1649,Medium,Incident,Portal,Standard,7,1,2.3,1,4.5,3.0,Medium,Medium,9,Monday,0,0
1650,Medium,Service Request,Phone,Premium,10,2,7.3,3,21.2,2.0,High,Low,12,Thursday,1,0
1651,High,Incident,Portal,Premium,5,1,1.9,1,14.3,1.0,Medium,Low,20,Thursday,0,0
1652,High,Problem,Monitoring,Standard,13,2,11.7,1,21.3,1.0,Low,Medium,6,Monday,0,0
1653,Medium,Problem,Portal,Standard,16,3,11.9,1,27.1,1.0,Low,Medium,3,Saturday,0,1
1654,Low,Incident,Email,Premium,6,1,5.0,3,5.1,2.0,Medium,Low,5,Sunday,1,0
1655,High,Incident,Email,Premium,8,1,4.5,1,7.2,4.0,Medium,High,22,Wednesday,0,0
1656,Critical,Problem,Monitoring,Standard,4,1,7.7,2,5.4,2.0,High,Medium,17,Friday,0,0
1657,Medium,Incident,Monitoring,Enterprise,7,0,7.2,1,3.3,0.0,Medium,Low,1,Saturday,0,0
1658,Critical,Incident,Phone,Premium,3,1,3.5,1,15.8,1.0,Medium,High,23,Sunday,0,1
1659,Low,Service Request,Phone,Standard,14,1,1.1,1,12.4,2.0,Medium,Medium,1,Thursday,1,0
1660,High,Incident,Portal,Premium,6,0,2.0,1,9.5,3.0,Medium,Medium,10,Wednesday,0,0
1661,Medium,Incident,Portal,Standard,13,2,2.9,2,6.7,0.0,Low,High,9,Sunday,0,1
1662,Low,Problem,Portal,Enterprise,6,0,10.1,1,12.1,2.0,Low,Medium,12,Tuesday,1,0
1663,Low,Service Request,Monitoring,Standard,11,2,6.4,1,11.5,2.0,Low,Medium,6,Saturday,0,0
1664,Critical,Incident,Monitoring,Premium,10,1,9.3,2,14.6,,Low,High,2,Monday,1,0
1665,Medium,Incident,Portal,Premium,6,3,13.8,2,,2.0,Medium,Low,14,Saturday,0,0
1666,High,Incident,Portal,Premium,8,1,7.6,1,8.6,3.0,High,Low,12,Thursday,0,0
1667,Medium,Incident,Portal,Enterprise,8,0,11.4,1,34.2,3.0,Low,Medium,8,Sunday,1,0
1668,Medium,Service Request,Monitoring,Premium,7,2,3.9,3,6.6,2.0,Low,Low,17,Sunday,0,0
1669,Low,Service Request,Phone,Enterprise,10,0,4.0,2,6.6,3.0,Medium,Low,16,Monday,0,1
1670,Medium,Access,Phone,Enterprise,8,1,2.2,1,1.9,2.0,Low,Low,17,Sunday,0,0
1671,Medium,Incident,Portal,Standard,13,0,13.4,2,9.5,4.0,Medium,Low,7,Saturday,1,0
1672,Medium,Incident,Portal,Standard,6,1,9.9,1,15.1,4.0,High,Low,3,Friday,0,1
1673,High,Problem,Portal,Enterprise,10,2,8.8,1,13.5,0.0,Low,Low,7,Monday,0,0
1674,Medium,Service Request,Portal,Standard,9,1,12.4,3,21.5,2.0,Medium,Low,22,Sunday,0,0
1675,High,Incident,Portal,Enterprise,5,0,10.4,2,17.8,4.0,Low,Medium,5,Sunday,0,0
1676,Low,Service Request,Email,Premium,10,0,13.1,2,5.0,1.0,High,Low,11,Monday,0,0
1677,Critical,Service Request,Monitoring,Standard,7,1,1.4,2,11.8,2.0,Low,Medium,15,Sunday,0,0
1678,High,Incident,Phone,Standard,6,2,5.3,1,7.2,4.0,Low,Low,17,Sunday,0,0
1679,Low,Incident,Phone,Standard,10,1,4.2,1,7.4,2.0,Medium,High,22,Thursday,0,1
1680,High,Incident,Email,Standard,16,1,5.4,1,11.9,0.0,Low,High,15,Wednesday,1,1
1681,Low,Service Request,Portal,Standard,10,3,2.7,1,0.5,1.0,Low,Medium,8,Sunday,0,0
1682,Medium,Incident,Email,Enterprise,12,1,10.4,2,6.6,0.0,Medium,Medium,8,Saturday,1,1
1683,Medium,Incident,Portal,Standard,9,3,14.5,1,16.9,2.0,Medium,Medium,11,Thursday,0,0
1684,Critical,Incident,Portal,Enterprise,6,2,2.9,1,3.1,1.0,Medium,High,2,Sunday,0,0
1685,Medium,Incident,Monitoring,Standard,8,0,6.3,2,14.1,1.0,Low,High,16,Monday,0,0
1686,Medium,Incident,Portal,Standard,3,1,5.8,2,5.0,2.0,Low,High,1,Monday,0,0
1687,High,Incident,Portal,Standard,13,0,2.0,3,12.6,1.0,Medium,Medium,15,Thursday,1,0
1688,Medium,Incident,Portal,Enterprise,8,2,6.8,1,5.1,3.0,High,Low,22,Thursday,0,0
1689,Low,Incident,Portal,Enterprise,9,1,,1,7.9,0.0,High,High,14,Tuesday,0,0
1690,Low,Access,Phone,Premium,5,0,,1,9.8,3.0,Medium,Medium,17,Friday,1,0
1691,Low,Incident,Phone,Premium,4,1,9.7,1,9.2,2.0,Low,High,19,Sunday,0,0
1692,Medium,Incident,Portal,Standard,5,1,7.9,2,8.6,2.0,Low,Medium,14,Wednesday,0,0
1693,Low,Incident,Portal,Standard,9,3,3.2,2,3.8,1.0,Low,Low,17,Wednesday,1,0
1694,Low,Incident,Email,Premium,5,0,4.2,1,5.5,2.0,Low,Low,7,Monday,0,0
1695,Critical,Problem,Email,Premium,6,1,7.6,2,9.1,3.0,Low,Medium,5,Tuesday,1,0
1696,Medium,Service Request,Phone,Enterprise,7,1,2.1,1,4.9,2.0,Medium,Low,8,Thursday,0,1
1697,Medium,Incident,Portal,Premium,8,1,8.1,1,6.4,2.0,High,Medium,9,Friday,1,0
1698,Medium,Incident,Portal,Enterprise,6,1,12.4,1,10.5,4.0,High,Low,9,Monday,1,1
1699,High,Incident,Monitoring,Standard,10,1,12.0,2,0.9,,Low,Medium,22,Thursday,0,0
1700,Critical,Incident,Phone,Standard,5,1,3.4,1,8.6,3.0,Low,Medium,8,Saturday,0,0
1701,Medium,Incident,Portal,Standard,12,0,13.1,1,25.0,2.0,High,Low,1,Sunday,0,1
1702,High,Access,Portal,Standard,12,0,3.4,1,6.2,1.0,Low,Medium,10,Friday,0,0
1703,High,Incident,Email,Enterprise,4,1,10.4,1,4.8,2.0,Low,Low,11,Monday,0,0
1704,Medium,Incident,Monitoring,Standard,14,2,8.0,1,9.0,1.0,Medium,Medium,5,Monday,1,0
1705,Low,Problem,Portal,Premium,10,4,9.9,1,8.7,4.0,Medium,Low,14,Wednesday,0,0
1706,Medium,Incident,Phone,Standard,7,1,5.8,1,3.0,2.0,Medium,Low,18,Tuesday,1,0
1707,Medium,Incident,Phone,Premium,11,0,1.7,2,5.7,1.0,Medium,Low,5,Friday,1,1
1708,High,Service Request,Portal,Standard,6,2,7.4,4,10.6,4.0,Low,Medium,3,Thursday,0,0
1709,High,Incident,Phone,Premium,5,2,13.8,2,19.7,2.0,Medium,Low,16,Sunday,0,0
1710,Medium,Service Request,Email,Premium,3,2,3.1,2,7.8,2.0,Low,Medium,17,Thursday,0,1
1711,Low,Service Request,Email,Premium,11,2,13.8,3,3.4,3.0,Low,Medium,23,Wednesday,1,0
1712,Medium,Problem,Portal,Enterprise,4,1,6.6,1,1.6,1.0,Medium,Low,22,Saturday,0,0
1713,Medium,Service Request,Monitoring,Premium,5,0,4.0,3,10.8,0.0,Low,Low,4,Wednesday,0,0
1714,Critical,Problem,Portal,Standard,11,0,7.9,1,14.4,1.0,High,Medium,17,Monday,0,1
1715,Medium,Service Request,Email,Standard,10,1,6.3,1,5.1,1.0,Low,Medium,2,Sunday,0,0
1716,Low,Incident,Phone,Standard,6,0,0.9,4,5.9,3.0,Low,Low,2,Saturday,1,0
1717,Medium,Incident,Phone,Premium,5,1,2.5,1,17.5,4.0,Medium,Low,15,Saturday,0,1
1718,High,Service Request,Portal,Standard,9,0,5.7,1,4.5,0.0,Low,Medium,11,Sunday,0,0
1719,Medium,Incident,Portal,Standard,10,0,10.1,1,10.1,3.0,Low,Low,20,Thursday,0,0
1720,Medium,Incident,Email,Standard,8,2,10.9,2,17.9,1.0,Low,High,21,Wednesday,0,1
1721,High,Service Request,Email,Standard,9,0,7.5,1,7.8,0.0,Low,Medium,11,Sunday,0,0
1722,Medium,Access,Portal,Standard,11,0,11.3,2,7.0,1.0,Medium,Low,4,Wednesday,0,0
1723,Medium,Access,Portal,Standard,1,0,8.8,1,1.2,3.0,Low,Medium,6,Tuesday,0,0
1724,Medium,Incident,Portal,Premium,7,2,7.4,1,8.5,3.0,Medium,Medium,18,Wednesday,0,0
1725,High,Incident,Phone,Standard,9,2,5.2,1,6.1,2.0,Low,Low,12,Tuesday,0,0
1726,Low,Service Request,Email,Standard,12,1,1.2,2,5.2,1.0,High,High,9,Friday,0,0
1727,Low,Incident,Monitoring,Standard,11,1,4.4,1,19.9,2.0,Medium,High,6,Thursday,1,1
1728,High,Problem,Portal,Standard,8,0,7.5,1,6.1,5.0,High,High,18,Saturday,1,1
1729,Low,Access,Portal,Standard,7,2,9.0,1,1.8,3.0,Low,Medium,2,Sunday,1,0
1730,High,Service Request,Portal,Standard,9,0,8.3,2,8.2,1.0,Medium,Low,11,Wednesday,0,0
1731,High,Access,Phone,Standard,6,1,7.5,1,13.3,3.0,Low,Medium,15,Monday,0,1
1732,Low,Incident,Phone,Standard,7,3,1.4,2,29.9,0.0,Low,Low,21,Sunday,0,1
1733,Low,Service Request,Portal,Enterprise,9,2,1.3,1,2.2,1.0,Low,Medium,4,Thursday,0,0
1734,Medium,Service Request,Email,Standard,8,3,2.1,3,10.8,0.0,Low,Low,3,Thursday,0,0
1735,High,Problem,Monitoring,Enterprise,8,1,5.8,1,8.6,1.0,Low,Medium,11,Thursday,0,0
1736,Medium,Problem,Email,Enterprise,9,1,3.9,2,15.7,3.0,Medium,Medium,18,Thursday,1,1
1737,Critical,Problem,Phone,Premium,9,0,11.9,3,6.1,0.0,High,Low,8,Monday,0,0
1738,Medium,Incident,Portal,Premium,5,1,3.9,1,38.6,1.0,Low,Medium,21,Monday,0,1
1739,Low,Incident,Monitoring,Standard,10,1,10.4,2,12.6,3.0,Low,Low,8,Monday,1,0
1740,High,Incident,Email,Premium,10,0,14.3,1,5.2,3.0,Low,Medium,18,Tuesday,0,0
1741,High,Access,Phone,Standard,9,1,9.2,1,8.0,2.0,High,Medium,8,Monday,0,0
1742,Medium,Service Request,Monitoring,Premium,4,0,1.8,2,16.4,4.0,Medium,High,8,Friday,1,0
1743,Low,Problem,Portal,Premium,11,0,1.9,1,27.1,0.0,Medium,High,20,Saturday,1,0
1744,Critical,Incident,Email,Standard,4,0,13.1,1,11.3,3.0,Medium,Medium,6,Monday,0,0
1745,Low,Service Request,Email,Standard,5,3,1.9,2,8.0,1.0,Medium,Medium,12,Sunday,1,0
1746,Medium,Incident,Portal,Standard,16,0,7.9,2,8.8,6.0,High,Low,16,Friday,1,1
1747,Low,Service Request,Email,Standard,6,2,7.1,2,7.0,1.0,High,High,1,Friday,0,0
1748,High,Service Request,Portal,Standard,9,0,14.1,2,11.9,1.0,Low,Low,8,Saturday,1,0
1749,Critical,Incident,Portal,Standard,8,1,4.5,2,11.3,1.0,Medium,Medium,16,Monday,0,1
1750,Low,Problem,Email,Standard,7,0,5.6,1,7.5,2.0,Low,Low,7,Monday,0,0
1751,High,Incident,Phone,Enterprise,8,1,14.1,2,6.8,3.0,Low,High,14,Tuesday,0,0
1752,Critical,Access,Portal,Standard,10,0,9.5,2,12.6,3.0,High,Low,5,Wednesday,0,1
1753,Medium,Incident,Portal,Enterprise,4,0,14.0,1,5.0,1.0,High,Low,3,Saturday,0,0
1754,Critical,Service Request,Email,Premium,4,2,2.4,2,2.7,3.0,High,High,19,Sunday,1,1
1755,High,Incident,Portal,Standard,18,1,12.6,1,7.1,1.0,High,Low,12,Wednesday,1,0
1756,Medium,Incident,Portal,Premium,11,2,9.6,2,16.0,3.0,Low,Low,18,Sunday,0,0
1757,Medium,Incident,Email,Enterprise,6,3,4.9,2,9.5,1.0,Medium,Medium,20,Saturday,0,0
1758,Medium,Incident,Email,Premium,6,3,3.0,1,16.5,1.0,Medium,High,1,Tuesday,0,0
1759,Medium,Incident,Email,Enterprise,5,1,5.5,1,8.1,2.0,Medium,Medium,19,Tuesday,0,0
1760,Medium,Service Request,Monitoring,Standard,4,1,4.2,2,3.1,2.0,High,Low,4,Monday,0,0
1761,High,Access,Portal,Standard,9,1,12.3,2,27.5,4.0,High,Medium,22,Friday,0,1
1762,Medium,Problem,Phone,Premium,6,1,1.0,3,8.4,1.0,Low,Medium,7,Tuesday,1,0
1763,Low,Problem,Monitoring,Standard,9,1,1.5,2,7.1,1.0,High,Low,3,Sunday,0,0
1764,Medium,Problem,Email,Enterprise,11,1,12.1,1,7.0,2.0,High,Low,6,Thursday,1,0
1765,Medium,Incident,Portal,Enterprise,8,1,12.3,2,7.2,4.0,High,Low,9,Saturday,1,1
1766,Low,Access,Portal,Standard,8,2,13.5,2,10.0,3.0,Low,Low,19,Wednesday,0,0
1767,Critical,Service Request,Portal,Standard,14,2,10.0,2,4.2,2.0,Low,High,20,Friday,0,0
1768,High,Incident,Portal,Standard,5,1,4.4,1,3.3,1.0,Medium,High,19,Saturday,0,0
1769,Medium,Service Request,Portal,Standard,7,1,8.9,1,6.8,2.0,Medium,Low,2,Wednesday,0,0
1770,Low,Incident,Email,Standard,11,3,10.7,1,5.2,4.0,Medium,Low,20,Thursday,0,1
1771,High,Access,Portal,Enterprise,10,1,2.0,2,15.8,5.0,Low,Low,11,Wednesday,0,1
1772,Low,Incident,Portal,Enterprise,6,1,6.1,2,5.9,4.0,Medium,High,1,Thursday,0,0
1773,High,Incident,Email,Premium,8,2,10.6,2,7.9,1.0,Low,Low,9,Sunday,1,0
1774,Medium,Access,Portal,Standard,5,0,6.1,1,3.8,0.0,Low,Low,5,Tuesday,0,0
1775,Low,Problem,Portal,Premium,7,2,6.6,2,10.4,3.0,Low,Low,2,Sunday,0,0
1776,High,Incident,Monitoring,Standard,4,1,5.2,3,1.5,2.0,Medium,Medium,8,Monday,0,0
1777,Medium,Access,Email,Enterprise,6,2,9.3,1,13.6,2.0,Low,Medium,2,Sunday,0,1
1778,Medium,Incident,Phone,Premium,8,5,7.0,1,7.2,3.0,Low,Medium,1,Wednesday,0,0
1779,High,Service Request,Monitoring,Enterprise,5,1,8.6,1,19.4,0.0,Medium,Medium,16,Tuesday,1,1
1780,High,Service Request,Portal,Premium,6,0,1.8,1,19.4,0.0,High,Medium,13,Saturday,1,1
1781,Low,Service Request,Portal,Enterprise,13,1,5.9,2,10.9,1.0,High,Low,9,Friday,0,1
1782,High,Incident,Portal,Enterprise,10,0,14.3,2,9.9,3.0,Medium,Medium,23,Tuesday,1,1
1783,High,Service Request,Phone,Standard,11,2,8.3,1,7.8,1.0,Low,Low,15,Sunday,0,1
1784,Low,Incident,Email,Enterprise,8,0,0.9,4,4.6,1.0,Low,Low,23,Monday,1,0
1785,Low,Incident,Portal,Premium,6,0,14.5,2,20.4,0.0,Low,Medium,4,Friday,0,0
1786,Medium,Incident,Portal,Standard,7,1,11.5,3,15.7,3.0,Low,Low,2,Sunday,0,0
1787,Low,Problem,Portal,Standard,5,2,5.7,1,1.0,1.0,High,Medium,21,Thursday,1,0
1788,High,Service Request,Portal,Standard,4,1,3.4,1,15.9,1.0,Low,Medium,17,Sunday,0,1
1789,Medium,Access,Monitoring,Enterprise,12,2,9.1,2,2.3,2.0,High,Medium,5,Monday,0,0
1790,Low,Incident,Portal,Enterprise,8,1,10.1,1,6.9,3.0,High,Low,18,Sunday,1,0
1791,Medium,Incident,Portal,Enterprise,14,3,9.4,4,9.9,3.0,Medium,Medium,14,Sunday,0,0
1792,Medium,Incident,Portal,Premium,7,2,6.4,2,15.0,,High,High,23,Tuesday,0,1
1793,High,Incident,Portal,Standard,6,0,12.5,1,3.0,4.0,High,Medium,18,Saturday,1,0
1794,Medium,Problem,Email,Premium,11,0,4.2,3,6.4,5.0,Low,High,17,Saturday,0,0
1795,Critical,Incident,Portal,Standard,5,2,10.1,1,17.3,2.0,Medium,Low,6,Saturday,0,0
1796,Medium,Service Request,Portal,Premium,7,1,6.1,2,9.0,3.0,Low,Low,15,Sunday,1,0
1797,Low,Service Request,Email,Standard,9,2,13.8,1,3.3,3.0,Medium,Medium,5,Saturday,1,0
1798,Medium,Incident,Portal,Premium,9,1,9.0,4,5.9,2.0,Low,High,23,Saturday,0,0
1799,Critical,Service Request,Portal,Standard,4,1,12.1,3,12.9,2.0,Low,Medium,9,Wednesday,0,0
1800,Low,Incident,Portal,Enterprise,8,2,10.0,2,17.9,2.0,Low,Low,22,Sunday,0,0
1801,Medium,Incident,Portal,Standard,10,1,6.4,2,15.7,4.0,Medium,Low,4,Tuesday,0,1
1802,Low,Incident,Email,Premium,12,5,0.6,1,1.3,1.0,Medium,High,23,Tuesday,0,0
1803,High,Service Request,Email,Standard,6,0,14.9,3,18.4,1.0,Low,Low,4,Wednesday,0,0
1804,High,Service Request,Email,Standard,10,1,13.3,4,13.4,3.0,Low,Low,1,Wednesday,0,0
1805,Low,Service Request,Phone,Premium,6,1,12.1,1,8.2,1.0,Medium,High,8,Wednesday,0,0
1806,Medium,Problem,Monitoring,Premium,9,2,9.2,2,7.0,2.0,Low,High,16,Wednesday,1,0
1807,Medium,Incident,Email,Standard,9,0,5.3,1,8.8,3.0,High,High,2,Saturday,0,1
1808,Medium,Service Request,Portal,Enterprise,12,2,7.2,1,23.8,,Medium,Low,12,Saturday,0,1
1809,Medium,Incident,Portal,Standard,10,1,6.0,4,19.3,3.0,Medium,Low,20,Thursday,0,1
1810,Medium,Problem,Portal,Premium,8,2,13.9,3,6.5,2.0,Low,Medium,15,Friday,0,0
1811,Medium,Problem,Portal,Premium,12,4,7.5,2,15.1,0.0,High,Medium,21,Thursday,0,0
1812,Low,Incident,Portal,Standard,7,2,1.7,1,16.1,4.0,High,High,10,Thursday,0,1
1813,High,Service Request,Portal,Standard,6,1,12.3,1,5.5,3.0,Low,Low,16,Monday,1,0
1814,High,Incident,Monitoring,Premium,4,0,1.5,2,5.9,4.0,Medium,Medium,4,Tuesday,0,0
1815,High,Incident,Portal,Standard,6,4,12.9,1,2.6,3.0,Low,Low,0,Friday,0,0
1816,Medium,Incident,Monitoring,Standard,6,2,3.4,3,4.2,3.0,Low,Medium,11,Tuesday,0,0
1817,Low,Problem,Portal,Standard,9,2,12.8,2,13.5,1.0,Low,Low,4,Sunday,1,1
1818,Critical,Incident,Portal,Enterprise,15,0,4.8,1,12.6,0.0,Low,Medium,13,Thursday,1,1
1819,Medium,Incident,Email,Standard,8,2,10.9,2,19.4,0.0,Low,High,23,Monday,1,1
1820,Low,Problem,Portal,Standard,6,2,11.1,4,5.2,2.0,High,Low,14,Thursday,1,0
1821,High,Incident,Monitoring,Standard,11,1,0.5,1,33.1,3.0,Low,Low,0,Friday,1,1
1822,Critical,Service Request,Portal,Enterprise,11,1,4.7,2,5.4,1.0,Medium,High,17,Saturday,0,1
1823,Medium,Problem,Email,Enterprise,7,0,11.3,1,3.2,4.0,Medium,Medium,13,Friday,0,0
1824,High,Access,Email,Standard,7,1,4.5,1,13.1,2.0,Low,Medium,11,Wednesday,1,1
1825,High,Incident,Email,Standard,10,1,10.2,2,9.0,0.0,Low,High,20,Thursday,0,0
1826,High,Service Request,Email,Premium,7,1,4.8,1,5.6,2.0,Medium,High,6,Thursday,0,0
1827,Medium,Service Request,Email,Enterprise,7,3,13.7,1,7.7,7.0,Medium,High,12,Sunday,0,1
1828,Medium,Incident,Email,Standard,6,1,12.1,1,18.4,2.0,Low,Low,10,Thursday,0,0
1829,High,Access,Portal,Premium,5,1,12.9,3,2.3,1.0,Medium,Low,5,Friday,0,0
1830,Medium,Incident,Phone,Enterprise,6,1,,1,1.9,1.0,Low,Medium,22,Friday,0,0
1831,Medium,Problem,Monitoring,Premium,10,3,14.1,3,11.3,4.0,Medium,Low,4,Monday,0,0
1832,Medium,Service Request,Phone,Enterprise,7,1,11.9,1,13.3,4.0,Low,Low,3,Saturday,0,0
1833,Medium,Incident,Phone,Enterprise,9,1,7.1,3,6.7,,Medium,High,11,Friday,1,1
1834,Medium,Problem,Portal,Standard,15,0,5.5,1,6.2,2.0,Low,Low,0,Saturday,1,0
1835,Low,Incident,Email,Enterprise,6,1,14.5,2,1.5,1.0,Low,Low,1,Tuesday,1,0
1836,Medium,Incident,Portal,Standard,8,0,7.1,2,3.9,2.0,Low,Low,21,Thursday,0,0
1837,Medium,Service Request,Phone,Enterprise,4,3,8.7,2,17.1,0.0,Medium,High,20,Friday,0,1
1838,Medium,Incident,Phone,Premium,8,3,7.4,1,15.5,1.0,High,High,15,Sunday,0,1
1839,Low,Problem,Email,Standard,5,3,3.4,2,12.5,2.0,Medium,Low,18,Friday,0,0
1840,Medium,Incident,Phone,Standard,11,5,10.4,1,0.6,2.0,High,Low,3,Wednesday,0,0
1841,Medium,Incident,Phone,Standard,4,2,4.0,4,9.9,0.0,Medium,Medium,6,Monday,0,0
1842,Medium,Incident,Monitoring,Standard,11,2,3.3,1,,2.0,Low,Low,13,Saturday,0,1
1843,Medium,Incident,Portal,Standard,9,1,0.5,2,9.2,4.0,Low,Low,13,Monday,0,0
1844,High,Incident,Monitoring,Standard,2,4,12.6,1,,2.0,Low,High,3,Monday,1,1
1845,High,Problem,Portal,Standard,11,1,11.7,2,5.0,1.0,Low,High,7,Thursday,1,1
1846,High,Incident,Portal,Standard,10,1,3.3,1,7.2,3.0,High,Low,11,Monday,0,1
1847,Critical,Service Request,Monitoring,Standard,4,2,8.3,1,1.1,2.0,Medium,Low,16,Sunday,0,0
1848,Medium,Service Request,Portal,Premium,7,1,5.3,2,6.4,1.0,Low,Medium,19,Tuesday,0,0
1849,High,Incident,Phone,Premium,7,1,3.1,1,16.7,3.0,Low,Low,4,Sunday,1,1
1850,High,Service Request,Portal,Enterprise,8,2,14.5,1,6.1,0.0,High,Medium,13,Wednesday,1,0
1851,High,Incident,Email,Standard,7,0,13.7,2,14.7,5.0,Medium,Medium,21,Friday,0,0
1852,High,Incident,Portal,Premium,14,1,9.1,3,11.6,3.0,High,Low,15,Saturday,0,0
1853,High,Incident,Portal,Standard,7,1,14.9,2,10.4,2.0,Low,Medium,10,Monday,1,0
1854,Medium,Incident,Portal,Premium,14,0,6.0,2,1.0,0.0,Low,Low,11,Tuesday,0,0
1855,Medium,Access,Monitoring,Premium,10,2,6.1,3,5.1,3.0,Medium,Low,21,Thursday,1,0
1856,Low,Incident,Email,Standard,9,0,1.6,2,17.1,4.0,Low,Low,2,Thursday,0,1
1857,High,Problem,Monitoring,Standard,6,1,8.3,1,11.8,3.0,Medium,High,20,Monday,0,0
1858,Low,Incident,Monitoring,Enterprise,8,1,13.9,3,9.5,2.0,Low,Low,14,Saturday,0,0
1859,Low,Incident,Phone,Standard,8,0,9.3,1,1.2,2.0,High,Medium,13,Friday,1,0
1860,Medium,Service Request,Portal,Enterprise,9,1,7.4,1,27.5,3.0,Low,Medium,17,Friday,1,1
1861,Medium,Service Request,Portal,Standard,4,1,0.6,2,3.3,1.0,Low,Low,13,Wednesday,0,0
1862,High,Service Request,Email,Standard,9,1,14.8,1,6.6,3.0,Low,Low,15,Tuesday,0,0
1863,Medium,Incident,Email,Premium,8,3,14.7,1,2.0,1.0,High,High,14,Wednesday,1,0
1864,Low,Incident,Email,Standard,6,1,9.7,2,2.0,2.0,Low,Medium,2,Thursday,0,0
1865,Medium,Service Request,Email,Standard,8,0,8.0,2,,2.0,Low,Low,7,Saturday,0,0
1866,Critical,Incident,Portal,Premium,6,4,8.1,2,15.2,0.0,Medium,Low,17,Thursday,0,0
1867,Medium,Incident,Email,Premium,12,1,5.5,1,5.3,,Low,Medium,16,Saturday,0,0
1868,Medium,Incident,Phone,Premium,13,1,14.3,1,1.3,4.0,Medium,Medium,9,Sunday,1,0
1869,High,Incident,Portal,Standard,8,2,3.8,1,14.8,2.0,Low,Low,17,Friday,1,1
1870,High,Incident,Portal,Premium,11,1,9.6,1,3.1,2.0,Low,High,20,Monday,0,0
1871,Critical,Incident,Phone,Premium,3,1,12.0,1,4.0,3.0,High,Medium,18,Sunday,0,1
1872,High,Service Request,Email,Standard,6,3,14.2,1,14.2,2.0,Low,Medium,16,Saturday,1,1
1873,Medium,Incident,Monitoring,Premium,15,1,4.0,1,16.9,2.0,Low,Low,7,Sunday,0,1
1874,Medium,Incident,Portal,Premium,6,1,10.1,2,9.0,3.0,High,Low,20,Friday,0,1
1875,Medium,Incident,Portal,Standard,5,4,7.4,2,9.5,4.0,Low,Low,19,Saturday,0,0
1876,Medium,Service Request,Monitoring,Standard,1,0,11.8,4,16.8,4.0,High,High,9,Tuesday,1,0
1877,Medium,Access,Portal,Standard,5,1,2.9,1,27.3,8.0,Low,Medium,12,Friday,1,1
1878,Critical,Incident,Portal,Standard,7,1,11.5,1,9.5,1.0,Medium,High,13,Friday,0,1
1879,Medium,Service Request,Portal,Standard,6,0,11.4,2,3.8,3.0,Medium,Low,14,Sunday,1,0
1880,Medium,Incident,Portal,Premium,6,3,9.4,1,21.9,0.0,Medium,Low,19,Monday,0,1
1881,Medium,Incident,Portal,Standard,6,0,4.7,2,20.0,5.0,Medium,Low,4,Friday,0,1
1882,Medium,Incident,Portal,Enterprise,11,1,13.9,1,7.5,1.0,Low,Medium,21,Wednesday,0,0
1883,Low,Incident,Email,Standard,6,0,13.4,1,9.8,1.0,Low,Low,14,Wednesday,0,0
1884,Medium,Service Request,Portal,Premium,9,2,8.9,1,3.1,2.0,High,Medium,16,Thursday,1,0
1885,High,Access,Portal,Premium,12,1,14.1,1,14.4,1.0,Low,Medium,20,Saturday,0,0
1886,Low,Service Request,Portal,Premium,9,2,10.1,1,6.8,2.0,Low,Low,20,Thursday,1,1
1887,Medium,Incident,Monitoring,Standard,6,1,13.8,1,17.8,4.0,Medium,Medium,3,Thursday,0,1
1888,Medium,Incident,Phone,Premium,8,2,4.5,1,3.9,1.0,Medium,Low,10,Thursday,0,0
1889,Low,Access,Email,Enterprise,4,2,11.4,4,7.0,1.0,Low,Medium,3,Friday,0,0
1890,Low,Incident,Email,Standard,10,1,14.2,2,15.1,2.0,Medium,Medium,8,Monday,0,0
1891,Medium,Incident,Phone,Standard,3,2,9.1,3,1.3,1.0,Medium,High,14,Sunday,1,0
1892,Low,Incident,Phone,Standard,4,1,8.3,1,6.9,2.0,Medium,Low,12,Monday,0,0
1893,Medium,Service Request,Email,Standard,10,2,14.7,1,3.3,1.0,Medium,Medium,10,Saturday,0,0
1894,Medium,Incident,Phone,Enterprise,10,2,13.5,2,7.9,2.0,High,Medium,12,Monday,1,0
1895,Low,Incident,Monitoring,Standard,10,0,1.2,1,14.0,4.0,High,Medium,20,Thursday,1,0
1896,High,Incident,Email,Premium,7,0,9.1,4,8.4,1.0,High,Low,15,Thursday,0,1
1897,Low,Incident,Phone,Standard,8,2,3.2,1,9.4,0.0,High,Medium,22,Monday,0,0
1898,Low,Incident,Monitoring,Standard,11,2,4.3,3,19.3,0.0,Medium,High,23,Saturday,0,1
1899,Low,Problem,Email,Premium,8,3,5.6,3,3.5,2.0,Low,Medium,11,Thursday,0,0
1900,High,Incident,Portal,Premium,10,0,11.7,1,19.6,1.0,Medium,High,22,Thursday,1,0
1901,High,Incident,Email,Standard,5,2,8.6,2,8.2,3.0,Low,Medium,7,Sunday,1,0
1902,Medium,Incident,Portal,Premium,6,0,13.5,3,14.5,0.0,High,High,4,Thursday,0,0
1903,Critical,Incident,Phone,Standard,6,1,6.5,4,22.0,1.0,Medium,Medium,0,Sunday,1,1
1904,High,Incident,Portal,Standard,9,2,7.6,1,3.0,1.0,Low,Low,2,Saturday,0,0
1905,High,Incident,Email,Enterprise,7,1,4.2,1,4.8,2.0,Low,Low,15,Wednesday,0,0
1906,Medium,Incident,Email,Standard,16,2,5.2,2,7.0,2.0,Low,Medium,4,Saturday,1,0
1907,Medium,Service Request,Phone,Enterprise,12,2,11.2,1,8.9,3.0,Low,Low,1,Monday,0,0
1908,Low,Access,Phone,Standard,12,0,11.8,2,11.9,1.0,Low,Medium,4,Tuesday,0,0
1909,Low,Incident,Email,Premium,9,0,,1,4.2,1.0,Low,Low,6,Tuesday,0,0
1910,Critical,Incident,Phone,Premium,7,1,8.4,1,5.3,,High,Medium,9,Thursday,0,0
1911,High,Incident,Monitoring,Premium,7,1,7.2,3,,2.0,Medium,Medium,17,Tuesday,0,0
1912,High,Access,Email,Premium,6,2,14.3,3,8.0,1.0,Low,Low,7,Friday,1,0
1913,Medium,Access,Email,Premium,10,1,14.9,4,4.7,5.0,High,Medium,20,Sunday,0,0
1914,Medium,Incident,Email,Enterprise,6,1,8.8,3,5.8,1.0,Low,Medium,15,Sunday,0,0
1915,Low,Incident,Phone,Premium,8,2,8.7,2,4.4,0.0,Medium,Medium,11,Friday,0,0
1916,Medium,Problem,Portal,Enterprise,8,3,12.9,1,1.5,1.0,High,Medium,1,Wednesday,1,0
1917,Medium,Incident,Portal,Premium,8,0,12.1,3,10.7,5.0,High,Low,6,Sunday,1,1
1918,Critical,Service Request,Monitoring,Enterprise,6,0,1.3,1,3.4,2.0,Low,High,9,Thursday,0,1
1919,Low,Service Request,Phone,Enterprise,6,0,4.0,1,3.2,2.0,Low,Low,8,Thursday,0,0
1920,Medium,Service Request,Portal,Standard,6,1,1.2,1,8.1,4.0,Low,Medium,9,Tuesday,1,1
1921,High,Incident,Phone,Enterprise,2,0,0.5,2,5.2,1.0,Medium,Low,15,Thursday,0,0
1922,Critical,Problem,Portal,Enterprise,5,2,6.1,2,8.2,1.0,High,High,17,Saturday,0,1
1923,Medium,Incident,Monitoring,Standard,6,2,6.4,1,12.6,2.0,Low,Low,19,Monday,0,0
1924,High,Problem,Email,Standard,10,0,5.0,1,3.1,2.0,Low,Medium,10,Friday,0,0
1925,High,Incident,Monitoring,Standard,8,2,4.7,2,9.4,3.0,Medium,Medium,21,Wednesday,0,0
1926,Low,Service Request,Portal,Premium,9,1,13.6,2,8.2,1.0,High,Low,18,Friday,0,0
1927,High,Problem,Phone,Standard,10,0,11.5,2,12.5,3.0,Medium,Medium,7,Wednesday,0,0
1928,Low,Incident,Email,Standard,10,1,8.5,3,14.1,3.0,Medium,Low,13,Sunday,1,0
1929,High,Incident,Portal,Premium,5,2,12.7,3,10.5,0.0,Low,Medium,5,Sunday,0,0
1930,Low,Incident,Portal,Standard,6,0,1.2,2,15.0,1.0,Low,Low,11,Sunday,0,0
1931,Low,Problem,Email,Standard,13,4,2.7,2,16.7,2.0,High,Low,19,Tuesday,0,1
1932,High,Service Request,Email,Premium,4,0,6.2,1,3.0,1.0,Low,Low,13,Monday,1,0
1933,Medium,Access,Portal,Standard,15,3,8.6,1,27.3,3.0,Low,Low,10,Tuesday,0,1
1934,High,Service Request,Email,Standard,6,2,9.5,3,8.5,1.0,Low,Low,12,Monday,1,0
1935,Medium,Incident,Phone,Standard,13,1,2.5,2,22.4,3.0,Low,Low,12,Thursday,0,1
1936,High,Service Request,Portal,Enterprise,14,2,12.2,3,15.4,2.0,Medium,Low,23,Tuesday,0,0
1937,Medium,Service Request,Monitoring,Standard,4,2,9.0,1,4.9,4.0,Medium,Medium,14,Thursday,1,0
1938,Low,Incident,Portal,Enterprise,11,1,2.7,1,6.5,,High,Low,9,Tuesday,0,0
1939,High,Problem,Email,Premium,10,0,8.2,1,20.6,0.0,Low,Low,17,Monday,1,1
1940,Medium,Access,Portal,Premium,9,1,11.2,1,9.5,1.0,Medium,High,5,Friday,0,0
1941,Medium,Incident,Portal,Premium,4,0,11.1,2,5.9,1.0,Low,Low,5,Monday,0,0
1942,Low,Incident,Portal,Enterprise,8,1,8.9,1,6.1,3.0,Low,Medium,17,Tuesday,1,0
1943,Medium,Incident,Portal,Premium,7,3,2.9,3,2.4,4.0,Low,Low,14,Sunday,0,1
1944,Medium,Incident,Email,Standard,13,0,7.1,1,8.9,1.0,Medium,Medium,5,Friday,0,1
1945,Medium,Service Request,Portal,Enterprise,8,2,3.8,1,15.0,4.0,High,Low,14,Sunday,0,1
1946,Medium,Problem,Email,Standard,9,1,7.3,1,8.2,3.0,Medium,Medium,6,Monday,0,0
1947,High,Incident,Portal,Standard,10,0,8.3,1,16.5,1.0,Medium,Low,20,Wednesday,0,0
1948,Low,Problem,Email,Standard,7,2,6.6,1,6.6,1.0,Low,Medium,19,Thursday,0,0
1949,Medium,Problem,Phone,Standard,5,2,13.7,4,20.6,2.0,Medium,Low,7,Saturday,0,0
1950,Critical,Incident,Portal,Premium,8,1,12.1,1,1.9,0.0,Medium,High,13,Thursday,0,0
1951,Medium,Incident,Portal,Standard,9,3,,1,1.4,0.0,Low,High,7,Wednesday,0,0
1952,Low,Problem,Portal,Premium,5,6,13.2,2,9.4,1.0,Low,Low,18,Saturday,0,1
1953,Low,Access,Portal,Enterprise,8,0,14.6,1,13.7,4.0,Low,Low,22,Friday,0,0
1954,High,Incident,Monitoring,Standard,7,1,13.9,2,6.6,1.0,Medium,Medium,5,Sunday,0,0
1955,Critical,Service Request,Portal,Standard,4,1,11.9,2,5.3,3.0,Low,Low,4,Tuesday,0,0
1956,Medium,Incident,Portal,Standard,11,1,5.4,2,13.9,3.0,Medium,High,6,Saturday,0,1
1957,Medium,Problem,Monitoring,Enterprise,9,2,8.7,2,12.0,2.0,Medium,Low,8,Monday,0,0
1958,Medium,Incident,Email,Premium,8,1,13.2,2,9.6,1.0,Low,Medium,0,Wednesday,1,0
1959,Critical,Service Request,Portal,Premium,8,0,4.7,1,11.9,1.0,Medium,Low,21,Saturday,0,0
1960,High,Service Request,Email,Standard,8,0,10.7,4,6.8,4.0,Low,High,16,Friday,1,1
1961,High,Incident,Email,Standard,5,5,14.5,1,8.4,2.0,Low,High,18,Thursday,1,1
1962,Medium,Service Request,Portal,Premium,10,1,10.1,1,3.8,4.0,Medium,High,1,Sunday,0,0
1963,Medium,Incident,Portal,Standard,8,1,6.8,2,6.7,,Medium,High,20,Friday,0,1
1964,High,Incident,Monitoring,Premium,7,1,6.6,1,15.4,2.0,High,Medium,0,Monday,0,0
1965,High,Incident,Portal,Standard,6,1,3.1,1,5.1,2.0,Low,Low,14,Monday,0,0
1966,Medium,Service Request,Portal,Standard,6,4,5.4,2,9.9,4.0,Medium,Low,3,Wednesday,0,1
1967,Low,Access,Portal,Standard,7,3,12.3,1,10.1,2.0,Medium,Medium,20,Wednesday,0,0
1968,Medium,Incident,Portal,Enterprise,12,1,8.9,1,12.3,5.0,High,High,9,Thursday,0,1
1969,High,Problem,Phone,Standard,8,0,14.5,1,5.4,2.0,Low,Low,11,Saturday,0,0
1970,High,Service Request,Phone,Standard,15,0,9.3,1,12.0,3.0,Low,Low,0,Tuesday,1,0
1971,Medium,Incident,Email,Standard,10,0,5.5,2,2.9,1.0,Medium,High,10,Monday,0,0
1972,Medium,Incident,Phone,Premium,8,0,14.1,2,18.0,3.0,Low,Medium,9,Friday,0,0
1973,High,Incident,Portal,Enterprise,7,0,3.9,1,7.1,1.0,Low,Medium,3,Wednesday,0,1
1974,Medium,Incident,Portal,Premium,9,2,13.8,1,5.3,2.0,Medium,Low,9,Sunday,0,0
1975,Critical,Incident,Portal,Premium,9,0,14.6,1,15.6,1.0,Medium,Low,20,Monday,1,0
1976,Low,Problem,Portal,Enterprise,8,0,13.1,1,8.1,1.0,Medium,Low,19,Friday,1,0
1977,High,Service Request,Phone,Standard,14,3,1.3,1,3.8,4.0,Low,Low,10,Wednesday,0,0
1978,Low,Incident,Portal,Standard,5,2,3.4,1,2.5,3.0,Medium,Medium,16,Saturday,0,0
1979,High,Service Request,Portal,Premium,10,1,9.2,1,10.1,5.0,Medium,High,23,Saturday,0,0
1980,High,Service Request,Phone,Premium,13,2,7.1,2,3.7,1.0,Medium,Low,9,Friday,0,0
1981,Critical,Incident,Email,Premium,4,0,6.7,2,8.0,0.0,High,Low,11,Tuesday,0,0
1982,Medium,Access,Phone,Standard,5,1,5.5,1,5.2,1.0,Medium,High,8,Monday,0,1
1983,Low,Problem,Monitoring,Premium,6,0,5.1,2,7.8,0.0,Medium,Medium,21,Monday,0,0
1984,Low,Incident,Portal,Standard,6,1,10.9,1,6.6,1.0,Medium,Medium,14,Monday,1,0
1985,Low,Incident,Email,Standard,9,4,2.7,1,5.9,0.0,Low,Medium,22,Thursday,1,0
1986,High,Incident,Phone,Enterprise,8,0,0.9,1,5.5,2.0,Medium,Medium,12,Wednesday,0,0
1987,High,Incident,Phone,Standard,6,0,11.6,1,9.7,0.0,Medium,High,23,Saturday,1,0
1988,Medium,Service Request,Portal,Premium,7,1,13.9,1,8.8,1.0,Low,Low,22,Thursday,0,0
1989,Low,Incident,Email,Premium,14,3,8.6,3,7.8,1.0,High,Medium,19,Tuesday,0,0
1990,Critical,Incident,Portal,Premium,9,1,2.6,2,6.2,0.0,Medium,Low,5,Thursday,0,1
1991,High,Problem,Phone,Standard,5,2,10.2,2,19.4,1.0,High,Low,7,Sunday,0,1
1992,Low,Problem,Email,Standard,9,1,7.4,1,15.4,0.0,High,Low,22,Friday,0,0
1993,High,Incident,Portal,Standard,8,1,4.1,2,9.9,2.0,Low,Low,17,Thursday,1,1
1994,Medium,Access,Portal,Premium,12,0,11.1,1,4.8,1.0,Low,Low,3,Friday,1,0
1995,Low,Incident,Portal,Enterprise,4,0,6.5,2,5.7,2.0,Medium,Medium,10,Thursday,0,0
1996,Medium,Incident,Phone,Standard,8,0,12.8,3,10.0,2.0,Medium,High,8,Friday,0,0
1997,Critical,Problem,Monitoring,Standard,10,0,9.8,1,14.7,2.0,Low,Low,15,Friday,0,0
1998,Medium,Incident,Portal,Standard,6,0,8.7,4,9.6,2.0,Medium,Low,15,Wednesday,0,0
1999,Medium,Incident,Phone,Premium,5,1,13.7,1,9.9,3.0,Low,Low,22,Wednesday,0,1
2000,Low,Incident,Monitoring,Premium,6,1,1.7,2,8.9,1.0,Medium,High,11,Saturday,0,0
2001,High,Service Request,Portal,Standard,4,2,6.7,1,13.4,3.0,Low,Low,18,Sunday,0,0
2002,Low,Incident,Monitoring,Premium,7,2,7.4,4,0.6,4.0,High,High,20,Tuesday,1,0
2003,Critical,Access,Email,Standard,6,0,10.2,3,10.9,0.0,Medium,Low,16,Monday,0,0
2004,Critical,Incident,Portal,Enterprise,5,2,13.2,2,14.7,1.0,Medium,Medium,6,Saturday,0,1
2005,High,Incident,Email,Enterprise,9,1,8.8,1,20.9,0.0,Medium,Low,23,Tuesday,1,0
2006,Critical,Access,Phone,Premium,4,0,8.4,1,7.4,4.0,Low,Low,0,Thursday,0,1
2007,Medium,Access,Email,Standard,9,2,11.3,1,2.3,1.0,High,Medium,6,Tuesday,0,0
2008,Low,Service Request,Portal,Premium,7,5,11.2,1,9.2,1.0,Low,Low,22,Thursday,0,0
2009,Medium,Incident,Email,Standard,8,1,6.7,2,7.2,4.0,Medium,Low,22,Tuesday,0,0
2010,Low,Incident,Portal,Standard,10,0,9.1,1,3.1,4.0,High,High,22,Thursday,1,0
2011,High,Problem,Portal,Standard,10,2,10.5,1,3.2,4.0,Medium,Medium,16,Monday,0,0
2012,High,Incident,Phone,Enterprise,7,1,10.1,2,3.3,,Low,Medium,1,Monday,1,0
2013,Low,Incident,Portal,Premium,12,1,6.7,3,7.6,3.0,Medium,Low,17,Tuesday,0,0
2014,Low,Service Request,Portal,Standard,14,1,8.4,1,4.8,3.0,High,Low,13,Sunday,0,0
2015,Medium,Problem,Phone,Standard,4,0,2.3,1,4.1,3.0,Low,Low,19,Sunday,0,0
2016,Low,Service Request,Monitoring,Standard,5,2,0.9,1,13.0,2.0,Low,Medium,17,Sunday,0,0
2017,Critical,Problem,Portal,Enterprise,8,1,11.4,1,2.9,1.0,Medium,Medium,5,Tuesday,0,0
2018,Critical,Incident,Portal,Premium,4,0,5.5,3,7.5,2.0,High,High,8,Thursday,0,1
2019,Low,Access,Email,Standard,10,2,1.3,1,7.1,2.0,Medium,Medium,7,Wednesday,0,0
2020,Medium,Service Request,Email,Enterprise,8,1,2.7,1,11.0,2.0,Low,Medium,14,Tuesday,1,0
2021,High,Problem,Portal,Enterprise,5,2,1.6,1,20.9,2.0,Medium,Low,13,Wednesday,1,1
2022,Critical,Problem,Portal,Enterprise,6,0,14.2,1,3.6,2.0,High,Medium,2,Wednesday,0,1
2023,Medium,Incident,Phone,Standard,7,1,5.4,2,16.4,1.0,Medium,High,21,Friday,0,0
2024,Medium,Access,Portal,Premium,9,0,7.7,2,9.7,2.0,Low,Medium,20,Saturday,0,0
2025,High,Problem,Email,Premium,11,3,10.7,2,9.5,1.0,High,Medium,22,Friday,1,0
2026,High,Incident,Phone,Premium,5,0,2.8,2,,0.0,Low,Low,5,Saturday,1,1
2027,Low,Incident,Portal,Standard,9,0,14.2,2,3.0,2.0,Low,Medium,14,Wednesday,0,0
2028,Medium,Service Request,Monitoring,Standard,10,0,6.8,1,,5.0,Medium,Low,10,Tuesday,0,0
2029,High,Access,Email,Standard,12,1,9.0,2,23.3,2.0,Low,Medium,11,Saturday,1,1
2030,High,Incident,Portal,Standard,6,3,4.0,3,14.0,4.0,Low,High,15,Saturday,0,1
2031,Medium,Service Request,Portal,Premium,8,1,2.1,1,7.3,1.0,Low,High,20,Tuesday,0,1
2032,Medium,Incident,Email,Enterprise,10,3,1.0,4,1.1,2.0,Low,Medium,14,Sunday,1,0
2033,High,Incident,Portal,Enterprise,8,0,2.6,2,8.1,6.0,Medium,Low,19,Tuesday,1,1
2034,Medium,Incident,Email,Standard,5,0,6.9,2,12.1,5.0,Low,Low,15,Wednesday,0,0
2035,Critical,Problem,Monitoring,Premium,6,1,3.5,1,10.4,0.0,Low,Medium,3,Tuesday,1,1
2036,Low,Incident,Monitoring,Standard,11,2,12.2,1,8.2,0.0,Medium,Medium,7,Sunday,1,0
2037,Low,Incident,Email,Premium,11,2,4.1,1,10.1,3.0,Medium,Low,16,Friday,1,0
2038,Low,Incident,Email,Premium,8,1,1.3,1,5.7,2.0,Low,High,6,Thursday,0,1
2039,Medium,Incident,Monitoring,Standard,4,1,0.6,1,23.9,0.0,Low,Medium,1,Monday,0,0
2040,Medium,Access,Portal,Premium,6,1,11.0,1,18.2,4.0,Medium,Medium,12,Sunday,0,1
2041,Medium,Incident,Email,Enterprise,4,2,5.5,1,7.8,4.0,Medium,Low,14,Thursday,0,0
2042,High,Service Request,Portal,Premium,14,0,10.2,1,12.8,0.0,Medium,Medium,1,Wednesday,1,0
2043,High,Service Request,Email,Premium,8,0,12.7,3,8.3,1.0,Medium,Medium,14,Sunday,1,0
2044,Low,Service Request,Email,Premium,13,3,8.3,2,,3.0,High,High,4,Sunday,1,1
2045,High,Incident,Portal,Premium,14,0,4.2,1,4.8,3.0,High,Medium,6,Friday,0,0
2046,High,Incident,Email,Enterprise,8,2,10.1,1,11.5,0.0,Low,Low,14,Tuesday,0,0
2047,Low,Problem,Email,Enterprise,11,1,8.0,1,16.5,1.0,Low,Medium,4,Monday,0,1
2048,Low,Incident,Monitoring,Enterprise,8,4,3.5,2,9.1,4.0,Low,Low,1,Friday,1,0
2049,Low,Service Request,Portal,Enterprise,7,1,11.8,3,11.5,2.0,Low,Medium,21,Wednesday,0,0
2050,Critical,Service Request,Email,Premium,2,2,,2,1.2,3.0,Low,Medium,1,Sunday,0,0
2051,Medium,Service Request,Phone,Standard,13,4,4.3,3,16.3,0.0,Medium,Medium,0,Monday,0,0
2052,High,Incident,Portal,Standard,17,2,12.4,1,4.2,4.0,High,Low,4,Monday,0,1
2053,Critical,Incident,Portal,Premium,8,4,14.9,2,17.4,1.0,Medium,High,13,Friday,1,1
2054,Low,Incident,Email,Standard,4,0,8.1,2,23.7,2.0,Low,Low,0,Sunday,1,0
2055,Low,Incident,Portal,Standard,5,4,1.5,3,9.0,4.0,Low,Low,2,Thursday,0,1
2056,Medium,Access,Portal,Standard,8,1,8.0,2,8.7,3.0,Medium,Low,16,Monday,1,0
2057,Medium,Problem,Portal,Standard,6,2,2.5,2,5.8,2.0,High,Medium,12,Thursday,1,1
2058,Low,Incident,Portal,Standard,2,1,8.9,2,6.7,3.0,Medium,Medium,0,Tuesday,1,0
2059,Medium,Incident,Portal,Premium,7,0,7.3,2,5.8,1.0,Medium,Low,6,Thursday,1,0
2060,Low,Incident,Portal,Standard,10,2,8.9,3,4.7,,High,High,9,Sunday,0,0
2061,Medium,Access,Portal,Standard,8,1,2.5,1,2.5,2.0,Low,Low,8,Thursday,0,0
2062,High,Incident,Email,Premium,8,0,7.9,1,5.4,0.0,High,High,10,Monday,0,0
2063,Medium,Incident,Portal,Standard,9,0,,1,11.4,2.0,Low,Low,22,Sunday,0,0
2064,Medium,Incident,Monitoring,Standard,10,0,6.3,1,1.2,2.0,Medium,Medium,17,Tuesday,0,0
2065,Low,Incident,Phone,Premium,6,0,1.5,2,18.8,3.0,Low,Low,6,Friday,1,0
2066,Critical,Service Request,Email,Premium,8,5,9.0,1,6.2,5.0,High,High,17,Monday,0,1
2067,Medium,Service Request,Email,Standard,3,2,2.8,1,5.2,4.0,Medium,Low,5,Monday,0,0
2068,Medium,Incident,Portal,Premium,7,2,12.9,3,7.6,3.0,Low,Medium,17,Tuesday,1,0
2069,Medium,Incident,Phone,Premium,9,1,3.7,1,7.2,4.0,Low,Medium,20,Monday,0,1
2070,High,Incident,Portal,Premium,5,1,12.3,2,3.2,3.0,Medium,Low,23,Saturday,1,0
2071,Medium,Incident,Monitoring,Enterprise,10,0,13.8,2,12.8,3.0,High,Low,16,Wednesday,0,0
2072,High,Service Request,Portal,Enterprise,9,1,12.2,1,13.4,4.0,Low,Medium,4,Saturday,1,1
2073,Medium,Incident,Email,Standard,6,1,12.6,2,16.6,1.0,Low,High,5,Tuesday,0,0
2074,Medium,Service Request,Portal,Standard,11,1,12.9,2,12.9,0.0,Low,Low,23,Tuesday,0,0
2075,Medium,Incident,Portal,Standard,7,3,6.1,2,5.4,3.0,Medium,Low,17,Sunday,0,0
2076,High,Service Request,Email,Standard,7,3,4.2,1,11.3,3.0,High,High,13,Thursday,1,1
2077,Medium,Incident,Email,Standard,11,2,2.2,1,8.8,0.0,Medium,Low,15,Sunday,0,0
2078,High,Service Request,Portal,Premium,7,1,4.7,1,8.6,1.0,Low,Low,10,Monday,0,1
2079,Low,Service Request,Portal,Premium,8,1,9.4,1,4.2,2.0,Medium,High,20,Saturday,0,0
2080,Medium,Incident,Portal,Standard,4,2,8.8,2,17.7,2.0,Low,Low,21,Thursday,0,0
2081,Low,Incident,Phone,Enterprise,4,1,10.3,1,8.0,0.0,High,Medium,10,Tuesday,1,1
2082,High,Incident,Portal,Standard,12,2,14.4,3,21.0,0.0,High,Low,15,Wednesday,1,1
2083,Low,Problem,Phone,Standard,10,1,5.7,1,4.7,2.0,Medium,Low,6,Friday,0,1
2084,Medium,Incident,Portal,Premium,4,0,4.4,1,14.0,2.0,Low,Medium,7,Monday,1,1
2085,Low,Incident,Portal,Enterprise,13,0,1.3,1,6.6,3.0,Medium,Medium,10,Saturday,0,0
2086,High,Incident,Email,Enterprise,6,2,5.1,2,9.3,1.0,Low,Medium,8,Monday,0,0
2087,Medium,Incident,Portal,Standard,10,1,13.0,2,10.8,2.0,Medium,Low,23,Monday,1,0
2088,High,Incident,Phone,Premium,14,2,7.5,3,5.6,2.0,Medium,High,6,Monday,0,0
2089,High,Incident,Phone,Standard,9,0,14.8,1,9.4,3.0,Medium,Medium,12,Saturday,1,1
2090,Low,Incident,Phone,Enterprise,11,1,1.5,1,12.3,3.0,Medium,High,10,Sunday,0,0
2091,Low,Service Request,Portal,Premium,8,3,13.1,1,3.2,3.0,Medium,Low,1,Sunday,0,1
2092,High,Problem,Email,Standard,8,2,12.2,1,,0.0,Low,High,5,Wednesday,0,0
2093,Medium,Incident,Phone,Standard,8,1,0.7,2,11.7,3.0,Low,Low,15,Sunday,0,1
2094,Medium,Incident,Phone,Standard,4,1,,2,16.3,0.0,High,Low,2,Wednesday,0,1
2095,Medium,Service Request,Email,Standard,5,3,2.9,1,6.9,2.0,Low,Medium,7,Sunday,1,0
2096,High,Problem,Phone,Enterprise,12,0,9.3,2,6.4,1.0,High,Low,20,Wednesday,1,0
2097,Medium,Service Request,Portal,Premium,6,2,1.9,2,5.8,2.0,Medium,Medium,10,Thursday,1,1
2098,High,Incident,Portal,Standard,7,1,0.6,1,10.0,2.0,Medium,Medium,6,Wednesday,1,1
2099,Medium,Incident,Email,Standard,8,3,0.6,1,7.2,2.0,High,Low,0,Friday,0,0
2100,Medium,Problem,Phone,Enterprise,7,1,1.5,2,8.4,1.0,High,Low,1,Saturday,0,1
2101,Medium,Incident,Email,Enterprise,14,1,,1,2.5,1.0,Medium,Medium,13,Friday,1,0
2102,Medium,Service Request,Portal,Premium,5,1,10.4,4,7.8,2.0,Low,Low,10,Thursday,0,0
2103,Medium,Access,Portal,Premium,15,1,6.8,1,5.4,4.0,Medium,High,3,Monday,0,0
2104,Low,Service Request,Portal,Premium,7,1,10.7,2,15.0,1.0,Low,Medium,3,Wednesday,0,0
2105,Medium,Incident,Portal,Standard,8,2,6.0,2,22.3,3.0,Medium,Medium,8,Thursday,0,0
2106,Medium,Incident,Portal,Standard,17,1,4.3,3,4.9,3.0,Low,Medium,0,Wednesday,0,0
2107,Medium,Service Request,Email,Standard,12,0,5.3,1,6.9,5.0,Medium,Medium,4,Wednesday,0,0
2108,Medium,Service Request,Email,Premium,6,1,,3,15.0,1.0,Low,Low,20,Sunday,1,1
2109,Medium,Incident,Phone,Standard,11,0,6.4,1,15.0,7.0,Low,Low,9,Monday,1,0
2110,Medium,Problem,Email,Standard,8,1,12.0,3,9.1,3.0,Low,High,3,Monday,0,0
2111,Medium,Access,Email,Standard,3,0,4.6,3,12.3,1.0,Low,Medium,18,Wednesday,0,1
2112,Low,Access,Monitoring,Premium,11,2,14.4,1,5.7,3.0,Medium,Medium,12,Thursday,1,0
2113,High,Problem,Portal,Standard,13,2,4.8,1,5.7,0.0,Low,Low,22,Wednesday,0,0
2114,High,Incident,Portal,Standard,6,1,10.3,1,4.5,2.0,Medium,Low,17,Thursday,0,0
2115,Medium,Access,Email,Standard,5,2,3.5,2,9.8,2.0,Low,Medium,6,Friday,0,0
2116,Medium,Incident,Portal,Premium,8,1,8.2,1,4.7,1.0,Medium,Low,19,Saturday,0,0
2117,Medium,Incident,Portal,Premium,7,1,14.5,1,16.0,2.0,High,Medium,8,Wednesday,0,0
2118,High,Incident,Phone,Premium,13,3,10.8,4,18.9,1.0,Medium,High,20,Sunday,0,1
2119,High,Service Request,Portal,Standard,10,2,5.3,1,17.2,3.0,Low,Low,23,Sunday,1,0
2120,High,Problem,Email,Premium,7,0,0.8,3,8.1,4.0,Low,Low,1,Wednesday,0,1
2121,Medium,Incident,Portal,Standard,5,0,9.2,2,16.7,4.0,High,Medium,1,Saturday,0,0
2122,Medium,Incident,Portal,Enterprise,6,1,0.9,1,8.8,2.0,Low,Low,3,Friday,0,0
2123,Low,Incident,Email,Premium,13,0,5.3,2,9.0,4.0,Medium,Medium,14,Thursday,0,0
2124,Medium,Service Request,Email,Enterprise,8,0,12.0,2,7.7,3.0,Medium,Low,16,Tuesday,0,0
2125,High,Service Request,Portal,Enterprise,7,2,8.2,2,3.3,4.0,Low,Medium,2,Saturday,0,0
2126,Medium,Incident,Email,Enterprise,11,0,3.0,3,13.2,1.0,Low,Low,2,Friday,0,0
2127,Medium,Problem,Email,Standard,14,1,12.8,1,13.6,1.0,Low,Low,3,Tuesday,0,0
2128,Medium,Incident,Email,Premium,5,1,5.9,1,14.8,1.0,Low,High,12,Sunday,0,1
2129,Medium,Incident,Monitoring,Enterprise,10,0,0.6,1,28.1,4.0,Medium,Medium,2,Thursday,0,1
2130,Medium,Service Request,Email,Enterprise,9,1,6.8,1,8.3,0.0,Medium,Medium,8,Sunday,0,0
2131,Low,Incident,Portal,Premium,10,0,1.8,2,5.3,2.0,Medium,Medium,10,Monday,1,0
2132,Medium,Problem,Email,Premium,1,0,0.7,4,8.1,1.0,Low,Low,6,Wednesday,0,0
2133,Low,Incident,Email,Standard,9,2,1.3,3,9.0,5.0,Low,Low,19,Wednesday,1,0
2134,Medium,Incident,Portal,Standard,8,2,,2,16.6,4.0,Low,High,5,Monday,0,0
2135,Medium,Incident,Email,Enterprise,7,0,4.7,2,11.2,3.0,Low,High,4,Tuesday,0,1
2136,High,Service Request,Portal,Premium,10,1,4.7,1,5.4,3.0,Medium,Low,9,Thursday,0,0
2137,High,Service Request,Portal,Standard,13,2,8.1,2,6.8,1.0,Low,Low,5,Monday,0,0
2138,Medium,Problem,Email,Standard,11,0,,1,8.0,1.0,Medium,Low,14,Thursday,1,0
2139,Critical,Service Request,Monitoring,Enterprise,5,2,,1,11.1,6.0,Medium,Low,1,Friday,0,1
2140,Medium,Incident,Portal,Premium,4,1,10.9,1,24.7,3.0,Low,Medium,10,Wednesday,1,0
2141,Low,Incident,Monitoring,Standard,6,2,2.5,1,7.0,3.0,High,Low,7,Tuesday,0,1
2142,Critical,Service Request,Portal,Premium,5,2,4.5,2,1.0,1.0,High,Low,5,Wednesday,1,1
2143,Medium,Access,Portal,Premium,7,0,8.9,1,0.9,2.0,High,Low,1,Saturday,0,0
2144,Low,Incident,Monitoring,Premium,9,2,1.2,1,20.5,2.0,Low,High,16,Monday,1,1
2145,Medium,Incident,Portal,Premium,12,1,14.9,2,,0.0,Low,High,3,Friday,0,0
2146,Medium,Service Request,Portal,Premium,8,1,6.6,1,1.9,0.0,Medium,High,11,Thursday,0,0
2147,Medium,Incident,Email,Standard,10,2,13.8,1,8.9,0.0,High,Medium,2,Saturday,0,1
2148,High,Access,Email,Enterprise,5,1,0.8,1,12.8,2.0,Medium,Low,1,Tuesday,1,0
2149,Low,Access,Phone,Standard,7,2,8.9,1,1.3,1.0,Low,Low,10,Tuesday,0,0
2150,High,Incident,Portal,Enterprise,4,2,8.6,2,13.0,2.0,Low,Low,1,Tuesday,0,0
2151,Medium,Incident,Portal,Premium,4,0,13.7,2,8.5,2.0,Low,Low,11,Monday,0,1
2152,Medium,Incident,Portal,Enterprise,3,2,3.4,3,9.2,2.0,Low,Medium,16,Saturday,0,0
2153,Low,Incident,Portal,Premium,7,0,14.0,1,8.8,4.0,Medium,High,15,Tuesday,0,0
2154,High,Problem,Portal,Enterprise,9,1,9.3,2,14.0,0.0,Medium,Low,15,Wednesday,1,0
2155,Critical,Incident,Email,Standard,7,1,4.1,1,10.3,3.0,High,Medium,9,Wednesday,1,1
2156,Low,Incident,Email,Enterprise,8,1,13.4,2,2.0,2.0,Low,Medium,18,Tuesday,1,0
2157,Medium,Problem,Phone,Standard,10,0,11.0,3,8.0,1.0,Medium,Medium,7,Friday,0,0
2158,Medium,Problem,Portal,Premium,9,0,13.4,3,12.7,3.0,Low,Medium,23,Saturday,0,0
2159,Medium,Incident,Email,Premium,11,0,13.8,2,2.7,1.0,Low,High,7,Friday,0,0
2160,Low,Incident,Phone,Standard,8,3,4.3,1,7.1,3.0,Low,Low,16,Friday,1,1
2161,Medium,Service Request,Portal,Standard,5,0,,1,16.0,5.0,Low,Low,19,Tuesday,0,1
2162,Medium,Access,Portal,Standard,5,2,14.6,1,3.6,4.0,Low,High,18,Thursday,0,0
2163,Critical,Incident,Portal,Premium,11,2,1.3,1,7.4,0.0,Low,Medium,2,Sunday,1,1
2164,Medium,Incident,Email,Premium,6,2,10.5,3,3.1,2.0,Low,Medium,1,Monday,0,0
2165,Medium,Service Request,Monitoring,Premium,4,1,4.9,2,10.3,3.0,Low,High,15,Thursday,1,1
2166,High,Incident,Portal,Premium,8,1,15.0,1,12.9,3.0,Low,Medium,14,Friday,1,0
2167,Medium,Service Request,Email,Standard,12,1,9.4,1,9.5,2.0,Low,Low,6,Tuesday,0,1
2168,Medium,Service Request,Portal,Premium,9,1,2.7,1,9.2,0.0,Low,Low,7,Tuesday,0,1
2169,Critical,Problem,Monitoring,Premium,4,1,11.4,2,9.0,1.0,Low,Medium,3,Thursday,0,0
2170,Low,Incident,Email,Standard,6,0,15.0,1,8.1,2.0,High,Medium,8,Thursday,1,1
2171,High,Incident,Phone,Premium,7,2,10.7,2,18.0,1.0,Medium,Low,12,Friday,0,0
2172,Medium,Incident,Email,Premium,9,1,6.3,1,3.6,4.0,High,High,15,Sunday,0,1
2173,Low,Problem,Email,Enterprise,10,2,6.0,2,10.8,1.0,Medium,Medium,7,Sunday,0,1
2174,Medium,Incident,Portal,Standard,6,2,1.2,2,7.9,0.0,Medium,Medium,2,Saturday,1,0
2175,Low,Incident,Portal,Standard,7,3,3.7,3,10.2,1.0,High,High,5,Saturday,0,0
2176,Low,Incident,Monitoring,Premium,12,0,14.5,1,10.9,2.0,Low,Low,22,Monday,0,0
2177,High,Incident,Portal,Premium,11,1,5.5,4,7.0,1.0,High,High,2,Thursday,0,0
2178,High,Incident,Email,Standard,7,1,8.5,2,5.9,0.0,Low,Low,4,Saturday,1,0
2179,High,Incident,Email,Enterprise,3,2,1.6,1,29.8,1.0,Low,Low,16,Tuesday,0,1
2180,Critical,Incident,Phone,Enterprise,6,1,10.1,3,19.3,0.0,Medium,Medium,21,Sunday,1,0
2181,Critical,Incident,Portal,Standard,9,0,5.4,2,6.4,2.0,Low,Low,0,Friday,0,0
2182,High,Service Request,Portal,Standard,8,1,13.0,2,7.6,0.0,High,Medium,16,Wednesday,0,0
2183,High,Service Request,Portal,Standard,9,0,11.6,2,6.5,5.0,Low,Medium,23,Monday,0,0
2184,Low,Incident,Portal,Enterprise,9,1,13.8,1,5.7,1.0,Medium,High,19,Friday,0,1
2185,High,Service Request,Portal,Enterprise,9,1,1.1,3,6.7,0.0,Low,Low,4,Monday,0,0
2186,High,Incident,Portal,Premium,6,2,3.9,1,3.2,1.0,Low,Low,7,Saturday,0,0
2187,High,Incident,Portal,Standard,6,0,,4,2.0,3.0,Medium,Low,1,Friday,0,0
2188,High,Access,Phone,Premium,5,1,5.2,1,13.4,1.0,Low,High,1,Thursday,0,0
2189,Medium,Service Request,Phone,Premium,5,1,9.9,3,9.9,3.0,High,Low,14,Wednesday,0,0
2190,Medium,Problem,Phone,Standard,8,0,12.2,1,19.7,4.0,High,Medium,20,Monday,0,0
2191,Medium,Service Request,Email,Premium,12,0,4.3,2,4.7,4.0,Low,Low,19,Thursday,0,0
2192,High,Incident,Email,Premium,9,0,7.1,2,3.5,4.0,Medium,Medium,4,Friday,0,0
2193,Medium,Incident,Portal,Standard,10,0,11.1,3,1.7,3.0,Medium,Low,13,Friday,1,1
2194,Medium,Problem,Portal,Enterprise,6,0,7.3,1,7.7,2.0,Low,Medium,14,Thursday,0,0
2195,Low,Incident,Email,Standard,6,1,9.2,1,15.3,1.0,Low,Medium,7,Thursday,0,0
2196,Low,Access,Monitoring,Premium,8,1,9.5,1,12.1,2.0,Low,Low,14,Friday,0,0
2197,Low,Incident,Portal,Standard,7,1,9.3,4,16.8,2.0,Medium,Medium,14,Wednesday,1,0
2198,High,Incident,Portal,Standard,12,1,1.6,4,18.5,2.0,Medium,High,12,Sunday,0,1
2199,High,Service Request,Portal,Standard,6,2,10.0,1,12.9,4.0,Medium,Low,19,Wednesday,0,0
2200,High,Incident,Portal,Standard,8,1,10.9,1,4.5,2.0,High,Low,2,Thursday,0,1
2201,Medium,Problem,Portal,Standard,7,0,9.3,2,12.7,4.0,Low,Low,9,Sunday,0,1
2202,Medium,Service Request,Portal,Standard,9,2,11.7,4,8.4,0.0,High,High,4,Thursday,1,0
2203,Medium,Incident,Monitoring,Standard,7,0,6.0,1,12.6,3.0,Low,High,13,Sunday,1,0
2204,Medium,Incident,Monitoring,Enterprise,6,0,2.9,2,5.8,2.0,Low,Medium,17,Wednesday,0,0
2205,Medium,Service Request,Portal,Enterprise,10,0,5.1,2,13.7,3.0,Low,Medium,20,Friday,0,0
2206,High,Incident,Portal,Premium,5,1,2.8,1,12.6,2.0,Medium,High,19,Wednesday,1,1
2207,Medium,Incident,Email,Standard,8,2,1.2,3,17.7,2.0,High,Low,7,Saturday,1,1
2208,Low,Incident,Phone,Enterprise,12,2,14.8,1,7.5,1.0,Medium,Medium,14,Sunday,0,0
2209,Low,Incident,Portal,Enterprise,7,2,11.7,1,6.3,3.0,Low,Medium,9,Thursday,0,0
2210,Medium,Incident,Portal,Standard,8,1,10.7,1,4.2,0.0,Low,Medium,5,Sunday,0,0
2211,Medium,Access,Phone,Enterprise,4,3,12.9,3,12.5,2.0,High,Medium,0,Thursday,0,1
2212,Medium,Service Request,Phone,Standard,8,1,2.5,1,7.5,4.0,High,Medium,2,Thursday,0,1
2213,High,Incident,Monitoring,Standard,14,1,12.6,2,17.5,1.0,Low,High,20,Friday,0,1
2214,Medium,Problem,Portal,Standard,8,5,13.5,1,5.7,1.0,High,Medium,12,Wednesday,0,1
2215,Medium,Service Request,Phone,Enterprise,9,0,3.4,1,8.2,7.0,Low,Low,18,Saturday,0,1
2216,High,Incident,Email,Enterprise,10,2,11.5,1,23.9,2.0,Low,High,18,Saturday,1,0
2217,Medium,Incident,Email,Enterprise,9,4,9.6,1,4.9,1.0,Low,Medium,1,Tuesday,0,1
2218,High,Problem,Phone,Standard,10,1,9.2,4,13.4,1.0,Medium,Low,17,Thursday,0,0
2219,Critical,Incident,Phone,Standard,9,2,2.7,3,10.1,1.0,Low,Medium,2,Thursday,0,1
2220,Medium,Incident,Phone,Enterprise,3,2,,1,10.8,2.0,Low,Medium,15,Saturday,0,1
2221,Critical,Service Request,Phone,Premium,10,0,5.5,2,4.1,0.0,Medium,Low,17,Tuesday,0,0
2222,Medium,Access,Phone,Standard,9,1,2.6,1,3.9,2.0,High,Low,23,Friday,0,0
2223,Low,Incident,Email,Standard,6,1,8.7,2,4.7,2.0,Low,Medium,4,Wednesday,0,1
2224,Medium,Incident,Portal,Standard,3,1,7.4,3,5.3,1.0,Medium,Medium,16,Thursday,1,0
2225,Medium,Incident,Portal,Standard,8,1,1.0,1,18.9,0.0,High,Medium,0,Tuesday,0,1
2226,High,Incident,Portal,Enterprise,4,1,3.0,2,4.0,3.0,Low,High,12,Monday,0,0
2227,Low,Service Request,Portal,Standard,7,2,7.8,2,8.5,0.0,Low,Low,7,Monday,0,0
2228,Medium,Service Request,Portal,Premium,5,1,8.8,1,4.7,4.0,Low,High,2,Friday,0,0
2229,High,Incident,Email,Standard,4,0,1.7,1,9.6,2.0,Low,High,14,Wednesday,0,0
2230,Low,Service Request,Email,Enterprise,6,2,4.2,1,3.2,3.0,Low,Low,8,Friday,1,1
2231,Low,Incident,Email,Standard,8,3,9.6,1,9.9,1.0,Medium,High,1,Wednesday,0,0
2232,High,Problem,Email,Premium,13,1,0.8,1,8.1,1.0,Low,Medium,17,Friday,0,1
2233,Low,Service Request,Email,Standard,7,2,8.9,1,4.8,5.0,Medium,Medium,15,Sunday,1,1
2234,Medium,Incident,Portal,Enterprise,10,0,1.5,2,5.8,2.0,Medium,High,5,Wednesday,0,1
2235,Medium,Problem,Portal,Enterprise,2,1,1.1,1,8.1,3.0,Low,High,1,Saturday,1,0
2236,High,Incident,Portal,Standard,13,0,11.0,2,10.5,1.0,Low,Medium,20,Monday,1,0
2237,Low,Incident,Portal,Premium,5,1,1.1,1,19.4,4.0,Low,Medium,23,Friday,1,1
2238,Medium,Service Request,Portal,Enterprise,4,1,4.3,1,12.9,1.0,Medium,High,2,Sunday,1,0
2239,Critical,Problem,Email,Standard,9,0,10.2,1,11.5,1.0,Low,High,7,Saturday,0,0
2240,Medium,Incident,Phone,Standard,6,2,13.2,1,4.7,2.0,Low,Medium,21,Sunday,0,0
2241,High,Service Request,Portal,Standard,10,0,11.1,1,6.0,2.0,Low,Low,15,Sunday,1,0
2242,Low,Incident,Portal,Standard,8,1,14.8,1,13.0,2.0,Low,Low,3,Wednesday,0,0
2243,Critical,Incident,Email,Premium,8,1,14.9,4,9.4,1.0,High,Low,22,Wednesday,1,1
2244,Medium,Incident,Phone,Standard,6,2,14.1,1,7.6,2.0,Medium,Low,1,Tuesday,0,1
2245,High,Incident,Email,Standard,17,4,10.3,1,22.8,2.0,Low,Low,17,Monday,0,1
2246,Critical,Incident,Portal,Standard,8,1,1.6,1,3.2,1.0,Medium,Medium,23,Wednesday,1,1
2247,Low,Incident,Portal,Standard,5,1,8.3,1,8.3,1.0,Low,High,15,Tuesday,0,1
2248,Medium,Incident,Portal,Standard,9,1,2.5,1,10.7,1.0,High,Low,8,Saturday,0,0
2249,Medium,Incident,Email,Premium,11,1,14.7,1,12.6,1.0,Medium,Low,9,Thursday,1,0
2250,Low,Incident,Portal,Standard,11,0,5.0,1,6.2,2.0,Medium,Medium,19,Saturday,0,1
2251,Medium,Service Request,Portal,Standard,8,1,10.6,1,,1.0,Low,Medium,11,Friday,1,1
2252,Medium,Incident,Email,Premium,9,0,8.5,2,32.7,1.0,Low,Medium,16,Tuesday,1,0
2253,Low,Access,Email,Standard,7,1,2.8,3,7.9,1.0,Medium,Low,3,Wednesday,0,0
2254,High,Access,Phone,Standard,6,0,12.6,2,15.2,3.0,Low,Medium,14,Tuesday,0,0
2255,Medium,Problem,Phone,Premium,4,2,4.6,2,11.6,1.0,Medium,Medium,16,Saturday,0,0
2256,Medium,Incident,Phone,Premium,8,0,2.5,1,12.8,3.0,Medium,Medium,13,Tuesday,0,1
2257,Critical,Incident,Phone,Premium,9,2,3.2,2,14.8,1.0,Low,Low,1,Friday,1,1
2258,Medium,Service Request,Email,Enterprise,5,3,6.8,1,7.0,5.0,Low,High,22,Wednesday,0,0
2259,Medium,Incident,Phone,Enterprise,5,3,14.0,4,13.2,0.0,Low,Medium,0,Thursday,0,0
2260,Medium,Service Request,Email,Enterprise,7,3,10.4,2,12.5,3.0,High,Low,0,Monday,1,0
2261,Critical,Incident,Phone,Standard,7,3,6.1,2,3.0,1.0,Low,High,21,Monday,1,1
2262,Low,Incident,Email,Premium,7,2,1.1,2,8.5,5.0,Medium,Medium,4,Thursday,0,0
2263,Medium,Access,Email,Enterprise,11,1,1.9,1,22.9,1.0,Low,Low,2,Thursday,0,1
2264,High,Incident,Portal,Premium,7,1,10.2,1,7.2,1.0,High,High,8,Thursday,0,0
2265,Medium,Incident,Portal,Standard,4,2,5.2,2,10.3,2.0,Medium,High,19,Tuesday,0,0
2266,Medium,Incident,Phone,Standard,8,1,7.6,1,2.9,3.0,Medium,High,20,Thursday,0,0
2267,High,Service Request,Phone,Premium,3,2,12.1,1,20.2,3.0,Low,Medium,22,Monday,0,1
2268,High,Incident,Phone,Enterprise,9,1,5.3,1,14.8,1.0,Low,Medium,17,Wednesday,0,0
2269,Low,Service Request,Monitoring,Standard,6,2,13.9,2,7.1,0.0,Low,Low,11,Monday,0,0
2270,Low,Service Request,Portal,Standard,5,0,14.5,1,13.5,0.0,Medium,High,12,Saturday,0,0
2271,High,Incident,Portal,Enterprise,8,2,1.6,1,7.3,2.0,High,Medium,18,Sunday,1,1
2272,Low,Problem,Monitoring,Premium,10,1,6.4,1,14.0,1.0,Low,Medium,15,Saturday,0,1
2273,Medium,Incident,Portal,Enterprise,11,0,9.9,1,4.4,0.0,Low,High,5,Sunday,0,0
2274,High,Problem,Email,Standard,9,2,4.7,1,17.7,2.0,Low,High,8,Tuesday,0,1
2275,Low,Access,Phone,Premium,8,0,14.5,2,13.0,0.0,Medium,Low,19,Wednesday,1,0
2276,High,Problem,Email,Premium,9,0,13.1,1,5.5,2.0,High,Medium,5,Tuesday,1,0
2277,High,Service Request,Portal,Enterprise,11,3,7.3,1,2.9,2.0,Low,Low,4,Friday,0,0
2278,Medium,Problem,Portal,Standard,8,0,10.3,2,12.5,2.0,Medium,Medium,18,Monday,0,0
2279,Medium,Incident,Phone,Standard,8,0,9.9,1,15.0,5.0,Medium,Medium,18,Sunday,1,1
2280,Low,Incident,Phone,Premium,6,2,7.1,1,12.2,1.0,Low,Low,18,Friday,0,0
2281,High,Problem,Phone,Standard,3,4,8.5,2,6.5,4.0,Low,High,0,Saturday,1,1
2282,Medium,Service Request,Phone,Premium,2,1,9.4,2,3.9,4.0,High,Low,9,Wednesday,0,0
2283,Medium,Service Request,Portal,Standard,8,0,9.3,2,7.1,3.0,High,Low,4,Friday,0,0
2284,Critical,Problem,Email,Standard,5,1,12.3,1,3.9,2.0,Low,Low,6,Monday,0,0
2285,Medium,Problem,Portal,Enterprise,10,0,7.5,3,4.7,4.0,High,High,13,Tuesday,1,1
2286,Low,Incident,Portal,Premium,9,1,8.1,1,,3.0,Medium,High,10,Wednesday,1,1
2287,High,Service Request,Portal,Standard,6,1,9.1,1,,1.0,Medium,Medium,6,Thursday,0,0
2288,Medium,Problem,Portal,Standard,6,0,12.5,1,11.6,0.0,Low,High,14,Friday,0,0
2289,Medium,Incident,Email,Standard,10,2,3.2,1,,3.0,Low,Medium,12,Saturday,1,0
2290,Low,Access,Email,Premium,5,3,14.8,1,4.6,1.0,Low,Low,18,Tuesday,0,0
2291,Medium,Incident,Portal,Premium,9,0,3.3,2,,1.0,Low,High,4,Wednesday,0,0
2292,Medium,Incident,Monitoring,Premium,8,1,8.5,2,6.7,3.0,Low,Medium,15,Tuesday,0,0
2293,Low,Incident,Portal,Enterprise,10,0,5.6,1,5.6,0.0,Low,Low,5,Saturday,0,0
2294,High,Incident,Phone,Enterprise,12,0,11.3,4,20.8,1.0,Medium,High,19,Monday,0,1
2295,Low,Problem,Email,Standard,8,3,3.7,1,15.4,2.0,Low,Medium,1,Sunday,1,1
2296,High,Problem,Email,Premium,12,1,14.6,1,5.8,2.0,Low,Medium,11,Friday,0,1
2297,Low,Incident,Portal,Standard,12,0,5.1,1,9.7,1.0,Low,High,10,Monday,0,0
2298,High,Incident,Portal,Standard,8,1,6.6,1,10.3,,Low,Low,18,Thursday,0,0
2299,Medium,Problem,Phone,Standard,5,0,5.1,3,13.8,0.0,Low,Medium,6,Monday,0,0
2300,Low,Incident,Portal,Standard,4,0,10.8,3,12.5,2.0,Low,Low,10,Wednesday,0,1
2301,Medium,Incident,Monitoring,Standard,5,2,5.9,1,9.0,4.0,Medium,Low,14,Friday,0,0
2302,High,Incident,Portal,Enterprise,10,5,14.9,4,8.3,4.0,Low,High,14,Friday,0,0
2303,Low,Incident,Portal,Standard,4,0,10.7,2,2.8,3.0,Medium,Low,15,Sunday,0,0
2304,High,Service Request,Portal,Standard,7,1,14.2,1,18.5,1.0,Medium,High,23,Friday,0,0
2305,High,Incident,Email,Standard,8,1,14.4,1,7.0,4.0,Medium,High,1,Wednesday,0,0
2306,Low,Service Request,Portal,Standard,9,2,1.8,1,13.0,2.0,High,Medium,19,Wednesday,1,1
2307,Medium,Incident,Email,Enterprise,10,0,13.5,1,10.6,0.0,Medium,Medium,1,Friday,1,0
2308,Critical,Problem,Monitoring,Standard,7,3,13.0,2,10.0,0.0,Medium,High,4,Tuesday,1,0
2309,Medium,Service Request,Portal,Premium,13,2,13.2,3,5.0,1.0,High,Low,18,Wednesday,0,0
2310,Critical,Service Request,Phone,Premium,9,1,6.4,2,16.8,1.0,Low,Low,15,Sunday,1,0
2311,Low,Incident,Portal,Enterprise,6,3,8.2,1,13.2,3.0,High,Low,5,Tuesday,0,1
2312,Low,Incident,Email,Standard,7,1,0.8,3,19.7,3.0,High,Medium,17,Saturday,0,1
2313,Low,Incident,Monitoring,Standard,8,0,8.1,1,20.0,5.0,Medium,Low,3,Thursday,0,1
2314,Medium,Incident,Portal,Premium,5,1,10.8,3,12.8,1.0,Medium,Medium,4,Tuesday,0,0
2315,Medium,Incident,Phone,Standard,10,1,14.0,3,10.2,1.0,Medium,Medium,4,Monday,0,1
2316,Medium,Access,Phone,Standard,8,2,5.6,1,17.6,2.0,High,Medium,23,Friday,0,0
2317,Critical,Problem,Email,Standard,12,2,14.8,1,6.8,3.0,Low,Low,9,Wednesday,1,0
2318,Low,Incident,Monitoring,Standard,7,2,3.7,3,20.2,3.0,Low,Low,3,Saturday,0,0
2319,Low,Incident,Email,Enterprise,7,1,9.8,2,3.4,2.0,Low,Medium,8,Sunday,0,0
2320,Medium,Access,Phone,Premium,8,2,2.8,1,13.2,2.0,Low,Low,23,Thursday,0,1
2321,High,Service Request,Phone,Enterprise,9,1,13.4,1,9.8,1.0,High,Low,5,Tuesday,0,0
2322,Medium,Incident,Phone,Standard,4,3,13.6,2,9.3,,Low,High,2,Friday,0,0
2323,Low,Service Request,Portal,Premium,7,0,3.9,2,6.7,2.0,High,Medium,17,Thursday,0,0
2324,Low,Incident,Phone,Premium,5,0,9.7,2,8.9,2.0,Low,Low,0,Tuesday,0,0
2325,Critical,Access,Email,Standard,2,1,13.6,4,12.6,3.0,Medium,High,1,Saturday,0,1
2326,Critical,Incident,Monitoring,Standard,10,0,7.8,1,6.6,2.0,High,Low,15,Wednesday,0,1
2327,Medium,Access,Portal,Standard,6,2,0.7,1,3.3,1.0,Medium,Low,18,Tuesday,0,0
2328,High,Problem,Phone,Standard,8,0,12.4,3,1.4,1.0,Low,Medium,2,Wednesday,0,0
2329,Medium,Service Request,Portal,Standard,5,1,4.4,1,13.8,1.0,High,Low,1,Friday,1,1
2330,High,Service Request,Portal,Standard,5,1,1.1,2,19.6,4.0,Low,Low,19,Wednesday,0,1
2331,High,Service Request,Phone,Standard,11,0,10.7,1,18.9,2.0,Low,Low,12,Thursday,1,1
2332,Low,Incident,Phone,Premium,8,0,5.3,1,14.6,3.0,Medium,High,21,Wednesday,0,1
2333,Medium,Service Request,Portal,Standard,11,1,10.2,1,0.8,4.0,High,Low,5,Saturday,1,0
2334,Medium,Incident,Email,Standard,2,2,10.1,1,8.0,1.0,Medium,Low,11,Tuesday,1,0
2335,Medium,Problem,Portal,Standard,11,0,1.4,2,11.2,5.0,Low,Medium,14,Thursday,1,0
2336,Low,Access,Email,Premium,11,1,6.6,1,15.4,3.0,Low,Low,16,Sunday,1,0
2337,Low,Incident,Portal,Enterprise,8,2,7.0,1,6.9,2.0,Medium,Medium,3,Tuesday,0,0
2338,Medium,Incident,Phone,Premium,8,0,1.8,3,2.8,0.0,Low,High,15,Friday,0,0
2339,Low,Incident,Portal,Enterprise,5,2,10.6,2,29.0,2.0,Low,Medium,12,Monday,1,1
2340,Medium,Access,Email,Premium,11,2,6.4,1,7.4,0.0,Medium,Low,13,Thursday,1,0
2341,High,Incident,Phone,Standard,6,4,8.5,1,3.1,4.0,Medium,Low,3,Friday,1,0
2342,Critical,Service Request,Portal,Enterprise,11,1,12.4,1,7.5,0.0,High,Low,9,Tuesday,0,0
2343,Low,Incident,Monitoring,Standard,9,1,0.5,2,6.9,3.0,Low,Medium,8,Thursday,0,0
2344,Medium,Incident,Monitoring,Standard,7,0,9.2,2,7.6,2.0,High,Medium,0,Thursday,1,0
2345,Low,Incident,Phone,Enterprise,9,2,8.0,1,11.3,3.0,Low,High,0,Saturday,1,1
2346,High,Incident,Phone,Standard,12,0,0.9,1,11.6,3.0,Medium,Low,18,Wednesday,0,0
2347,Medium,Incident,Phone,Enterprise,11,1,9.5,1,8.7,2.0,Low,Low,15,Thursday,1,0
2348,High,Service Request,Email,Standard,4,1,6.7,3,18.3,6.0,Medium,Medium,9,Wednesday,0,1
2349,High,Access,Portal,Standard,9,0,3.0,3,23.5,1.0,Medium,Low,14,Monday,0,1
2350,Low,Service Request,Email,Standard,5,0,1.2,2,14.3,4.0,Medium,Low,18,Wednesday,1,0
2351,Medium,Problem,Monitoring,Standard,8,0,13.2,1,12.4,,Medium,Medium,23,Thursday,0,0
2352,Low,Problem,Phone,Standard,0,0,10.4,2,8.4,3.0,Low,Low,2,Friday,0,1
2353,Medium,Service Request,Portal,Standard,8,0,1.4,2,14.1,1.0,Medium,Medium,23,Sunday,0,1
2354,Medium,Access,Phone,Standard,8,2,11.3,1,1.4,3.0,Medium,Medium,16,Monday,1,0
2355,Medium,Incident,Email,Standard,9,0,9.3,2,4.4,2.0,High,Medium,10,Wednesday,1,0
2356,Medium,Problem,Portal,Premium,10,1,1.3,2,,2.0,Low,High,21,Friday,0,0
2357,Low,Service Request,Portal,Premium,9,0,12.3,1,6.1,3.0,Low,Low,8,Tuesday,1,0
2358,Medium,Service Request,Phone,Standard,6,1,12.4,1,16.1,2.0,Low,Low,23,Friday,1,0
2359,Medium,Incident,Email,Standard,9,0,9.2,3,,1.0,Medium,Medium,20,Sunday,0,0
2360,Low,Problem,Portal,Standard,4,1,14.4,2,15.4,1.0,Low,Low,8,Thursday,1,0
2361,Medium,Access,Email,Enterprise,7,2,13.4,3,5.6,1.0,Low,Low,17,Sunday,0,0
2362,Low,Incident,Monitoring,Premium,10,1,9.3,1,4.8,3.0,Medium,Low,17,Thursday,0,0
2363,Medium,Service Request,Phone,Standard,6,1,9.1,1,17.1,,Medium,Low,22,Tuesday,1,1
2364,Medium,Incident,Portal,Standard,10,0,2.2,2,8.4,5.0,High,Low,8,Sunday,0,0
2365,Medium,Incident,Portal,Premium,6,2,6.7,3,8.4,1.0,Medium,Medium,12,Thursday,0,0
2366,Medium,Incident,Email,Premium,8,0,5.6,4,9.5,6.0,Medium,Low,9,Monday,0,1
2367,Medium,Access,Portal,Standard,9,1,7.1,1,8.6,1.0,High,Low,1,Thursday,0,0
2368,Medium,Incident,Portal,Enterprise,5,2,3.3,1,11.5,5.0,Low,Medium,15,Monday,0,1
2369,Low,Incident,Phone,Standard,11,1,4.9,2,9.0,3.0,Medium,Medium,6,Wednesday,0,0
2370,Critical,Incident,Email,Enterprise,7,1,9.0,1,4.4,2.0,Low,Medium,17,Sunday,0,0
2371,Medium,Incident,Phone,Standard,5,0,8.3,2,11.2,2.0,Low,High,22,Friday,1,1
2372,Medium,Incident,Portal,Standard,8,1,9.0,1,4.7,3.0,Medium,Medium,13,Sunday,0,0
2373,Medium,Incident,Email,Premium,11,1,14.0,1,0.4,0.0,High,Low,7,Sunday,0,0
2374,Low,Service Request,Portal,Standard,17,1,8.6,2,6.5,3.0,Low,Low,19,Friday,0,0
2375,Medium,Incident,Portal,Enterprise,7,0,5.0,1,7.3,0.0,Low,Low,20,Monday,1,1
2376,Critical,Problem,Email,Enterprise,7,2,2.7,1,4.4,2.0,High,High,8,Wednesday,1,1
2377,Medium,Incident,Portal,Enterprise,11,1,2.2,3,2.4,3.0,Medium,High,16,Wednesday,0,0
2378,High,Incident,Portal,Standard,11,0,11.2,3,12.2,1.0,Medium,Medium,1,Saturday,0,0
2379,High,Incident,Portal,Standard,11,2,12.4,4,6.8,,High,Low,8,Saturday,1,1
2380,Low,Service Request,Email,Enterprise,7,2,1.8,3,14.3,1.0,Medium,Medium,11,Thursday,0,0
2381,Medium,Incident,Email,Standard,11,2,4.0,1,5.1,4.0,Low,Low,23,Thursday,0,0
2382,Medium,Service Request,Phone,Premium,7,2,14.3,1,25.2,2.0,Low,Medium,8,Tuesday,0,1
2383,Medium,Incident,Portal,Enterprise,5,0,12.9,1,10.8,2.0,Low,Low,10,Friday,0,0
2384,Low,Incident,Portal,Premium,4,1,9.5,1,7.0,,Low,Low,7,Sunday,1,0
2385,Low,Incident,Portal,Premium,8,2,2.6,1,13.0,2.0,Low,High,0,Tuesday,0,1
2386,Medium,Access,Portal,Standard,7,0,2.4,1,16.4,0.0,Low,Low,4,Sunday,1,1
2387,Medium,Incident,Portal,Standard,6,1,3.6,2,1.5,,Low,Medium,11,Thursday,0,0
2388,Critical,Service Request,Email,Enterprise,11,3,13.9,2,18.3,1.0,Medium,High,11,Thursday,0,1
2389,Low,Service Request,Portal,Standard,14,2,8.0,4,2.8,1.0,Medium,Low,0,Wednesday,0,0
2390,High,Access,Portal,Standard,7,1,0.5,2,16.8,2.0,Low,High,14,Monday,0,1
2391,Critical,Incident,Monitoring,Standard,7,0,4.7,3,5.6,4.0,Low,Medium,23,Monday,0,0
2392,Low,Incident,Email,Premium,6,2,7.1,2,13.8,2.0,Low,Medium,2,Friday,0,0
2393,High,Service Request,Portal,Premium,12,1,10.9,1,4.9,0.0,Medium,Low,20,Thursday,1,0
2394,Low,Incident,Monitoring,Enterprise,7,0,10.4,2,8.2,3.0,Low,Low,7,Friday,1,0
2395,Low,Incident,Portal,Standard,9,2,9.8,1,11.3,,Low,Medium,12,Tuesday,0,0
2396,Low,Access,Portal,Standard,9,1,4.1,1,15.7,2.0,Medium,Medium,6,Thursday,1,1
2397,Critical,Incident,Portal,Standard,16,0,13.3,3,21.5,1.0,Low,Medium,13,Sunday,0,1
2398,Low,Access,Email,Premium,6,3,7.2,4,7.4,2.0,Medium,Low,0,Monday,0,0
2399,Medium,Problem,Email,Standard,6,1,3.7,2,8.8,5.0,Medium,Medium,20,Sunday,0,1
2400,Medium,Problem,Portal,Standard,3,0,10.5,1,7.4,2.0,Medium,Medium,6,Monday,0,0
2401,High,Problem,Portal,Standard,8,0,5.8,1,8.2,1.0,Medium,High,19,Saturday,0,1
2402,Medium,Problem,Portal,Enterprise,11,3,12.7,4,10.9,2.0,Medium,High,6,Saturday,1,0
2403,Medium,Service Request,Portal,Enterprise,5,0,7.9,2,5.4,2.0,Low,High,6,Tuesday,0,0
2404,High,Service Request,Phone,Standard,14,3,14.1,1,3.5,3.0,Low,Low,9,Wednesday,1,1
2405,Medium,Access,Portal,Standard,7,1,5.7,1,14.6,3.0,Medium,High,23,Thursday,0,1
2406,Medium,Incident,Portal,Standard,11,2,6.2,1,2.9,4.0,High,Medium,18,Friday,0,0
2407,Medium,Service Request,Portal,Premium,7,1,8.8,1,9.5,3.0,Low,Low,9,Wednesday,0,1
2408,Medium,Service Request,Portal,Premium,15,1,6.3,1,7.0,,Low,High,16,Friday,0,0
2409,Low,Incident,Phone,Enterprise,13,1,10.1,1,19.7,4.0,Medium,High,11,Tuesday,1,1
2410,High,Incident,Phone,Standard,6,3,8.2,2,11.0,3.0,High,High,20,Wednesday,0,1
2411,Low,Problem,Email,Premium,11,1,3.1,1,6.4,1.0,High,High,10,Sunday,0,0
2412,High,Incident,Portal,Standard,6,1,8.0,1,18.0,1.0,Low,Low,15,Saturday,1,1
2413,Medium,Service Request,Email,Standard,9,0,11.3,2,11.6,2.0,Low,Low,8,Thursday,0,0
2414,Medium,Problem,Monitoring,Enterprise,10,0,,1,6.5,2.0,Medium,Medium,15,Sunday,0,0
2415,Low,Service Request,Portal,Enterprise,7,1,3.9,2,15.0,1.0,Low,Low,17,Sunday,0,0
2416,Medium,Incident,Portal,Standard,5,3,7.4,2,4.6,2.0,Medium,Low,23,Tuesday,0,0
2417,Low,Problem,Portal,Enterprise,5,2,6.5,2,5.3,1.0,High,Medium,0,Friday,0,1
2418,Medium,Service Request,Email,Enterprise,9,2,7.4,3,15.2,1.0,Medium,Low,17,Tuesday,0,0
2419,Low,Incident,Phone,Standard,8,1,1.1,2,7.8,2.0,Medium,Medium,22,Thursday,0,0
2420,Medium,Incident,Portal,Standard,6,1,9.3,2,10.0,2.0,Low,Low,9,Monday,0,0
2421,Medium,Access,Portal,Premium,10,0,4.3,2,14.8,1.0,Low,Low,12,Monday,0,0
2422,Medium,Incident,Portal,Enterprise,12,1,3.6,2,4.5,2.0,Low,Medium,23,Tuesday,0,0
2423,High,Incident,Monitoring,Premium,4,2,6.7,3,8.5,0.0,High,Medium,21,Friday,1,1
2424,High,Incident,Phone,Standard,12,0,13.9,2,5.4,0.0,Medium,Low,14,Wednesday,1,1
2425,Low,Service Request,Portal,Premium,7,2,3.0,1,18.7,1.0,High,Medium,4,Monday,1,0
2426,Low,Problem,Portal,Standard,8,3,11.1,1,16.2,2.0,Medium,Medium,10,Monday,0,0
2427,Low,Incident,Phone,Enterprise,12,3,14.3,1,14.8,0.0,Medium,Medium,15,Sunday,0,1
2428,High,Service Request,Email,Enterprise,8,2,11.4,4,2.9,3.0,Low,Medium,20,Friday,0,0
2429,Medium,Incident,Email,Standard,7,1,6.9,1,10.1,2.0,Medium,Low,3,Friday,0,0
2430,High,Incident,Monitoring,Premium,9,0,8.6,1,,4.0,Low,Medium,15,Tuesday,0,0
2431,Medium,Incident,Phone,Premium,8,1,12.4,1,10.4,0.0,Low,Medium,7,Friday,1,0
2432,Low,Service Request,Email,Standard,9,2,11.0,1,7.9,1.0,Medium,High,12,Friday,0,0
2433,Medium,Incident,Portal,Premium,8,1,12.9,1,8.3,2.0,High,Medium,9,Monday,0,0
2434,Low,Problem,Monitoring,Enterprise,9,0,2.6,2,8.6,4.0,Low,Medium,10,Saturday,0,0
2435,Medium,Access,Email,Standard,6,1,1.2,4,16.0,4.0,High,Low,23,Wednesday,1,1
2436,Low,Problem,Monitoring,Standard,10,1,11.6,3,17.7,4.0,Medium,Low,0,Monday,0,0
2437,Low,Incident,Portal,Standard,1,1,9.1,2,14.1,2.0,High,Medium,8,Tuesday,1,0
2438,Low,Incident,Portal,Standard,7,3,3.4,3,13.3,3.0,Low,Medium,8,Tuesday,0,0
2439,Medium,Incident,Portal,Premium,10,2,5.5,1,18.4,2.0,Low,Medium,14,Sunday,0,1
2440,Critical,Service Request,Phone,Standard,11,2,1.6,1,5.3,2.0,Medium,Low,9,Saturday,0,1
2441,Low,Incident,Phone,Premium,8,2,,2,16.0,1.0,Medium,High,3,Monday,0,0
2442,Low,Service Request,Portal,Premium,11,0,10.5,2,2.9,2.0,Low,High,9,Thursday,1,0
2443,Critical,Incident,Email,Enterprise,6,0,8.0,1,10.2,3.0,Low,High,10,Thursday,1,1
2444,Medium,Incident,Phone,Standard,6,1,5.3,1,7.9,5.0,Medium,High,11,Wednesday,0,0
2445,High,Incident,Phone,Enterprise,9,3,9.3,3,6.6,3.0,Low,High,23,Monday,0,1
2446,Medium,Service Request,Portal,Enterprise,12,1,1.3,2,5.6,4.0,Low,Medium,12,Monday,0,1
2447,Medium,Incident,Email,Premium,10,1,7.2,1,2.5,0.0,Medium,Low,14,Tuesday,0,1
2448,High,Problem,Portal,Premium,5,1,11.2,1,5.4,0.0,Medium,Low,11,Wednesday,0,0
2449,Medium,Incident,Email,Standard,7,1,3.4,1,27.2,,Low,Low,19,Sunday,0,0
2450,High,Service Request,Portal,Standard,11,2,4.1,2,14.9,1.0,Low,Medium,22,Saturday,0,1
2451,Medium,Access,Phone,Standard,6,1,9.1,1,1.4,1.0,Low,High,11,Friday,1,0
2452,High,Incident,Email,Enterprise,12,1,4.7,1,11.1,1.0,Low,Medium,20,Monday,0,0
2453,High,Problem,Portal,Enterprise,4,2,8.3,3,1.8,2.0,Low,Low,3,Saturday,0,0
2454,Medium,Access,Portal,Standard,9,0,4.1,1,14.5,4.0,High,Low,20,Sunday,0,1
2455,Medium,Incident,Portal,Standard,6,1,11.8,2,11.1,3.0,Medium,Low,14,Thursday,0,1
2456,Critical,Access,Portal,Standard,10,0,2.9,1,3.3,3.0,Low,High,8,Thursday,0,1
2457,Medium,Incident,Monitoring,Standard,8,2,12.3,1,9.7,2.0,Medium,Medium,2,Tuesday,0,0
2458,Low,Incident,Monitoring,Enterprise,15,1,2.0,1,12.4,1.0,Low,High,6,Tuesday,0,0
2459,Medium,Service Request,Email,Standard,9,3,2.5,1,8.7,,Medium,Medium,18,Monday,0,0
2460,High,Service Request,Portal,Standard,6,2,10.4,2,5.7,3.0,Medium,Low,7,Friday,0,0
2461,Medium,Incident,Email,Premium,10,0,,1,10.3,0.0,Low,Low,0,Tuesday,1,0
2462,Critical,Incident,Portal,Premium,5,4,13.4,2,12.2,3.0,Low,Low,13,Thursday,0,1
2463,High,Incident,Phone,Standard,12,0,13.4,1,5.4,,High,High,10,Tuesday,0,1
2464,Medium,Service Request,Portal,Standard,9,0,,2,1.7,2.0,Medium,Low,18,Monday,1,0
2465,High,Service Request,Portal,Standard,8,1,4.9,4,4.8,1.0,High,Low,9,Wednesday,1,1
2466,Medium,Service Request,Email,Premium,10,1,14.0,1,2.5,4.0,Medium,Medium,20,Thursday,1,0
2467,Medium,Incident,Portal,Enterprise,9,0,5.7,1,4.5,5.0,Medium,Medium,9,Friday,0,0
2468,High,Incident,Phone,Standard,7,1,14.7,1,11.7,2.0,Medium,Medium,21,Tuesday,1,0
2469,Medium,Problem,Phone,Premium,4,2,5.7,2,4.2,3.0,High,Medium,2,Tuesday,0,1
2470,Medium,Service Request,Monitoring,Premium,9,1,8.9,1,8.5,0.0,Medium,Low,21,Tuesday,0,0
2471,Medium,Service Request,Email,Standard,4,0,13.0,2,12.1,2.0,Low,High,12,Friday,0,0
2472,Medium,Service Request,Portal,Enterprise,9,0,7.4,1,5.9,3.0,Medium,High,0,Wednesday,0,0
2473,Critical,Service Request,Portal,Standard,12,0,8.7,1,18.4,1.0,Low,Low,4,Tuesday,0,1
2474,Critical,Incident,Phone,Premium,9,1,3.5,2,7.7,1.0,Low,High,19,Saturday,0,1
2475,Critical,Incident,Monitoring,Premium,10,1,6.9,2,9.6,4.0,Medium,High,10,Friday,0,1
2476,Medium,Incident,Phone,Standard,8,2,10.2,1,5.0,1.0,Medium,High,16,Wednesday,0,0
2477,Medium,Problem,Portal,Standard,7,0,13.5,4,4.7,2.0,Medium,Medium,11,Saturday,1,0
2478,High,Incident,Email,Standard,7,0,8.0,2,4.4,1.0,Low,Medium,6,Wednesday,1,0
2479,Critical,Service Request,Portal,Standard,5,2,4.2,1,14.3,1.0,Low,Medium,20,Friday,0,0
2480,Low,Problem,Portal,Standard,8,6,9.8,2,7.7,2.0,Low,Medium,18,Monday,0,1
2481,Critical,Access,Email,Premium,13,2,9.0,3,2.3,1.0,Low,Low,13,Wednesday,1,0
2482,High,Incident,Phone,Premium,9,1,2.0,2,,1.0,Medium,High,2,Monday,1,0
2483,Critical,Incident,Portal,Standard,8,1,13.1,1,2.6,1.0,Medium,High,18,Thursday,1,1
2484,Medium,Access,Monitoring,Standard,8,1,9.8,1,11.6,4.0,Medium,Low,6,Saturday,0,0
2485,Low,Incident,Portal,Premium,8,1,1.5,2,7.5,3.0,High,High,4,Sunday,1,0
2486,Medium,Incident,Portal,Enterprise,6,2,4.1,2,5.2,2.0,Medium,Low,21,Tuesday,0,0
2487,Critical,Incident,Portal,Standard,6,1,3.3,1,26.3,2.0,Medium,Low,11,Thursday,0,1
2488,High,Service Request,Email,Standard,7,1,8.3,2,3.3,4.0,Medium,High,4,Wednesday,0,0
2489,High,Incident,Email,Standard,9,1,3.8,1,6.6,0.0,Low,Medium,18,Friday,0,0
2490,Medium,Access,Phone,Premium,5,1,3.3,1,12.0,1.0,Medium,High,16,Sunday,0,0
2491,Medium,Service Request,Email,Enterprise,8,0,,1,6.2,2.0,Low,Low,2,Friday,0,0
2492,Critical,Incident,Phone,Enterprise,9,0,12.4,1,13.0,0.0,Low,Medium,13,Monday,0,0
2493,Low,Problem,Email,Standard,7,1,0.6,2,19.5,1.0,Low,Low,7,Saturday,0,1
2494,Low,Incident,Portal,Standard,8,0,7.6,2,7.2,0.0,High,Medium,12,Wednesday,0,0
2495,Medium,Incident,Portal,Standard,10,2,12.4,1,25.7,4.0,Medium,High,3,Friday,1,0
2496,Medium,Service Request,Portal,Standard,10,0,0.8,1,18.8,3.0,Low,Low,9,Thursday,0,1
2497,High,Incident,Portal,Enterprise,12,1,15.0,2,8.2,0.0,Low,Low,15,Thursday,0,0
2498,Medium,Incident,Monitoring,Enterprise,10,0,7.2,1,5.3,2.0,Medium,Medium,14,Sunday,1,0
2499,Low,Incident,Portal,Standard,8,1,14.2,3,5.4,2.0,High,High,2,Tuesday,0,0
2500,High,Incident,Monitoring,Standard,8,1,3.4,1,18.3,1.0,Low,Medium,17,Wednesday,0,1
2501,High,Incident,Portal,Enterprise,7,0,9.3,2,11.8,2.0,Medium,Low,19,Saturday,0,0
2502,Medium,Access,Phone,Standard,6,2,6.5,1,11.0,3.0,Low,Medium,3,Tuesday,0,1
2503,Low,Service Request,Portal,Standard,15,1,14.8,2,6.7,1.0,Medium,High,9,Saturday,0,0
2504,Low,Service Request,Phone,Standard,8,2,1.6,3,7.0,,Low,Medium,9,Monday,0,0
2505,High,Problem,Portal,Premium,3,1,5.5,1,13.0,3.0,High,Low,13,Monday,1,1
2506,Low,Service Request,Email,Enterprise,12,0,9.3,2,4.8,5.0,High,Medium,3,Saturday,0,0
2507,High,Problem,Monitoring,Enterprise,4,2,8.1,2,10.0,3.0,Medium,Low,17,Wednesday,0,0
2508,Low,Problem,Email,Standard,9,0,9.9,1,8.6,1.0,Medium,Low,7,Saturday,0,0
2509,High,Incident,Phone,Enterprise,5,1,10.9,2,13.6,3.0,Low,Low,23,Tuesday,0,1
2510,Low,Service Request,Portal,Premium,7,2,,1,7.0,4.0,Medium,High,13,Tuesday,1,1
2511,Medium,Problem,Phone,Standard,5,4,,2,8.8,3.0,Low,Low,14,Monday,0,0
2512,Low,Service Request,Portal,Standard,4,1,3.5,1,7.5,3.0,Low,Medium,13,Thursday,0,0
2513,Medium,Service Request,Phone,Premium,8,2,0.7,3,5.2,3.0,Medium,High,10,Tuesday,0,0
2514,Medium,Problem,Monitoring,Standard,4,1,5.8,2,8.9,1.0,Low,High,12,Thursday,0,0
2515,Medium,Service Request,Portal,Premium,8,2,0.6,1,13.3,4.0,Low,High,5,Saturday,1,1
2516,Medium,Access,Email,Standard,10,1,5.8,1,10.5,3.0,Medium,Medium,10,Wednesday,1,1
2517,Medium,Service Request,Portal,Premium,7,0,11.7,2,8.0,2.0,High,Medium,17,Thursday,0,0
2518,Medium,Incident,Portal,Enterprise,17,0,14.9,2,18.7,0.0,Low,Medium,5,Thursday,1,0
2519,Medium,Incident,Portal,Standard,7,2,13.7,2,7.3,1.0,Low,Medium,20,Wednesday,1,0
2520,High,Incident,Phone,Premium,11,0,4.9,1,20.6,0.0,Medium,Medium,22,Saturday,0,1
2521,Medium,Service Request,Email,Enterprise,7,2,8.2,2,5.4,2.0,Low,Medium,12,Sunday,0,0
2522,Medium,Problem,Email,Standard,6,1,9.5,2,6.3,,Medium,Low,0,Thursday,1,0
2523,Low,Incident,Portal,Premium,10,0,1.3,2,5.2,1.0,Low,High,11,Wednesday,0,1
2524,Medium,Problem,Portal,Premium,11,3,4.9,1,23.2,1.0,Medium,Medium,12,Sunday,1,1
2525,High,Incident,Monitoring,Enterprise,8,0,9.0,2,5.8,4.0,Low,High,2,Saturday,0,1
2526,Critical,Access,Email,Standard,10,1,2.0,4,1.9,4.0,Medium,High,7,Wednesday,0,0
2527,Low,Problem,Portal,Standard,5,1,9.4,1,,1.0,Medium,Medium,9,Monday,0,1
2528,Low,Problem,Phone,Standard,12,1,5.4,2,7.1,2.0,High,Medium,2,Sunday,0,0
2529,High,Service Request,Portal,Standard,6,0,4.1,1,15.2,1.0,High,High,17,Thursday,0,0
2530,Medium,Incident,Portal,Enterprise,7,2,9.8,4,,,Low,Medium,0,Saturday,1,0
2531,Medium,Service Request,Monitoring,Standard,13,0,8.9,1,9.4,,Medium,High,20,Monday,0,0
2532,Medium,Service Request,Portal,Premium,8,2,0.7,1,33.3,2.0,Low,Low,22,Saturday,1,1
2533,High,Incident,Email,Premium,9,2,4.3,1,19.8,2.0,Medium,Medium,15,Wednesday,0,1
2534,High,Service Request,Phone,Standard,6,4,4.5,1,,4.0,Low,Low,4,Monday,0,0
2535,Critical,Incident,Portal,Standard,10,0,12.2,1,12.7,0.0,Low,High,3,Sunday,1,0
2536,Medium,Service Request,Monitoring,Standard,10,0,8.3,1,9.9,1.0,High,High,5,Thursday,0,1
2537,Medium,Service Request,Email,Enterprise,6,2,0.6,2,3.0,1.0,Medium,Medium,5,Tuesday,0,0
2538,Critical,Service Request,Phone,Standard,12,1,8.9,1,5.4,1.0,Medium,Low,18,Saturday,0,0
2539,High,Problem,Portal,Premium,12,3,9.9,3,26.1,2.0,Medium,High,16,Thursday,0,1
2540,High,Incident,Portal,Enterprise,7,1,4.8,2,7.0,1.0,High,Low,2,Saturday,0,1
2541,Medium,Service Request,Email,Standard,10,0,3.5,2,11.6,1.0,Low,High,7,Saturday,0,0
2542,High,Incident,Email,Standard,6,1,6.8,1,4.8,2.0,Low,Medium,13,Tuesday,1,0
2543,Medium,Service Request,Portal,Standard,8,0,8.7,1,0.9,0.0,Medium,Medium,18,Wednesday,1,0
2544,Low,Service Request,Phone,Standard,13,1,11.4,1,8.4,4.0,Low,Low,10,Friday,1,0
2545,High,Incident,Phone,Premium,9,0,2.7,4,1.6,0.0,Low,Low,4,Thursday,0,0
2546,Low,Incident,Portal,Standard,7,0,9.3,1,15.1,3.0,Low,Medium,18,Thursday,0,0
2547,High,Problem,Email,Standard,1,5,4.1,1,8.2,2.0,Low,Low,13,Saturday,0,0
2548,Medium,Incident,Portal,Premium,7,2,1.3,2,4.3,3.0,Low,Low,6,Wednesday,0,0
2549,Medium,Service Request,Phone,Standard,8,1,10.3,1,9.5,2.0,High,Low,22,Monday,0,1
2550,Critical,Incident,Portal,Standard,10,1,0.7,3,28.4,2.0,Medium,High,0,Friday,0,1
2551,Medium,Incident,Portal,Standard,4,1,2.3,1,6.6,1.0,High,Low,23,Wednesday,0,0
2552,Low,Incident,Email,Standard,7,1,8.9,2,4.1,,Medium,Medium,23,Tuesday,1,1
2553,Medium,Problem,Phone,Enterprise,5,1,12.5,2,10.3,1.0,Low,High,5,Tuesday,0,0
2554,High,Problem,Portal,Standard,9,1,10.4,1,10.4,3.0,Low,Low,22,Sunday,0,1
2555,Critical,Service Request,Monitoring,Premium,9,2,8.8,1,13.8,1.0,Low,Medium,10,Monday,1,0
2556,Critical,Incident,Portal,Standard,5,4,13.0,1,17.4,2.0,Medium,Low,15,Monday,1,1
2557,High,Service Request,Email,Standard,7,3,2.4,2,10.4,4.0,Low,Low,15,Thursday,0,1
2558,Medium,Access,Portal,Premium,6,2,12.1,2,6.7,4.0,Low,High,3,Monday,0,0
2559,Medium,Incident,Monitoring,Standard,8,0,10.5,2,3.5,1.0,Medium,Low,22,Friday,0,0
2560,Medium,Service Request,Monitoring,Standard,10,2,6.2,1,,4.0,Medium,High,15,Thursday,0,0
2561,Low,Incident,Email,Premium,5,2,12.5,1,6.3,2.0,Medium,Low,20,Saturday,0,0
2562,Low,Problem,Portal,Standard,11,1,6.6,2,5.8,2.0,Low,Low,4,Sunday,0,0
2563,High,Incident,Portal,Enterprise,11,2,2.9,1,8.8,4.0,Low,Low,0,Sunday,0,0
2564,Medium,Incident,Phone,Standard,7,0,1.4,1,3.0,3.0,Low,Low,23,Monday,0,0
2565,High,Service Request,Phone,Enterprise,6,0,8.5,1,5.7,5.0,Medium,High,15,Thursday,0,0
2566,Low,Service Request,Monitoring,Premium,6,1,11.4,2,1.6,2.0,Low,High,14,Tuesday,0,0
2567,Critical,Service Request,Portal,Enterprise,8,2,9.2,2,23.8,1.0,Low,Low,2,Tuesday,0,1
2568,Low,Incident,Portal,Standard,7,0,6.1,1,15.4,0.0,Low,Medium,11,Tuesday,0,1
2569,Low,Incident,Phone,Standard,2,2,,3,5.7,3.0,Medium,Low,19,Wednesday,0,1
2570,Critical,Access,Phone,Standard,7,2,4.6,1,6.0,1.0,Medium,Low,19,Monday,1,1
2571,High,Incident,Email,Premium,10,2,9.6,3,4.9,3.0,Medium,Medium,15,Sunday,0,0
2572,Medium,Incident,Portal,Enterprise,10,0,8.0,1,4.4,5.0,Medium,Low,9,Sunday,0,1
2573,Low,Incident,Phone,Standard,14,1,11.0,2,12.1,3.0,Low,High,13,Friday,0,1
2574,Low,Incident,Email,Premium,5,2,2.0,1,0.9,3.0,High,High,19,Wednesday,0,0
2575,Low,Incident,Portal,Standard,7,0,,2,17.2,1.0,Low,High,11,Monday,1,1
2576,Medium,Incident,Phone,Standard,9,1,13.7,2,40.8,4.0,Low,High,12,Wednesday,0,1
2577,Low,Incident,Email,Standard,4,0,4.6,1,22.4,2.0,Low,Low,20,Monday,0,1
2578,Medium,Problem,Phone,Premium,9,0,3.6,1,11.1,0.0,Low,Medium,3,Monday,0,0
2579,High,Incident,Portal,Premium,11,0,13.5,1,10.5,0.0,High,Medium,0,Sunday,0,1
2580,Medium,Incident,Portal,Premium,9,0,10.7,2,8.9,,Low,Low,4,Sunday,1,0
2581,High,Incident,Portal,Premium,3,1,12.5,2,4.9,2.0,Low,Low,8,Thursday,1,0
2582,Medium,Service Request,Email,Standard,6,0,2.3,1,10.5,3.0,Low,Medium,18,Monday,0,1
2583,High,Service Request,Portal,Standard,8,2,1.1,1,2.7,1.0,Low,Medium,21,Wednesday,0,0
2584,High,Incident,Portal,Premium,9,4,12.0,1,7.7,2.0,Low,Medium,14,Sunday,0,1
2585,Medium,Access,Portal,Standard,10,1,14.3,1,13.9,4.0,Low,Low,4,Wednesday,0,0
2586,Low,Incident,Phone,Standard,6,0,4.7,2,3.9,3.0,Low,Low,14,Wednesday,0,0
2587,Medium,Incident,Portal,Premium,8,1,6.8,1,5.3,1.0,Medium,Low,1,Friday,0,0
2588,Critical,Incident,Portal,Premium,9,3,8.9,1,4.3,4.0,Medium,Medium,0,Saturday,0,0
2589,Medium,Problem,Email,Premium,8,1,7.7,2,28.6,2.0,Low,Low,15,Friday,1,1
2590,Medium,Incident,Phone,Standard,7,0,6.1,4,12.9,4.0,High,Low,15,Friday,0,1
2591,Low,Incident,Email,Standard,9,2,6.8,1,2.3,0.0,Medium,Medium,5,Sunday,0,0
2592,High,Incident,Portal,Standard,9,1,10.3,1,4.4,3.0,Medium,High,0,Thursday,1,0
2593,High,Problem,Phone,Enterprise,14,3,13.5,1,18.5,1.0,Low,Medium,19,Sunday,0,1
2594,Low,Problem,Portal,Standard,5,0,3.4,1,2.5,2.0,Low,Low,15,Friday,1,0
2595,Medium,Incident,Portal,Standard,7,3,11.8,1,6.0,2.0,Medium,Medium,14,Saturday,0,0
2596,Medium,Incident,Portal,Standard,12,2,12.4,1,6.7,4.0,Medium,Low,6,Monday,0,0
2597,Critical,Incident,Email,Premium,4,4,10.6,2,5.8,3.0,Medium,Medium,10,Saturday,1,1
2598,Medium,Problem,Phone,Standard,11,1,8.6,1,11.4,3.0,Low,Low,0,Saturday,0,0
2599,Low,Problem,Portal,Premium,9,3,6.5,1,11.8,,Low,Medium,19,Saturday,1,0
2600,Critical,Incident,Email,Standard,9,2,14.3,1,5.9,6.0,High,Medium,18,Sunday,0,1
2601,Low,Problem,Email,Standard,4,0,3.1,4,11.9,1.0,Medium,Low,0,Saturday,0,0
2602,Medium,Incident,Portal,Standard,10,1,8.2,1,4.2,1.0,Low,Medium,8,Saturday,0,0
2603,High,Problem,Portal,Premium,9,0,8.1,1,3.9,3.0,Low,Low,18,Saturday,0,0
2604,Medium,Problem,Phone,Standard,4,1,1.8,3,16.1,4.0,Medium,Low,13,Tuesday,0,1
2605,Medium,Incident,Portal,Premium,9,1,15.0,2,3.7,0.0,Low,Low,3,Sunday,0,0
2606,Medium,Access,Portal,Enterprise,10,1,8.9,1,12.4,1.0,Low,High,22,Saturday,0,0
2607,Critical,Incident,Email,Standard,10,0,5.2,1,10.2,3.0,Medium,Medium,1,Saturday,0,1
2608,Low,Service Request,Portal,Standard,9,2,12.3,2,4.8,1.0,Low,High,6,Sunday,1,0
2609,Medium,Service Request,Monitoring,Enterprise,5,2,10.9,1,16.6,1.0,Medium,Low,4,Monday,1,0
2610,Low,Incident,Phone,Standard,11,3,5.2,1,10.1,2.0,Low,Medium,3,Wednesday,1,0
2611,High,Problem,Portal,Standard,8,3,10.2,2,17.6,3.0,Low,High,4,Monday,0,1
2612,High,Access,Monitoring,Enterprise,6,2,8.0,2,4.7,1.0,Medium,Medium,22,Tuesday,0,0
2613,Medium,Access,Portal,Standard,8,1,8.5,1,6.8,3.0,Medium,Low,18,Wednesday,0,0
2614,Low,Incident,Phone,Enterprise,11,2,9.6,1,1.8,3.0,Low,Low,4,Thursday,0,0
2615,Medium,Problem,Email,Standard,9,2,5.9,1,4.9,1.0,Low,Low,19,Friday,0,0
2616,Medium,Problem,Phone,Premium,10,2,2.0,1,7.8,4.0,Medium,Low,18,Friday,0,0
2617,Critical,Access,Portal,Premium,4,1,,1,1.5,3.0,Low,Low,15,Sunday,1,0
2618,Critical,Incident,Phone,Enterprise,4,2,10.6,1,3.6,5.0,Low,Low,11,Wednesday,0,0
2619,High,Incident,Portal,Premium,9,1,8.7,1,3.5,0.0,Low,Low,5,Tuesday,0,0
2620,Medium,Incident,Monitoring,Enterprise,3,2,9.7,2,23.4,3.0,Medium,Low,18,Tuesday,0,0
2621,Medium,Incident,Portal,Enterprise,3,3,6.4,3,7.8,2.0,Low,Medium,0,Wednesday,1,0
2622,High,Incident,Email,Premium,17,2,14.9,3,3.1,1.0,Low,High,0,Wednesday,0,0
2623,Medium,Problem,Email,Standard,11,1,11.3,1,20.4,1.0,Low,High,7,Sunday,0,0
2624,High,Incident,Phone,Premium,7,0,4.9,1,10.9,3.0,Low,Medium,1,Tuesday,1,0
2625,Medium,Incident,Portal,Standard,8,2,3.6,1,7.7,1.0,Low,Medium,7,Saturday,0,0
2626,High,Incident,Portal,Enterprise,10,2,13.9,1,5.8,1.0,Low,Low,11,Friday,1,0
2627,Low,Incident,Portal,Standard,11,3,3.9,1,1.4,3.0,High,High,9,Wednesday,0,0
2628,Low,Service Request,Portal,Standard,10,3,2.5,2,8.9,3.0,Medium,Low,19,Friday,0,1
2629,Medium,Incident,Portal,Standard,3,2,,1,6.9,1.0,Low,High,16,Wednesday,0,1
2630,Medium,Incident,Monitoring,Premium,8,0,5.7,1,8.8,0.0,Medium,Low,3,Wednesday,0,0
2631,Medium,Incident,Portal,Standard,7,1,14.8,2,4.6,0.0,Low,Medium,21,Thursday,0,0
2632,Medium,Problem,Portal,Standard,9,1,5.9,1,16.7,0.0,Low,Low,6,Sunday,0,0
2633,Medium,Incident,Phone,Standard,11,4,12.2,2,9.8,0.0,Low,Medium,9,Friday,0,0
2634,Medium,Access,Portal,Premium,12,3,4.8,2,15.7,3.0,High,High,4,Thursday,0,1
2635,High,Incident,Portal,Standard,10,2,10.3,1,10.7,1.0,Low,Low,7,Tuesday,0,1
2636,Low,Problem,Portal,Standard,6,3,3.3,2,2.1,1.0,Medium,Low,18,Tuesday,0,1
2637,Low,Problem,Portal,Premium,17,2,2.4,1,9.7,1.0,High,Medium,6,Friday,0,0
2638,Medium,Service Request,Portal,Standard,9,0,6.7,1,,0.0,Medium,Medium,1,Monday,1,1
2639,High,Incident,Monitoring,Enterprise,14,0,9.4,2,9.2,3.0,Medium,Low,13,Wednesday,1,1
2640,Medium,Service Request,Monitoring,Standard,7,0,6.7,3,11.1,1.0,Medium,High,4,Thursday,1,0
2641,Medium,Service Request,Email,Standard,14,1,8.6,2,7.3,2.0,Low,High,13,Monday,0,0
2642,Critical,Incident,Portal,Enterprise,8,1,9.9,1,8.9,2.0,High,Medium,7,Tuesday,0,1
2643,High,Access,Portal,Premium,5,0,12.3,4,32.7,1.0,Low,Medium,17,Thursday,0,0
2644,High,Incident,Email,Premium,9,1,8.6,1,27.9,3.0,High,High,21,Saturday,0,1
2645,Medium,Incident,Email,Premium,7,2,3.3,1,13.0,4.0,Low,High,11,Friday,0,1
2646,High,Incident,Portal,Standard,9,1,13.2,2,3.0,0.0,Low,Low,6,Sunday,0,0
2647,Medium,Incident,Phone,Standard,3,0,6.0,2,7.4,1.0,Low,High,9,Thursday,1,0
2648,High,Incident,Portal,Premium,9,0,13.6,3,5.7,4.0,High,Medium,5,Saturday,0,0
2649,High,Service Request,Monitoring,Standard,3,2,3.9,1,3.6,1.0,Low,Low,19,Sunday,0,0
2650,Medium,Problem,Email,Premium,13,1,13.1,2,14.3,2.0,High,Low,14,Monday,0,0
2651,High,Incident,Monitoring,Premium,14,0,11.7,1,28.1,2.0,Low,Low,22,Tuesday,0,0
2652,Low,Incident,Portal,Standard,8,1,2.8,2,5.0,2.0,Low,Low,19,Tuesday,0,0
2653,Low,Service Request,Email,Standard,8,1,10.1,2,9.4,2.0,High,Low,4,Thursday,0,0
2654,High,Access,Phone,Enterprise,9,1,14.7,2,18.2,4.0,High,Low,0,Monday,0,1
2655,Medium,Service Request,Email,Premium,9,0,5.5,4,9.6,1.0,Low,High,9,Tuesday,1,0
2656,Medium,Service Request,Phone,Premium,7,0,1.9,2,21.6,4.0,Medium,Medium,4,Tuesday,0,1
2657,Medium,Incident,Email,Enterprise,7,0,7.3,1,13.1,3.0,Medium,High,20,Sunday,1,0
2658,Medium,Incident,Portal,Premium,8,1,4.4,1,,0.0,Low,Low,11,Saturday,1,0
2659,Critical,Incident,Phone,Standard,7,3,12.7,1,10.9,2.0,Low,Low,5,Tuesday,0,1
2660,Medium,Service Request,Email,Enterprise,10,1,7.6,2,9.4,2.0,Low,High,22,Saturday,0,0
2661,High,Incident,Phone,Enterprise,8,1,12.5,1,1.3,1.0,Medium,Low,11,Sunday,0,0
2662,High,Incident,Portal,Standard,5,1,7.6,3,15.6,1.0,Low,High,23,Tuesday,0,0
2663,Low,Service Request,Portal,Standard,8,1,1.2,1,13.2,6.0,Low,High,1,Sunday,0,1
2664,High,Problem,Email,Premium,7,3,4.4,2,4.3,1.0,Low,Medium,12,Wednesday,0,0
2665,Low,Incident,Portal,Premium,3,0,4.2,1,5.3,3.0,Low,Low,8,Saturday,0,1
2666,Low,Incident,Monitoring,Premium,5,1,13.4,4,1.4,3.0,Low,Low,9,Thursday,0,0
2667,Medium,Incident,Monitoring,Standard,5,2,12.4,2,18.6,5.0,Low,Low,18,Wednesday,0,0
2668,Low,Incident,Phone,Standard,6,1,10.3,4,5.6,1.0,Low,Low,19,Sunday,0,0
2669,Medium,Service Request,Portal,Standard,11,3,3.4,1,5.1,3.0,Low,Medium,23,Sunday,0,1
2670,Low,Access,Phone,Premium,9,0,2.0,1,5.5,3.0,Low,Medium,7,Thursday,0,0
2671,Low,Incident,Email,Standard,8,0,14.1,2,10.5,1.0,Medium,Low,6,Thursday,0,0
2672,High,Access,Phone,Standard,3,2,4.9,2,6.0,0.0,Medium,Low,20,Friday,0,0
2673,High,Incident,Portal,Premium,5,2,3.6,3,0.9,3.0,Low,High,1,Friday,0,0
2674,Medium,Service Request,Monitoring,Premium,6,3,11.6,2,12.8,2.0,Low,High,5,Saturday,0,0
2675,Medium,Incident,Portal,Enterprise,3,1,13.0,3,10.0,2.0,Low,Medium,1,Tuesday,1,0
2676,High,Incident,Portal,Premium,7,1,2.7,1,5.6,0.0,Low,High,22,Monday,1,0
2677,Low,Incident,Phone,Premium,6,3,4.8,2,,2.0,Medium,Low,15,Saturday,1,0
2678,Low,Access,Phone,Standard,10,0,11.4,3,4.9,1.0,Low,Low,0,Tuesday,1,0
2679,Medium,Access,Phone,Premium,10,2,3.9,2,25.3,1.0,High,Medium,19,Wednesday,0,1
2680,Medium,Incident,Portal,Standard,8,1,14.3,1,,5.0,Medium,High,11,Sunday,0,0
2681,High,Problem,Portal,Standard,7,1,10.4,2,8.3,2.0,Low,Low,21,Friday,1,0
2682,Critical,Incident,Email,Premium,7,0,3.4,2,7.8,0.0,High,Low,20,Monday,0,0
2683,Medium,Incident,Portal,Standard,10,3,11.1,2,,,Medium,High,8,Saturday,0,0
2684,Low,Service Request,Portal,Enterprise,11,0,6.9,1,19.6,0.0,High,Low,13,Thursday,0,0
2685,Critical,Incident,Email,Standard,4,0,13.1,1,,6.0,Medium,Low,3,Wednesday,1,1
2686,Low,Incident,Phone,Standard,9,2,10.7,1,17.0,1.0,Low,High,22,Tuesday,0,0
2687,Medium,Service Request,Phone,Premium,7,1,11.7,2,12.2,3.0,High,Low,22,Monday,0,1
2688,High,Problem,Email,Premium,6,0,1.6,1,,2.0,High,Low,15,Monday,0,1
2689,Medium,Access,Email,Premium,14,2,10.3,2,7.3,2.0,Medium,Low,6,Tuesday,0,0
2690,Low,Incident,Portal,Standard,13,0,9.9,1,7.2,1.0,High,Medium,22,Saturday,0,0
2691,Low,Incident,Email,Enterprise,6,3,1.6,1,14.7,3.0,Medium,High,6,Monday,0,1
2692,Medium,Service Request,Portal,Standard,11,2,,4,8.5,3.0,High,Medium,3,Wednesday,1,1
2693,Medium,Incident,Portal,Standard,8,1,13.1,1,14.2,1.0,Low,High,0,Tuesday,0,0
2694,High,Problem,Portal,Standard,7,2,5.2,1,6.8,2.0,Low,High,6,Wednesday,0,1
2695,Medium,Incident,Phone,Standard,5,1,13.6,1,19.1,3.0,Low,Low,22,Tuesday,0,0
2696,Low,Incident,Email,Premium,12,1,5.8,1,8.2,0.0,Low,High,0,Tuesday,0,1
2697,Low,Access,Phone,Enterprise,9,2,3.6,2,13.9,1.0,Low,Low,16,Saturday,0,0
2698,Low,Incident,Portal,Enterprise,9,1,7.8,2,4.2,5.0,Medium,Low,5,Tuesday,0,0
2699,Medium,Service Request,Portal,Premium,10,1,0.6,1,10.6,1.0,Low,Low,4,Thursday,0,0
2700,Critical,Incident,Phone,Standard,13,1,4.3,2,33.0,2.0,Low,Low,4,Friday,0,1
2701,Low,Problem,Monitoring,Enterprise,14,3,12.3,3,4.8,1.0,Low,High,18,Wednesday,1,0
2702,Medium,Problem,Phone,Standard,8,0,3.5,1,0.5,2.0,Low,Low,19,Wednesday,0,0
2703,Low,Service Request,Portal,Enterprise,12,1,5.9,2,4.1,2.0,Medium,Low,1,Thursday,1,0
2704,High,Service Request,Email,Standard,9,1,2.7,1,9.8,2.0,Low,Medium,8,Saturday,0,0
2705,Medium,Problem,Phone,Standard,7,2,1.5,2,23.2,5.0,Medium,Low,2,Thursday,0,1
2706,Medium,Problem,Email,Enterprise,10,2,4.4,1,6.8,0.0,Low,High,19,Saturday,0,1
2707,High,Incident,Email,Enterprise,9,1,3.7,1,18.9,2.0,Low,Medium,23,Sunday,1,0
2708,Critical,Incident,Portal,Standard,8,1,12.4,3,19.2,2.0,High,Low,13,Wednesday,0,0
2709,Medium,Incident,Portal,Standard,8,1,7.9,2,22.1,4.0,Medium,Medium,5,Tuesday,1,0
2710,Low,Access,Portal,Standard,9,0,3.9,2,9.5,1.0,Medium,Medium,9,Thursday,1,0
2711,High,Incident,Portal,Standard,6,0,5.0,1,2.8,5.0,Low,Low,12,Wednesday,0,0
2712,High,Incident,Portal,Standard,8,1,10.1,4,16.6,1.0,Low,High,16,Sunday,0,0
2713,Critical,Service Request,Portal,Standard,8,2,5.5,1,8.9,4.0,Medium,Medium,3,Thursday,0,1
2714,Low,Service Request,Monitoring,Standard,8,0,1.2,2,14.7,0.0,Medium,Medium,5,Saturday,0,0
2715,Low,Access,Phone,Premium,4,3,7.5,1,8.2,0.0,Low,Low,2,Wednesday,1,0
2716,High,Problem,Phone,Enterprise,8,0,11.2,4,16.9,4.0,Low,Low,14,Friday,0,1
2717,Medium,Problem,Portal,Standard,10,2,1.2,1,8.1,2.0,Low,Low,7,Friday,0,0
2718,Medium,Incident,Portal,Standard,7,2,3.5,1,24.6,0.0,Medium,Medium,22,Wednesday,1,1
2719,High,Incident,Email,Standard,7,1,4.5,1,20.8,2.0,Low,Low,14,Tuesday,1,0
2720,Medium,Incident,Phone,Premium,7,2,9.1,1,13.7,3.0,Low,Low,13,Wednesday,1,1
2721,Low,Problem,Phone,Standard,9,2,12.5,1,10.6,2.0,Low,Medium,13,Sunday,0,0
2722,High,Incident,Portal,Premium,10,1,9.5,3,3.4,2.0,Medium,Medium,23,Thursday,1,1
2723,Medium,Service Request,Monitoring,Standard,7,1,6.0,4,5.2,1.0,Low,Low,4,Wednesday,0,0
2724,High,Incident,Portal,Premium,7,1,,1,3.9,2.0,Low,Medium,17,Friday,1,1
2725,Critical,Service Request,Phone,Standard,6,1,12.6,1,,4.0,Low,Low,20,Monday,0,0
2726,Critical,Problem,Email,Standard,10,1,7.3,2,3.1,2.0,Medium,Low,9,Saturday,0,0
2727,Medium,Incident,Portal,Premium,7,0,6.1,2,9.0,6.0,Medium,Medium,10,Saturday,0,0
2728,Critical,Incident,Portal,Premium,6,2,7.3,1,19.6,3.0,Low,Low,15,Thursday,1,1
2729,Low,Service Request,Portal,Premium,10,1,11.2,1,6.7,2.0,Medium,High,8,Thursday,0,0
2730,High,Problem,Portal,Premium,6,1,3.5,2,9.7,,Medium,Medium,1,Friday,0,0
2731,Low,Service Request,Monitoring,Premium,8,1,2.2,2,13.9,2.0,Medium,Low,14,Friday,1,0
2732,High,Incident,Portal,Premium,12,2,8.5,1,3.2,2.0,Medium,Low,23,Sunday,0,0
2733,Medium,Incident,Monitoring,Enterprise,5,3,14.2,4,2.7,0.0,Low,Medium,14,Tuesday,0,0
2734,Low,Service Request,Portal,Premium,9,3,2.5,1,16.2,0.0,High,High,13,Monday,1,1
2735,Critical,Problem,Portal,Standard,10,2,4.8,1,7.2,0.0,Low,Low,16,Friday,0,1
2736,Low,Problem,Portal,Premium,7,1,3.2,1,3.4,3.0,Low,Medium,7,Sunday,0,0
2737,Low,Incident,Email,Standard,5,3,3.3,1,5.7,4.0,Medium,Low,15,Wednesday,0,0
2738,High,Problem,Portal,Enterprise,15,0,9.0,2,7.4,4.0,High,Low,22,Tuesday,0,0
2739,Medium,Problem,Monitoring,Standard,9,1,12.7,1,24.4,1.0,Low,High,22,Tuesday,0,0
2740,Medium,Incident,Portal,Standard,8,1,3.3,2,13.2,4.0,Low,Low,18,Wednesday,0,1
2741,Medium,Problem,Portal,Premium,8,1,5.5,1,2.7,1.0,Low,Medium,16,Monday,0,0
2742,High,Access,Email,Premium,5,0,3.4,2,1.6,2.0,High,Medium,0,Monday,1,0
2743,Low,Access,Portal,Enterprise,10,1,7.4,1,11.1,0.0,Low,Medium,4,Wednesday,0,1
2744,Medium,Incident,Email,Standard,6,2,10.4,1,9.0,1.0,Medium,Low,9,Wednesday,0,0
2745,Low,Incident,Monitoring,Premium,11,1,1.2,2,15.4,0.0,Medium,Medium,5,Sunday,1,0
2746,Medium,Service Request,Portal,Enterprise,8,2,3.1,1,5.9,3.0,High,Medium,3,Thursday,0,1
2747,High,Incident,Monitoring,Standard,11,1,11.0,1,15.6,1.0,High,Medium,10,Wednesday,1,0
2748,High,Incident,Monitoring,Premium,8,1,2.0,4,6.6,1.0,Low,Low,18,Saturday,1,0
2749,Low,Incident,Phone,Standard,4,1,9.6,3,12.9,3.0,Low,Medium,5,Friday,0,0
2750,High,Service Request,Monitoring,Premium,9,1,10.3,2,7.6,0.0,Low,Medium,9,Friday,1,0
2751,Medium,Incident,Portal,Standard,7,0,12.0,1,17.5,1.0,Medium,Medium,20,Sunday,0,0
2752,Critical,Incident,Email,Premium,7,1,8.5,2,6.0,2.0,High,Low,21,Wednesday,0,0
2753,Low,Incident,Phone,Premium,8,1,6.7,4,1.5,5.0,Medium,Medium,6,Friday,0,0
2754,Low,Access,Email,Standard,10,1,3.4,2,5.3,2.0,High,Low,10,Sunday,0,1
2755,Medium,Incident,Email,Standard,4,1,4.2,3,7.2,1.0,Low,Low,12,Wednesday,0,0
2756,Medium,Incident,Portal,Premium,4,2,9.4,1,7.0,2.0,High,Medium,8,Monday,0,0
2757,Low,Incident,Email,Standard,7,2,6.7,1,11.1,2.0,Medium,Low,13,Friday,0,0
2758,High,Incident,Portal,Standard,6,1,11.2,1,13.1,4.0,Low,Low,11,Thursday,0,1
2759,Medium,Access,Portal,Premium,9,2,14.9,1,16.3,2.0,Low,Low,9,Friday,0,1
2760,Medium,Incident,Monitoring,Enterprise,6,0,1.6,1,23.2,0.0,Medium,Low,12,Wednesday,1,1
2761,Medium,Service Request,Portal,Standard,4,2,1.5,1,11.7,0.0,Low,Medium,11,Saturday,0,1
2762,High,Incident,Portal,Premium,14,0,13.7,3,1.5,3.0,Medium,Low,3,Sunday,0,0
2763,High,Incident,Monitoring,Premium,9,1,13.6,1,14.6,4.0,Low,Low,13,Monday,1,0
2764,Medium,Incident,Phone,Standard,8,0,2.7,2,9.8,2.0,Low,High,20,Saturday,0,1
2765,Medium,Access,Portal,Enterprise,13,2,10.3,1,11.1,2.0,Low,Low,4,Friday,0,0
2766,Low,Incident,Portal,Standard,12,1,4.0,2,4.6,0.0,Low,High,20,Friday,1,0
2767,Critical,Service Request,Monitoring,Standard,4,2,9.0,2,3.4,3.0,Medium,Medium,0,Thursday,0,0
2768,Medium,Problem,Phone,Standard,12,2,3.3,2,11.1,1.0,Low,Low,9,Thursday,0,0
2769,Low,Service Request,Email,Premium,10,1,9.9,1,5.9,3.0,Medium,Medium,19,Friday,0,0
2770,High,Service Request,Portal,Standard,9,1,5.9,1,3.3,1.0,Low,Medium,3,Monday,0,0
2771,Critical,Problem,Email,Enterprise,8,1,8.3,2,12.2,2.0,Medium,High,3,Sunday,0,1
2772,Medium,Service Request,Email,Standard,5,0,10.8,3,13.9,0.0,Medium,Medium,17,Friday,0,0
2773,High,Incident,Email,Standard,6,1,8.1,1,1.7,3.0,High,Medium,0,Thursday,0,0
2774,Low,Incident,Portal,Enterprise,7,2,4.7,2,7.0,1.0,Medium,Low,20,Tuesday,0,0
2775,Medium,Service Request,Phone,Enterprise,5,1,10.2,1,,1.0,High,Medium,19,Friday,0,0
2776,Medium,Problem,Email,Enterprise,10,1,13.4,4,5.8,0.0,Medium,Low,22,Saturday,1,0
2777,Low,Incident,Portal,Enterprise,7,0,13.2,1,1.9,2.0,Medium,Low,9,Sunday,0,0
2778,Medium,Incident,Email,Standard,5,0,9.1,2,9.3,3.0,Low,High,11,Saturday,1,0
2779,Low,Incident,Monitoring,Enterprise,14,1,14.1,1,9.3,1.0,Low,Low,3,Tuesday,0,0
2780,Medium,Problem,Portal,Premium,4,1,13.1,1,5.1,2.0,Low,Low,15,Monday,0,0
2781,Medium,Incident,Email,Enterprise,12,0,13.4,1,18.5,3.0,Low,High,18,Monday,0,0
2782,Medium,Service Request,Phone,Premium,6,0,9.0,3,4.6,1.0,Low,Medium,2,Tuesday,0,0
2783,Medium,Access,Portal,Premium,6,2,1.4,2,6.3,3.0,Medium,Medium,12,Thursday,0,0
2784,Low,Incident,Email,Standard,6,1,14.2,1,7.4,3.0,Medium,Low,0,Wednesday,0,0
2785,Medium,Problem,Portal,Premium,5,2,12.2,2,9.8,3.0,Low,Medium,14,Saturday,0,1
2786,Low,Service Request,Email,Standard,7,1,8.0,1,17.8,0.0,High,Low,14,Wednesday,0,1
2787,Low,Incident,Portal,Premium,11,1,12.6,1,1.7,4.0,Low,Low,5,Thursday,0,1
2788,Medium,Service Request,Portal,Premium,2,2,3.8,1,13.1,1.0,High,Medium,8,Thursday,0,0
2789,Medium,Incident,Portal,Premium,3,0,13.7,1,9.8,1.0,Medium,Low,4,Tuesday,0,0
2790,Medium,Incident,Portal,Premium,5,0,1.1,1,19.7,1.0,Low,Low,18,Saturday,0,1
2791,Medium,Incident,Phone,Premium,13,3,12.8,1,6.7,2.0,Medium,Medium,23,Friday,0,1
2792,High,Incident,Portal,Standard,10,0,1.8,1,9.8,2.0,High,High,14,Wednesday,0,1
2793,High,Access,Portal,Premium,2,1,9.5,1,21.0,1.0,Low,Low,13,Thursday,0,0
2794,Low,Service Request,Monitoring,Standard,9,2,3.3,1,13.3,2.0,Low,High,11,Sunday,0,1
2795,Medium,Service Request,Phone,Standard,9,1,9.0,3,8.8,2.0,Medium,Medium,0,Monday,0,0
2796,High,Problem,Portal,Premium,8,0,9.3,2,6.3,1.0,Medium,High,19,Saturday,0,0
2797,Medium,Incident,Email,Standard,11,2,3.0,1,4.8,3.0,Low,High,19,Wednesday,0,1
2798,Medium,Problem,Phone,Standard,14,0,8.8,1,13.6,4.0,Low,Low,16,Wednesday,0,1
2799,Low,Incident,Monitoring,Standard,10,1,13.3,2,13.4,4.0,Medium,High,15,Wednesday,0,0
2800,Medium,Incident,Portal,Standard,3,0,,4,0.8,3.0,High,Medium,20,Friday,0,0
2801,High,Access,Portal,Premium,11,1,14.0,1,7.2,0.0,Low,Low,15,Tuesday,0,0
2802,High,Problem,Portal,Premium,19,2,,2,16.4,4.0,Low,Medium,17,Wednesday,0,1
2803,Low,Incident,Email,Premium,7,2,12.3,2,3.7,1.0,Low,Medium,16,Tuesday,0,0
2804,Low,Problem,Portal,Premium,10,3,13.7,3,8.3,2.0,Low,Low,16,Wednesday,0,1
2805,Low,Service Request,Email,Enterprise,3,0,10.3,1,4.9,5.0,Low,Low,16,Monday,0,1
2806,Low,Incident,Monitoring,Premium,13,2,1.9,3,5.2,2.0,Low,Low,15,Tuesday,0,0
2807,Medium,Problem,Portal,Enterprise,4,1,6.2,4,14.0,2.0,Low,Medium,16,Saturday,1,0
2808,Medium,Incident,Email,Enterprise,7,1,3.3,2,5.9,2.0,Low,Medium,7,Friday,1,0
2809,Low,Incident,Email,Premium,7,1,3.7,1,3.3,4.0,Medium,Low,6,Tuesday,0,0
2810,Critical,Incident,Portal,Premium,12,1,12.2,1,1.8,2.0,Low,Medium,1,Friday,1,1
2811,Low,Incident,Email,Premium,8,2,7.7,1,7.1,0.0,Low,Low,21,Friday,0,0
2812,Medium,Service Request,Portal,Standard,8,1,13.0,2,6.8,1.0,Medium,Medium,20,Monday,0,0
2813,Low,Access,Monitoring,Premium,8,0,13.7,1,9.3,1.0,High,Medium,19,Tuesday,0,0
2814,Medium,Incident,Portal,Enterprise,12,1,2.3,3,,2.0,Low,Medium,23,Monday,0,0
2815,High,Incident,Phone,Premium,8,0,1.4,1,3.4,1.0,Medium,Low,5,Thursday,1,0
2816,Medium,Service Request,Portal,Standard,9,1,12.3,2,6.8,1.0,Low,Low,7,Saturday,0,0
2817,Medium,Incident,Portal,Standard,7,0,3.1,1,12.9,3.0,Medium,High,12,Thursday,1,0
2818,Critical,Service Request,Portal,Standard,10,2,8.5,1,10.8,2.0,Medium,High,22,Tuesday,1,0
2819,High,Service Request,Email,Premium,6,3,7.5,1,,1.0,Medium,Low,16,Monday,1,1
2820,High,Service Request,Phone,Enterprise,10,2,13.9,3,23.7,1.0,Medium,Medium,11,Wednesday,1,1
2821,Medium,Problem,Portal,Premium,8,0,12.6,1,4.9,1.0,Low,High,9,Thursday,0,0
2822,Low,Incident,Portal,Enterprise,8,1,10.3,4,5.3,6.0,Low,Medium,18,Sunday,0,0
2823,High,Service Request,Phone,Standard,5,4,8.1,3,11.2,2.0,High,Low,4,Tuesday,0,1
2824,Low,Incident,Portal,Standard,5,0,2.8,1,2.8,1.0,Medium,High,21,Tuesday,0,1
2825,Low,Problem,Portal,Enterprise,8,1,9.7,1,9.4,4.0,Low,Medium,21,Wednesday,1,0
2826,High,Service Request,Portal,Enterprise,6,3,3.7,4,8.9,1.0,Low,Medium,23,Saturday,0,0
2827,Low,Service Request,Email,Premium,4,1,12.0,3,9.1,5.0,Low,High,10,Monday,0,0
2828,Medium,Access,Email,Standard,7,1,11.6,1,16.6,6.0,Low,Low,3,Wednesday,0,0
2829,Low,Service Request,Email,Premium,9,0,13.8,2,16.6,3.0,Medium,Medium,7,Sunday,1,0
2830,Low,Service Request,Portal,Premium,12,3,9.4,1,12.0,2.0,Medium,Low,23,Monday,0,0
2831,High,Service Request,Email,Standard,6,1,7.6,2,3.8,2.0,Medium,Medium,16,Tuesday,0,0
2832,Low,Access,Monitoring,Premium,7,2,5.4,1,6.8,4.0,Medium,Low,4,Saturday,1,0
2833,Critical,Service Request,Phone,Standard,8,0,2.7,1,2.5,2.0,Low,High,9,Sunday,0,0
2834,Medium,Service Request,Phone,Premium,10,2,11.5,1,5.7,0.0,Medium,Low,19,Tuesday,1,0
2835,High,Incident,Portal,Standard,6,1,7.2,2,9.5,2.0,Low,Low,17,Thursday,0,0
2836,Critical,Service Request,Portal,Premium,5,0,3.6,1,11.2,2.0,Medium,Medium,6,Sunday,1,0
2837,Low,Incident,Phone,Premium,5,3,12.1,1,6.8,2.0,Low,Low,5,Friday,0,1
2838,Medium,Problem,Phone,Standard,10,1,,1,5.7,1.0,Low,Medium,9,Friday,0,0
2839,Medium,Incident,Portal,Premium,7,2,3.8,1,5.3,0.0,Low,Low,15,Wednesday,0,0
2840,High,Problem,Email,Enterprise,11,2,7.5,2,8.4,4.0,Low,High,17,Saturday,0,0
2841,High,Service Request,Phone,Enterprise,4,0,12.4,2,11.6,0.0,High,Medium,2,Tuesday,0,1
2842,Low,Service Request,Email,Standard,10,1,0.6,1,2.2,2.0,Medium,Medium,20,Friday,0,0
2843,Medium,Incident,Phone,Standard,9,0,11.4,3,9.5,3.0,Low,Medium,17,Saturday,0,0
2844,High,Problem,Email,Standard,7,1,6.9,4,6.6,2.0,Medium,Medium,14,Saturday,0,0
2845,High,Incident,Portal,Standard,9,0,4.7,2,4.4,2.0,Low,Low,17,Thursday,0,0
2846,Medium,Service Request,Portal,Premium,8,2,12.8,2,12.5,0.0,High,Medium,0,Tuesday,0,0
2847,Medium,Incident,Phone,Enterprise,4,3,,3,24.4,1.0,Low,High,0,Sunday,0,1
2848,High,Incident,Phone,Standard,8,1,8.1,1,12.4,4.0,High,Medium,10,Sunday,0,1
2849,Low,Incident,Portal,Standard,6,2,13.8,3,14.4,2.0,Low,High,11,Saturday,0,0
2850,High,Incident,Email,Standard,11,3,6.7,2,6.9,1.0,Medium,Low,22,Friday,0,0
2851,High,Incident,Monitoring,Standard,7,1,1.2,2,25.1,4.0,Medium,Medium,10,Thursday,1,1
2852,Medium,Service Request,Portal,Standard,6,0,4.5,1,16.9,3.0,Low,High,11,Monday,0,0
2853,Medium,Incident,Portal,Premium,12,1,9.3,2,21.1,3.0,Low,Medium,14,Monday,1,0
2854,Medium,Service Request,Phone,Standard,12,2,12.8,1,22.3,2.0,Low,High,10,Wednesday,1,1
2855,High,Service Request,Portal,Enterprise,4,0,3.5,3,4.5,1.0,Low,Medium,0,Tuesday,1,0
2856,Low,Incident,Email,Premium,7,2,4.0,3,9.1,3.0,Medium,Medium,9,Sunday,0,0
2857,Medium,Incident,Portal,Premium,10,0,7.4,2,40.9,3.0,Medium,Low,0,Saturday,1,1
2858,Medium,Service Request,Monitoring,Standard,10,1,4.6,1,10.1,3.0,Medium,Low,6,Wednesday,0,0
2859,Low,Problem,Portal,Enterprise,6,5,1.3,1,5.9,1.0,Low,High,18,Thursday,0,0
2860,Medium,Access,Email,Premium,11,2,1.4,3,,1.0,Low,Medium,22,Wednesday,0,0
2861,Medium,Service Request,Portal,Standard,2,1,9.8,1,4.9,3.0,Low,Medium,10,Saturday,0,0
2862,High,Access,Monitoring,Standard,5,1,2.7,1,11.1,2.0,Medium,High,22,Wednesday,0,0
2863,High,Problem,Portal,Premium,4,2,2.9,3,4.6,2.0,Medium,Medium,15,Thursday,1,0
2864,Low,Service Request,Email,Premium,8,1,5.6,4,13.8,0.0,Medium,Low,14,Sunday,0,0
2865,Medium,Service Request,Phone,Standard,5,0,13.1,2,12.4,0.0,High,Low,14,Thursday,0,0
2866,Low,Incident,Email,Premium,7,1,10.3,1,3.9,1.0,Low,Low,20,Monday,0,1
2867,Medium,Problem,Phone,Premium,13,0,1.6,1,2.9,4.0,Medium,Low,16,Monday,1,0
2868,High,Incident,Phone,Premium,5,2,13.5,2,13.7,2.0,Medium,Medium,18,Tuesday,0,1
2869,Medium,Incident,Phone,Premium,11,2,8.6,1,5.5,0.0,Low,Medium,11,Monday,0,0
2870,Medium,Incident,Email,Standard,7,1,5.0,1,13.3,3.0,High,Medium,4,Tuesday,0,0
2871,Medium,Incident,Portal,Standard,9,1,8.9,2,24.7,0.0,Medium,Medium,21,Wednesday,0,0
2872,Critical,Incident,Portal,Premium,5,1,7.4,4,7.7,2.0,Low,Medium,4,Monday,0,1
2873,Critical,Access,Portal,Enterprise,6,0,9.4,2,7.3,0.0,Medium,Medium,6,Thursday,1,0
2874,Medium,Incident,Email,Premium,8,2,6.0,1,9.5,7.0,High,Low,6,Thursday,0,0
2875,Medium,Incident,Monitoring,Enterprise,7,0,2.2,1,8.5,2.0,Low,Medium,23,Saturday,0,0
2876,Medium,Problem,Portal,Enterprise,14,0,13.9,1,8.1,3.0,Low,Medium,3,Sunday,1,0
2877,Low,Incident,Portal,Premium,3,1,5.1,1,9.3,2.0,Medium,Medium,17,Thursday,0,0
2878,Critical,Service Request,Portal,Standard,3,1,1.3,1,6.1,1.0,Medium,Low,21,Monday,0,0
2879,Medium,Problem,Email,Standard,10,0,14.6,1,3.0,2.0,Low,Medium,19,Tuesday,1,0
2880,High,Service Request,Portal,Enterprise,6,2,11.0,1,11.4,,Medium,Medium,6,Thursday,1,0
2881,Low,Incident,Email,Enterprise,4,2,14.8,3,10.4,2.0,High,Medium,16,Saturday,0,0
2882,Low,Incident,Portal,Premium,7,2,9.5,3,13.3,1.0,Low,Low,13,Wednesday,1,0
2883,Low,Incident,Portal,Premium,8,0,3.1,1,6.9,0.0,Low,High,14,Tuesday,1,0
2884,Low,Service Request,Email,Premium,8,2,4.0,2,13.1,2.0,Medium,Low,2,Saturday,0,0
2885,Low,Service Request,Portal,Enterprise,8,0,5.0,3,10.1,2.0,Medium,Low,6,Tuesday,0,0
2886,Medium,Service Request,Email,Standard,14,1,9.8,3,6.0,0.0,Medium,Low,21,Wednesday,0,0
2887,High,Service Request,Email,Enterprise,11,3,7.4,3,10.8,4.0,Low,Medium,11,Saturday,0,1
2888,Medium,Incident,Portal,Enterprise,13,4,13.3,2,17.7,2.0,Medium,Medium,8,Wednesday,1,1
2889,High,Service Request,Portal,Enterprise,6,3,1.5,1,10.5,1.0,Low,Medium,22,Wednesday,0,0
2890,High,Problem,Email,Premium,4,2,3.4,2,9.2,1.0,High,Medium,9,Tuesday,0,1
2891,High,Incident,Email,Standard,9,1,1.2,1,14.7,2.0,Low,Low,5,Saturday,0,0
2892,Medium,Service Request,Email,Standard,10,3,3.9,1,3.3,3.0,Low,Medium,16,Sunday,1,1
2893,High,Problem,Email,Standard,9,1,6.3,1,2.4,1.0,Medium,Medium,20,Saturday,0,0
2894,Low,Service Request,Portal,Standard,7,1,1.4,2,9.6,2.0,Medium,Low,9,Tuesday,0,0
2895,Medium,Incident,Phone,Standard,13,0,4.0,2,14.8,2.0,Medium,Medium,9,Friday,0,0
2896,Medium,Incident,Phone,Premium,10,2,1.3,1,3.9,2.0,High,High,20,Wednesday,1,1
2897,Critical,Service Request,Email,Standard,10,0,5.5,2,36.1,1.0,Low,High,14,Monday,0,1
2898,High,Access,Portal,Enterprise,10,1,10.1,1,23.9,2.0,Medium,Low,17,Friday,0,1
2899,Medium,Incident,Portal,Standard,13,1,11.8,3,15.3,3.0,Low,Low,1,Thursday,0,0
2900,Low,Problem,Portal,Standard,15,1,5.1,2,18.4,1.0,Medium,Medium,1,Monday,0,1
2901,Low,Access,Email,Standard,8,0,,2,2.3,1.0,Low,Low,3,Friday,0,0
2902,Medium,Incident,Portal,Premium,11,1,14.1,1,5.9,2.0,Medium,Medium,1,Sunday,0,0
2903,Medium,Service Request,Email,Standard,10,0,8.4,2,16.3,0.0,Low,Medium,0,Monday,1,0
2904,High,Service Request,Email,Enterprise,9,1,14.8,1,10.2,2.0,Medium,Low,18,Wednesday,0,0
2905,Medium,Access,Portal,Standard,10,4,1.3,1,15.9,,Low,Medium,5,Wednesday,0,0
2906,Low,Incident,Email,Standard,7,1,13.4,2,18.4,2.0,High,Medium,10,Wednesday,0,0
2907,Low,Service Request,Monitoring,Standard,6,3,8.2,1,12.8,2.0,Medium,Low,8,Friday,0,0
2908,Medium,Service Request,Portal,Enterprise,8,2,11.6,2,8.6,4.0,Low,Low,8,Wednesday,0,0
2909,Low,Service Request,Portal,Enterprise,7,0,1.5,1,9.0,,Medium,Medium,21,Saturday,0,1
2910,Medium,Incident,Phone,Standard,13,3,1.5,1,3.8,5.0,Low,Low,19,Wednesday,1,0
2911,Low,Incident,Portal,Enterprise,11,0,13.8,1,6.5,1.0,Low,Low,5,Thursday,0,0
2912,High,Incident,Portal,Premium,5,2,11.6,1,15.2,2.0,Low,Medium,10,Sunday,0,1
2913,Low,Incident,Email,Standard,6,0,9.1,1,8.9,1.0,High,Low,14,Sunday,0,0
2914,High,Service Request,Portal,Standard,5,0,4.5,2,10.8,1.0,Low,Medium,19,Monday,0,0
2915,High,Service Request,Email,Premium,13,0,7.4,2,8.2,2.0,Medium,Low,10,Sunday,0,0
2916,Medium,Service Request,Phone,Premium,7,1,4.2,1,10.4,3.0,Low,High,9,Tuesday,1,0
2917,Medium,Incident,Monitoring,Premium,14,0,14.6,1,6.1,4.0,Low,Medium,10,Tuesday,0,0
2918,Critical,Incident,Phone,Standard,6,3,11.0,1,14.1,2.0,Medium,High,3,Friday,0,1
2919,Medium,Incident,Monitoring,Standard,11,0,3.8,1,4.3,4.0,Low,Low,18,Sunday,0,1
2920,Low,Service Request,Portal,Standard,6,3,6.7,2,5.9,4.0,Medium,Low,23,Wednesday,0,0
2921,Low,Problem,Monitoring,Standard,12,0,12.0,1,8.6,3.0,High,Low,0,Monday,0,0
2922,High,Incident,Email,Enterprise,5,1,14.5,3,,2.0,Medium,Low,23,Thursday,0,0
2923,Medium,Service Request,Monitoring,Premium,11,0,3.5,2,10.0,1.0,Medium,Medium,16,Sunday,0,0
2924,Medium,Incident,Portal,Premium,12,0,14.6,1,10.6,2.0,Low,Low,23,Sunday,0,0
2925,Low,Problem,Monitoring,Enterprise,6,2,5.5,1,16.5,0.0,Low,Medium,19,Sunday,0,0
2926,Medium,Incident,Portal,Standard,6,0,9.5,2,23.6,2.0,Medium,Low,6,Thursday,0,1
2927,Low,Incident,Email,Standard,7,0,9.9,2,15.2,2.0,Low,Low,1,Sunday,1,0
2928,Medium,Service Request,Email,Standard,6,2,4.9,2,14.0,2.0,Medium,Medium,7,Thursday,0,1
2929,Medium,Access,Portal,Standard,13,0,4.8,1,5.7,2.0,Medium,Low,3,Tuesday,0,0
2930,High,Problem,Email,Enterprise,9,2,11.5,1,5.4,2.0,Low,Medium,20,Tuesday,0,0
2931,High,Incident,Portal,Premium,4,1,5.0,2,1.0,1.0,Medium,High,3,Thursday,0,0
2932,Medium,Service Request,Email,Standard,8,1,6.1,2,,1.0,Low,Low,4,Friday,0,1
2933,Medium,Incident,Monitoring,Standard,9,2,4.9,1,5.6,7.0,Medium,Medium,10,Thursday,0,1
2934,Low,Incident,Portal,Standard,16,1,2.4,1,10.7,2.0,High,Low,22,Friday,0,1
2935,High,Access,Portal,Standard,10,0,10.7,3,7.4,3.0,Medium,High,12,Saturday,1,0
2936,High,Problem,Email,Standard,6,0,8.3,2,10.9,5.0,Low,Low,2,Wednesday,1,0
2937,High,Incident,Portal,Enterprise,10,1,5.0,1,2.0,2.0,High,Low,11,Saturday,0,1
2938,Low,Access,Phone,Standard,8,1,5.1,2,7.1,1.0,High,Medium,23,Friday,0,0
2939,High,Incident,Phone,Premium,8,1,12.9,1,,2.0,Low,High,2,Tuesday,0,1
2940,Medium,Problem,Portal,Standard,5,2,4.1,1,,0.0,High,Low,16,Friday,0,0
2941,Low,Problem,Email,Premium,9,1,6.9,1,8.3,3.0,Medium,High,12,Sunday,0,0
2942,Medium,Incident,Phone,Premium,9,0,5.0,1,7.6,2.0,Low,Low,12,Wednesday,0,0
2943,High,Incident,Portal,Standard,7,0,2.4,1,7.1,3.0,Medium,Low,16,Friday,0,0
2944,Low,Problem,Monitoring,Enterprise,10,0,3.1,2,4.8,1.0,Low,Medium,16,Tuesday,1,0
2945,Medium,Service Request,Email,Premium,4,0,12.5,2,,4.0,Medium,Low,22,Friday,1,0
2946,High,Service Request,Email,Premium,5,3,,2,6.9,2.0,Medium,High,21,Sunday,0,0
2947,Medium,Problem,Phone,Standard,3,1,,1,19.6,0.0,Low,Medium,3,Friday,0,1
2948,Low,Access,Portal,Premium,7,2,13.8,1,8.7,3.0,High,Medium,14,Tuesday,0,1
2949,High,Incident,Monitoring,Enterprise,13,2,2.6,2,18.4,2.0,Medium,Medium,5,Wednesday,0,0
2950,Critical,Incident,Portal,Premium,8,2,7.6,1,7.6,2.0,High,Low,2,Monday,0,1
2951,Low,Incident,Phone,Premium,8,0,5.6,2,12.9,2.0,Medium,Low,22,Thursday,0,0
2952,Medium,Incident,Portal,Premium,12,0,6.4,2,11.4,2.0,High,Medium,12,Wednesday,0,0
2953,Medium,Service Request,Email,Standard,7,0,12.4,2,3.9,2.0,Medium,Low,22,Tuesday,0,0
2954,High,Problem,Portal,Standard,5,2,13.0,1,9.0,1.0,Low,Low,10,Saturday,0,1
2955,Medium,Incident,Portal,Premium,6,1,8.7,2,7.9,4.0,Low,Low,16,Wednesday,0,0
2956,Medium,Incident,Portal,Standard,7,0,3.6,2,15.2,4.0,Low,Low,10,Thursday,0,0
2957,Critical,Incident,Email,Standard,13,0,11.6,2,12.2,1.0,High,Low,6,Sunday,1,1
2958,Medium,Service Request,Phone,Premium,8,0,11.8,2,3.1,2.0,High,Medium,14,Tuesday,0,0
2959,Low,Incident,Monitoring,Enterprise,5,0,,1,12.8,4.0,Medium,Medium,8,Friday,0,0
2960,Low,Incident,Email,Premium,9,0,7.9,2,2.3,3.0,Medium,Medium,19,Wednesday,0,0
2961,Low,Service Request,Email,Standard,11,2,6.4,3,7.8,2.0,Medium,Medium,3,Sunday,0,0
2962,High,Incident,Phone,Standard,14,1,11.1,2,22.4,4.0,Medium,Low,14,Sunday,0,0
2963,Medium,Incident,Monitoring,Premium,7,0,5.1,1,7.6,4.0,High,Low,18,Monday,0,1
2964,Medium,Problem,Portal,Standard,11,1,13.7,1,2.5,4.0,Medium,High,8,Saturday,1,0
2965,Medium,Incident,Portal,Standard,7,3,8.3,2,8.1,4.0,Medium,Medium,17,Wednesday,0,0
2966,Critical,Incident,Email,Enterprise,6,2,7.5,2,8.2,2.0,Medium,High,4,Saturday,0,1
2967,Critical,Service Request,Portal,Premium,10,0,3.7,1,9.6,0.0,Medium,Low,1,Tuesday,0,0
2968,Medium,Access,Phone,Standard,4,1,11.6,2,3.2,2.0,Low,Medium,20,Saturday,1,0
2969,Medium,Access,Portal,Enterprise,9,1,11.4,2,17.1,3.0,High,Medium,11,Tuesday,0,1
2970,Critical,Incident,Phone,Enterprise,4,2,0.8,2,15.7,4.0,Low,Medium,8,Friday,0,1
2971,Medium,Service Request,Monitoring,Standard,11,0,4.8,1,2.8,1.0,Low,Low,0,Saturday,0,0
2972,Medium,Problem,Email,Enterprise,9,0,5.4,3,11.1,2.0,Medium,Low,4,Sunday,1,0
2973,Medium,Service Request,Phone,Enterprise,4,1,11.1,1,4.9,1.0,High,Low,7,Wednesday,1,0
2974,Medium,Service Request,Email,Standard,7,2,9.8,2,9.1,0.0,High,Low,9,Wednesday,0,0
2975,Low,Access,Portal,Standard,6,0,0.7,1,0.8,2.0,Low,Medium,16,Friday,0,0
2976,Low,Incident,Portal,Premium,8,0,1.7,1,16.4,3.0,Low,Low,7,Sunday,1,0
2977,Medium,Service Request,Phone,Enterprise,9,1,3.4,2,14.6,1.0,Medium,Medium,22,Tuesday,0,0
2978,Critical,Service Request,Phone,Premium,7,1,0.5,3,9.0,1.0,Medium,Low,0,Saturday,0,0
2979,Low,Service Request,Phone,Premium,15,2,12.3,2,4.6,2.0,Low,Low,15,Saturday,0,0
2980,Medium,Access,Portal,Premium,10,0,9.8,3,5.3,1.0,Low,Low,16,Wednesday,0,0
2981,Medium,Access,Phone,Standard,4,1,3.1,4,8.5,1.0,Low,Low,7,Friday,1,0
2982,High,Incident,Portal,Enterprise,13,0,9.5,1,9.9,4.0,Low,High,10,Friday,0,1
2983,Low,Incident,Email,Standard,10,1,4.2,2,7.5,0.0,Low,Low,8,Saturday,0,0
2984,High,Service Request,Phone,Standard,8,2,14.6,2,8.7,1.0,High,Low,5,Wednesday,0,0
2985,Low,Incident,Phone,Standard,7,1,14.9,3,19.7,4.0,Medium,Medium,17,Tuesday,0,0
2986,Medium,Incident,Portal,Premium,7,2,3.0,1,3.4,0.0,Medium,Medium,17,Monday,0,0
2987,High,Incident,Portal,Premium,9,0,13.9,2,4.8,5.0,Low,Low,0,Saturday,0,0
2988,Medium,Service Request,Email,Premium,5,2,0.9,3,5.8,4.0,Low,Low,9,Friday,1,0
2989,High,Problem,Portal,Standard,7,0,13.5,2,5.9,4.0,Low,Low,20,Friday,0,0
2990,Low,Incident,Portal,Standard,11,1,10.0,1,5.6,2.0,Medium,Low,0,Saturday,1,0
2991,Medium,Incident,Portal,Standard,4,0,2.9,1,26.8,3.0,Low,Low,21,Tuesday,1,1
2992,Low,Access,Email,Standard,9,3,14.1,1,7.9,1.0,High,Low,15,Sunday,0,0
2993,Medium,Problem,Monitoring,Standard,11,2,3.6,2,1.9,0.0,High,Low,14,Saturday,1,0
2994,Critical,Service Request,Email,Premium,6,3,2.3,1,24.4,2.0,Medium,High,13,Monday,0,1
2995,Medium,Incident,Portal,Enterprise,3,1,10.2,1,6.7,2.0,Low,Medium,1,Wednesday,1,0
2996,Low,Service Request,Email,Premium,12,1,9.7,4,7.1,3.0,Low,High,18,Friday,1,0
2997,Low,Incident,Monitoring,Standard,9,0,7.1,1,14.2,5.0,Low,High,6,Thursday,1,1
2998,Medium,Service Request,Portal,Premium,6,1,10.7,1,10.0,2.0,Low,Low,11,Monday,0,0
2999,Low,Incident,Portal,Enterprise,8,1,13.0,4,14.5,2.0,Low,Low,15,Friday,0,0
3000,High,Problem,Portal,Standard,11,0,10.8,2,20.3,1.0,High,Medium,20,Saturday,0,0
3001,Medium,Access,Portal,Standard,10,0,14.5,1,13.2,0.0,Medium,Low,12,Thursday,0,0
3002,Medium,Incident,Portal,Standard,6,1,1.0,1,8.4,0.0,Low,High,22,Friday,0,1
3003,Low,Incident,Portal,Premium,4,2,11.4,2,7.0,3.0,High,Low,13,Wednesday,0,1
3004,Medium,Service Request,Portal,Premium,7,1,9.8,1,15.3,1.0,High,Low,13,Saturday,1,1
3005,High,Problem,Portal,Premium,8,0,1.6,1,3.9,2.0,Low,Medium,16,Friday,0,0
3006,High,Problem,Portal,Standard,10,2,7.8,1,12.4,1.0,Low,Low,23,Thursday,0,1
3007,Medium,Access,Email,Premium,10,1,13.6,1,8.6,,Low,Low,22,Sunday,0,0
3008,High,Incident,Phone,Premium,5,1,10.1,1,14.6,3.0,High,Medium,12,Sunday,0,1
3009,High,Service Request,Portal,Premium,4,1,0.9,1,20.4,1.0,Medium,Medium,10,Wednesday,0,0
3010,Medium,Incident,Monitoring,Premium,7,1,13.7,1,4.2,1.0,Low,Low,10,Tuesday,0,0
3011,High,Service Request,Portal,Standard,12,2,8.8,2,13.5,2.0,Low,Medium,20,Sunday,1,0
3012,Medium,Incident,Phone,Enterprise,9,3,14.0,1,2.3,1.0,Medium,Medium,9,Thursday,0,0
3013,Low,Service Request,Phone,Standard,3,4,12.8,2,5.7,3.0,High,Medium,8,Friday,0,0
3014,High,Service Request,Phone,Standard,7,1,5.9,2,3.1,4.0,Low,High,1,Wednesday,1,1
3015,High,Incident,Portal,Premium,10,0,7.4,3,5.4,0.0,Medium,Medium,7,Thursday,0,0
3016,Critical,Incident,Portal,Standard,8,2,14.1,2,17.6,4.0,Low,Medium,22,Sunday,0,1
3017,Medium,Incident,Portal,Standard,8,1,3.7,2,5.4,2.0,Low,High,22,Sunday,0,0
3018,Medium,Incident,Portal,Premium,3,3,3.6,1,,1.0,Low,High,23,Wednesday,1,0
3019,Medium,Service Request,Portal,Premium,5,0,7.4,2,14.4,2.0,Low,High,14,Wednesday,1,0
3020,Medium,Access,Portal,Standard,7,1,11.4,1,10.1,0.0,Medium,Medium,19,Friday,1,1
3021,Medium,Problem,Email,Standard,8,1,4.2,2,7.6,2.0,Low,Medium,1,Wednesday,1,0
3022,Low,Incident,Phone,Standard,13,3,13.0,1,17.4,2.0,Low,Low,9,Monday,0,1
3023,High,Incident,Portal,Standard,8,1,1.2,2,3.4,2.0,High,High,7,Saturday,0,0
3024,Low,Problem,Portal,Standard,6,1,5.1,3,5.6,1.0,Medium,Low,3,Tuesday,0,0
3025,Medium,Problem,Portal,Premium,11,0,9.3,2,6.1,2.0,Medium,Low,3,Tuesday,0,0
3026,Low,Incident,Portal,Enterprise,6,3,14.2,1,5.4,4.0,Low,High,2,Monday,1,0
3027,Medium,Incident,Portal,Enterprise,10,3,5.3,1,5.6,1.0,Low,Low,6,Sunday,0,0
3028,Medium,Access,Phone,Premium,11,0,8.1,1,4.8,0.0,Medium,Low,5,Sunday,0,0
3029,Low,Incident,Portal,Standard,8,0,7.4,2,11.5,2.0,Low,Medium,15,Monday,0,0
3030,Low,Incident,Email,Standard,2,1,13.8,2,2.6,1.0,Low,Low,12,Sunday,1,0
3031,Low,Service Request,Email,Standard,7,1,5.1,1,2.8,1.0,Low,Medium,20,Thursday,0,0
3032,Low,Incident,Email,Premium,5,0,7.7,2,4.3,3.0,Medium,High,19,Saturday,1,1
3033,Medium,Service Request,Portal,Standard,8,1,12.8,1,10.3,1.0,Medium,High,4,Friday,0,0
3034,Low,Service Request,Email,Standard,11,0,6.4,1,21.7,5.0,High,Medium,6,Thursday,1,0
3035,Critical,Service Request,Phone,Enterprise,8,0,1.6,2,4.6,4.0,Medium,Low,22,Monday,0,1
3036,Low,Incident,Portal,Standard,8,3,8.1,1,15.6,5.0,Medium,Medium,19,Thursday,0,0
3037,Medium,Access,Portal,Standard,8,2,7.1,1,2.6,5.0,Medium,Medium,1,Sunday,1,0
3038,Low,Incident,Portal,Standard,7,1,11.8,2,12.2,1.0,Low,Medium,8,Sunday,1,1
3039,Medium,Problem,Phone,Premium,4,1,13.2,1,3.9,1.0,Low,Low,16,Friday,0,0
3040,Low,Service Request,Portal,Premium,5,0,15.0,2,12.0,2.0,Medium,Low,4,Wednesday,0,0
3041,Low,Service Request,Portal,Enterprise,9,0,10.9,2,14.7,3.0,Medium,Low,13,Sunday,1,0
3042,Low,Incident,Email,Enterprise,11,0,1.1,2,4.3,1.0,Medium,Low,4,Wednesday,0,0
3043,Medium,Access,Portal,Standard,6,2,5.0,1,2.0,1.0,High,Medium,20,Sunday,0,0
3044,Medium,Service Request,Phone,Standard,6,2,13.5,2,17.7,3.0,Low,Medium,12,Sunday,0,0
3045,Low,Access,Portal,Standard,9,1,0.7,2,22.9,3.0,Low,Medium,10,Sunday,1,1
3046,Medium,Service Request,Phone,Premium,6,2,11.6,1,10.8,0.0,Low,Medium,4,Sunday,0,0
3047,Low,Incident,Portal,Premium,8,0,1.2,2,16.3,3.0,Low,Medium,3,Saturday,1,0
3048,Medium,Incident,Portal,Standard,7,2,0.9,2,25.1,2.0,High,Low,10,Saturday,0,1
3049,Critical,Incident,Monitoring,Standard,8,1,2.1,1,16.0,3.0,Low,Low,6,Sunday,0,1
3050,Medium,Incident,Portal,Premium,5,0,4.9,3,2.4,5.0,Low,High,11,Wednesday,1,0
3051,High,Incident,Portal,Standard,14,1,4.3,1,8.0,1.0,Low,High,19,Saturday,0,1
3052,Medium,Incident,Email,Standard,7,0,13.7,3,11.5,2.0,Medium,Low,1,Sunday,0,0
3053,Medium,Service Request,Portal,Standard,6,2,1.0,2,1.0,2.0,Low,High,6,Monday,0,0
3054,Low,Incident,Portal,Premium,11,1,3.3,4,2.2,3.0,Low,Low,2,Friday,1,0
3055,Low,Service Request,Portal,Standard,7,1,4.8,3,5.3,3.0,Low,Low,18,Saturday,1,0
3056,Medium,Incident,Portal,Standard,4,3,12.8,2,4.9,0.0,Medium,Medium,7,Thursday,0,0
3057,High,Problem,Phone,Premium,11,0,11.3,2,11.1,,Medium,Low,17,Thursday,1,0
3058,Medium,Access,Monitoring,Premium,4,0,4.2,3,8.2,2.0,High,Medium,11,Saturday,0,0
3059,Medium,Incident,Portal,Standard,4,2,1.5,2,5.5,3.0,Low,High,8,Sunday,0,1
3060,High,Service Request,Portal,Enterprise,7,1,7.9,2,14.3,3.0,High,Low,1,Tuesday,1,0
3061,Medium,Service Request,Portal,Premium,6,1,5.8,1,1.7,1.0,Low,Medium,14,Saturday,0,0
3062,Medium,Service Request,Email,Standard,8,1,4.8,1,9.7,1.0,High,Low,15,Tuesday,0,1
3063,Low,Problem,Monitoring,Premium,13,1,3.2,1,10.4,6.0,Low,Low,19,Monday,1,1
3064,Low,Incident,Phone,Premium,9,0,8.2,1,4.5,2.0,Low,High,20,Monday,0,1
3065,Medium,Problem,Portal,Standard,8,1,1.4,2,9.0,1.0,High,High,14,Monday,0,1
3066,Critical,Incident,Portal,Premium,12,1,12.2,1,1.8,2.0,Low,Medium,1,Friday,1,1
3067,High,Incident,Portal,Enterprise,10,2,,4,9.3,0.0,Medium,Low,14,Wednesday,0,0
3068,Medium,Incident,Portal,Enterprise,6,0,12.9,1,15.6,0.0,Low,Low,2,Monday,0,0
3069,High,Incident,Email,Premium,8,0,12.7,1,6.0,1.0,Low,Low,8,Wednesday,0,0
3070,Medium,Service Request,Email,Standard,8,1,14.3,1,5.1,3.0,Low,Low,13,Thursday,0,0
3071,Low,Access,Phone,Premium,7,0,1.9,1,4.3,1.0,Low,Low,6,Friday,0,0
3072,Medium,Problem,Email,Standard,8,0,10.0,2,3.0,2.0,High,High,18,Tuesday,0,1
3073,Medium,Service Request,Phone,Premium,6,0,10.4,1,3.2,0.0,Medium,Medium,16,Sunday,0,0
3074,Medium,Incident,Portal,Standard,8,0,5.2,1,4.3,3.0,Low,High,2,Tuesday,0,0
3075,High,Incident,Portal,Premium,8,1,5.9,3,11.0,2.0,Medium,Low,4,Wednesday,1,1
3076,High,Incident,Phone,Standard,9,0,6.0,1,7.6,2.0,Low,Low,8,Sunday,0,1
3077,Low,Incident,Email,Enterprise,5,1,7.5,1,2.5,0.0,Low,Low,3,Saturday,0,0
3078,High,Incident,Portal,Standard,8,2,12.0,2,8.8,4.0,Low,Low,4,Sunday,1,1
3079,Low,Incident,Monitoring,Premium,7,0,0.7,1,3.8,0.0,Low,Medium,21,Friday,0,0
3080,Low,Access,Phone,Enterprise,7,2,1.2,1,12.5,2.0,Medium,Medium,12,Sunday,0,1
3081,Low,Incident,Email,Standard,14,1,10.4,2,14.9,2.0,Medium,Low,20,Thursday,0,0
3082,High,Service Request,Portal,Premium,6,2,10.6,2,6.5,2.0,Low,Medium,6,Saturday,0,0
3083,Medium,Service Request,Monitoring,Premium,7,1,9.7,1,9.6,1.0,Low,Low,16,Tuesday,1,0
3084,Low,Service Request,Phone,Standard,6,1,,2,4.2,2.0,High,Low,17,Wednesday,0,0
3085,Medium,Service Request,Email,Enterprise,5,2,3.0,3,16.0,2.0,Low,High,15,Tuesday,0,1
3086,Medium,Incident,Portal,Enterprise,8,2,14.8,1,5.1,1.0,Low,Medium,4,Sunday,0,0
3087,Medium,Incident,Monitoring,Standard,7,1,6.6,4,9.8,5.0,Low,Medium,17,Saturday,0,0
3088,High,Incident,Portal,Enterprise,10,1,11.9,3,12.4,2.0,High,Medium,0,Saturday,1,1
3089,Medium,Incident,Monitoring,Premium,5,3,3.1,1,4.5,2.0,Low,Low,5,Thursday,1,0
3090,High,Service Request,Email,Premium,7,2,3.1,3,2.0,,Low,Medium,23,Tuesday,0,0
3091,Medium,Problem,Portal,Premium,6,3,1.3,1,23.8,0.0,Low,Medium,14,Saturday,0,1
3092,Medium,Incident,Email,Standard,9,0,13.0,3,1.6,1.0,High,High,10,Monday,1,0
3093,High,Service Request,Monitoring,Premium,5,1,3.8,3,23.3,5.0,Low,High,6,Monday,0,0
3094,Low,Incident,Email,Standard,5,2,10.5,1,12.1,4.0,Medium,Medium,17,Saturday,0,0
3095,Medium,Incident,Portal,Premium,6,2,12.7,1,14.9,3.0,Medium,Low,21,Friday,0,0
3096,Medium,Incident,Email,Enterprise,7,0,9.6,2,2.7,2.0,Medium,Low,0,Sunday,0,0
3097,Medium,Service Request,Email,Premium,11,0,1.7,1,7.0,5.0,Medium,Low,6,Saturday,0,0
3098,Low,Incident,Portal,Standard,12,4,10.3,1,11.6,3.0,Medium,Low,2,Friday,0,0
3099,Low,Problem,Portal,Premium,8,0,11.9,2,11.0,3.0,Low,Medium,16,Thursday,0,1
3100,Low,Problem,Portal,Premium,6,1,5.4,4,4.6,1.0,Medium,Medium,1,Saturday,1,0
3101,Medium,Service Request,Email,Standard,6,3,13.0,1,21.1,0.0,Medium,Medium,5,Tuesday,0,1
3102,Medium,Incident,Email,Standard,10,2,4.5,2,7.0,5.0,High,Low,22,Tuesday,1,1
3103,High,Access,Portal,Premium,7,2,6.6,1,1.0,4.0,High,Low,16,Thursday,1,1
3104,High,Incident,Monitoring,Premium,6,0,6.5,2,11.2,2.0,Low,Medium,19,Wednesday,1,0
3105,Medium,Incident,Portal,Enterprise,12,1,3.5,2,7.5,3.0,Medium,High,9,Friday,1,1
3106,Low,Incident,Phone,Standard,9,0,,1,4.0,2.0,Medium,Medium,6,Saturday,1,0
3107,Low,Service Request,Email,Premium,18,2,0.8,1,28.1,0.0,Medium,Low,6,Saturday,0,1
3108,Medium,Access,Portal,Premium,8,1,4.1,1,23.3,2.0,High,Low,6,Wednesday,0,0
3109,Low,Problem,Portal,Standard,6,1,11.6,1,24.3,3.0,Low,Low,23,Friday,0,0
3110,Medium,Service Request,Portal,Premium,5,4,14.4,1,6.7,4.0,Low,High,4,Saturday,0,1
3111,Medium,Incident,Portal,Standard,10,1,14.0,1,15.7,1.0,Low,Medium,16,Saturday,0,0
3112,Medium,Access,Monitoring,Premium,8,1,11.8,1,9.2,2.0,High,Low,22,Sunday,1,1
3113,Medium,Problem,Portal,Standard,11,2,6.0,2,3.2,0.0,High,Medium,22,Tuesday,0,0
3114,Medium,Problem,Phone,Premium,6,1,2.5,1,5.9,2.0,Medium,Low,17,Thursday,0,1
3115,Medium,Incident,Portal,Enterprise,5,5,4.9,3,18.6,3.0,Medium,Low,10,Wednesday,0,0
3116,Medium,Incident,Phone,Standard,10,0,12.8,1,12.8,2.0,Medium,Low,0,Tuesday,0,0
3117,Medium,Incident,Portal,Enterprise,6,3,,1,,2.0,Low,Medium,8,Monday,0,1
3118,High,Incident,Portal,Premium,8,0,11.5,2,10.6,2.0,Medium,Medium,2,Monday,1,1
3119,Medium,Service Request,Email,Standard,4,1,13.9,1,5.4,0.0,Low,High,4,Wednesday,0,0
3120,High,Service Request,Phone,Standard,10,0,7.0,1,16.0,2.0,Low,Low,20,Friday,0,1
3121,Medium,Access,Email,Standard,5,1,11.9,1,12.7,3.0,High,Low,18,Saturday,0,0
3122,Low,Incident,Portal,Standard,6,0,1.4,4,5.6,1.0,High,Low,9,Monday,0,1
3123,Medium,Access,Email,Standard,8,2,6.5,1,1.3,0.0,Medium,Low,20,Saturday,1,1
3124,Medium,Incident,Portal,Premium,11,0,9.2,1,5.9,3.0,Low,High,3,Wednesday,0,0
3125,Low,Service Request,Portal,Standard,7,1,7.5,1,14.4,3.0,Low,High,0,Wednesday,0,0
3126,High,Incident,Portal,Standard,9,0,9.7,1,7.8,1.0,High,Medium,8,Thursday,1,0
3127,Low,Access,Portal,Enterprise,8,3,1.7,1,6.8,2.0,Low,High,16,Saturday,1,1
3128,High,Service Request,Portal,Premium,8,1,12.7,1,0.4,3.0,Low,Low,10,Monday,0,1
3129,Low,Incident,Portal,Standard,4,0,0.5,3,7.9,3.0,Medium,Medium,18,Saturday,1,0
3130,Medium,Incident,Email,Standard,8,2,1.2,3,17.7,2.0,High,Low,7,Saturday,1,1
3131,Low,Incident,Phone,Premium,15,2,5.2,2,17.2,0.0,Low,Medium,12,Friday,0,0
3132,Medium,Service Request,Phone,Premium,5,1,3.4,2,12.7,2.0,Medium,Low,20,Saturday,0,1
3133,Critical,Incident,Email,Premium,13,1,2.8,1,9.1,8.0,Low,Low,4,Sunday,0,0
3134,Medium,Incident,Portal,Premium,8,1,14.9,2,4.9,6.0,Low,Low,8,Saturday,0,0
3135,Low,Incident,Monitoring,Premium,8,0,5.8,1,5.1,2.0,Medium,Medium,13,Tuesday,0,0
3136,Critical,Service Request,Portal,Standard,5,2,4.9,1,2.8,1.0,Medium,High,22,Saturday,0,0
3137,High,Access,Email,Standard,8,2,3.3,4,13.1,4.0,Low,Medium,9,Thursday,0,0
3138,Medium,Service Request,Email,Standard,9,1,3.3,1,16.4,1.0,High,Low,16,Wednesday,0,1
3139,High,Incident,Portal,Standard,9,2,13.2,1,10.5,4.0,Medium,Medium,0,Saturday,0,0
3140,Low,Problem,Phone,Standard,9,1,5.0,3,8.4,1.0,Low,Low,4,Saturday,1,0
3141,Medium,Service Request,Phone,Standard,5,1,13.3,3,4.5,3.0,Low,High,19,Sunday,0,0
3142,Critical,Incident,Monitoring,Premium,9,2,9.5,2,10.9,3.0,Medium,High,8,Wednesday,0,1
3143,Low,Service Request,Phone,Premium,9,0,1.3,2,13.1,2.0,Medium,Low,6,Tuesday,0,1
3144,Critical,Access,Portal,Enterprise,10,1,3.6,2,6.2,3.0,Low,Low,13,Sunday,0,1
3145,Medium,Incident,Email,Standard,9,3,12.6,1,,2.0,Medium,Medium,2,Friday,0,1
3146,Medium,Access,Monitoring,Enterprise,14,1,7.1,1,16.4,,Low,Low,0,Tuesday,0,0
3147,Medium,Service Request,Portal,Standard,3,3,9.6,1,11.7,3.0,Medium,Low,15,Thursday,0,0
3148,Low,Service Request,Email,Premium,8,1,11.4,2,9.6,1.0,Low,Medium,23,Friday,0,0
3149,Medium,Problem,Portal,Standard,5,2,4.3,4,9.8,2.0,Low,Medium,19,Monday,1,0
3150,Medium,Service Request,Portal,Enterprise,10,3,14.1,1,13.0,0.0,High,Medium,16,Tuesday,0,0
3151,Medium,Incident,Monitoring,Premium,16,2,6.5,1,10.3,2.0,Medium,Low,1,Thursday,0,1
3152,High,Incident,Portal,Premium,8,1,11.2,2,3.1,2.0,Low,High,17,Tuesday,1,1
3153,Low,Service Request,Portal,Premium,5,2,2.6,4,16.9,2.0,Low,High,3,Wednesday,1,1
3154,Low,Incident,Portal,Standard,9,1,2.7,3,14.3,5.0,High,Medium,19,Monday,0,1
3155,High,Incident,Phone,Enterprise,7,1,10.4,1,18.1,2.0,Low,Low,12,Monday,1,0
3156,Medium,Incident,Email,Standard,17,1,8.2,3,12.4,1.0,Medium,Medium,8,Saturday,0,0
3157,Medium,Incident,Email,Standard,3,2,11.3,3,5.2,1.0,Low,Medium,13,Wednesday,0,0
3158,High,Incident,Portal,Standard,9,0,13.8,1,8.1,0.0,High,Low,4,Sunday,0,1
3159,Low,Incident,Portal,Standard,7,1,9.5,1,22.1,0.0,Medium,Low,7,Friday,1,0
3160,High,Incident,Portal,Enterprise,7,2,14.4,2,13.8,3.0,Low,High,21,Tuesday,1,0
3161,Low,Problem,Monitoring,Enterprise,7,1,9.8,1,8.8,0.0,Low,Low,16,Thursday,0,0
3162,Low,Access,Email,Premium,8,2,8.3,1,,1.0,High,High,13,Wednesday,0,1
3163,High,Incident,Portal,Enterprise,7,1,7.6,2,,2.0,Low,High,9,Friday,0,1
3164,High,Service Request,Monitoring,Standard,5,2,,2,9.2,1.0,Low,Low,7,Friday,1,1
3165,Low,Service Request,Portal,Premium,5,1,5.2,1,4.2,2.0,Low,Medium,5,Saturday,1,0
3166,Critical,Service Request,Portal,Enterprise,8,0,7.6,2,12.5,2.0,Low,High,16,Friday,0,0
3167,Low,Service Request,Phone,Standard,7,1,4.2,1,7.9,0.0,Medium,Medium,8,Friday,0,0
3168,High,Incident,Phone,Enterprise,10,1,10.8,1,12.1,0.0,High,High,19,Wednesday,0,0
3169,Medium,Incident,Phone,Premium,9,0,1.6,1,1.0,1.0,Medium,Low,12,Saturday,0,0
3170,Medium,Incident,Email,Premium,10,2,0.7,3,8.0,5.0,Low,Low,16,Wednesday,1,0
3171,Low,Problem,Phone,Premium,9,1,12.4,3,24.2,1.0,Medium,Medium,8,Monday,0,0
3172,Medium,Incident,Phone,Standard,3,1,4.8,3,24.0,4.0,Medium,Medium,8,Monday,0,1
3173,Medium,Problem,Email,Premium,9,0,3.8,1,5.0,4.0,Low,High,0,Friday,0,1
3174,Medium,Problem,Email,Premium,5,0,6.1,1,7.1,4.0,Low,Low,12,Tuesday,1,1
3175,Low,Incident,Portal,Enterprise,7,0,12.6,2,10.5,4.0,High,Low,22,Sunday,0,0
3176,Medium,Problem,Phone,Enterprise,5,0,7.2,1,7.2,1.0,Medium,High,14,Monday,0,0
3177,High,Incident,Portal,Enterprise,9,3,0.5,2,13.5,0.0,Low,High,3,Thursday,0,1
3178,Low,Incident,Monitoring,Standard,12,0,1.9,4,7.7,3.0,High,Low,19,Sunday,1,0
3179,High,Service Request,Portal,Premium,12,1,8.2,1,16.7,3.0,Low,Low,7,Saturday,1,1
3180,Low,Incident,Phone,Enterprise,7,2,9.7,1,3.0,,High,Medium,11,Saturday,0,0
3181,High,Access,Phone,Standard,6,0,14.8,1,8.2,2.0,Low,Low,6,Monday,1,0
3182,Medium,Access,Phone,Premium,9,0,11.0,1,10.6,2.0,Low,High,15,Wednesday,1,0
3183,Low,Incident,Portal,Enterprise,13,2,,1,9.7,5.0,Medium,High,10,Friday,1,1
3184,Low,Service Request,Portal,Standard,5,2,6.5,1,7.1,0.0,Medium,High,0,Saturday,0,0
3185,Medium,Access,Monitoring,Enterprise,8,1,4.0,1,14.3,2.0,Low,Low,5,Monday,1,0
3186,Low,Incident,Portal,Standard,6,0,14.6,2,10.6,3.0,High,Medium,22,Thursday,1,0
3187,High,Access,Email,Premium,9,1,3.6,1,5.7,0.0,Medium,Low,19,Tuesday,1,1
3188,Low,Incident,Monitoring,Standard,10,0,11.0,1,5.1,1.0,Medium,Medium,2,Thursday,0,0
3189,High,Incident,Email,Premium,9,0,4.5,1,5.8,1.0,Low,High,15,Saturday,0,1
3190,High,Incident,Email,Premium,6,1,1.0,2,11.8,,Low,Low,5,Sunday,0,0
3191,Critical,Incident,Portal,Standard,7,3,8.6,1,2.8,0.0,Low,Medium,13,Friday,0,1
3192,Medium,Incident,Portal,Enterprise,6,2,13.2,1,,1.0,Medium,Low,17,Thursday,0,0
3193,Medium,Service Request,Email,Premium,4,2,2.8,1,4.8,,Low,Medium,9,Wednesday,1,1
3194,Medium,Service Request,Phone,Enterprise,7,1,2.0,1,3.0,2.0,Low,Low,7,Friday,1,0
3195,Low,Incident,Portal,Premium,11,0,11.8,2,,6.0,Low,Medium,1,Tuesday,0,0
3196,Medium,Incident,Portal,Standard,7,2,12.6,4,6.4,2.0,Medium,Low,10,Wednesday,0,0
3197,Medium,Problem,Phone,Standard,5,0,6.6,1,40.3,4.0,Medium,High,0,Tuesday,1,1
3198,Critical,Problem,Portal,Premium,8,2,2.5,2,7.4,4.0,Medium,Medium,6,Thursday,0,0
3199,Medium,Incident,Portal,Standard,8,1,11.4,1,9.4,0.0,Low,Low,1,Saturday,1,1
3200,Low,Incident,Phone,Premium,5,0,14.5,1,13.8,1.0,Medium,High,0,Tuesday,0,1
3201,High,Incident,Portal,Premium,5,0,13.1,1,4.6,3.0,Low,Low,8,Monday,0,0
3202,Critical,Access,Email,Standard,5,2,11.8,1,,1.0,Low,Medium,13,Wednesday,0,0
3203,Medium,Service Request,Portal,Premium,12,1,9.1,2,3.1,1.0,Low,Medium,17,Thursday,0,0
3204,Medium,Service Request,Portal,Standard,9,2,6.5,1,4.6,5.0,Low,High,2,Sunday,0,0
3205,High,Access,Email,Premium,13,3,2.2,1,4.0,2.0,Low,Medium,21,Monday,0,0
3206,High,Access,Portal,Standard,6,0,5.5,2,2.5,1.0,Low,High,12,Sunday,0,1
3207,High,Incident,Phone,Standard,1,2,8.3,2,4.6,5.0,High,Medium,7,Friday,0,0
3208,Medium,Service Request,Portal,Standard,8,2,10.4,1,14.1,1.0,Medium,Medium,23,Friday,0,0
3209,Low,Incident,Email,Standard,8,2,4.0,2,17.6,3.0,Medium,Medium,19,Friday,0,0
3210,Critical,Service Request,Phone,Premium,7,2,5.5,3,1.5,3.0,Low,High,7,Saturday,1,0
3211,Low,Incident,Email,Standard,10,0,4.9,1,9.3,1.0,Low,Low,18,Sunday,0,0
3212,Critical,Service Request,Monitoring,Standard,5,0,3.8,1,13.4,2.0,Low,Medium,10,Sunday,0,0
3213,Low,Service Request,Email,Standard,7,1,13.2,1,16.5,2.0,Medium,Low,13,Friday,0,0
3214,Low,Incident,Phone,Premium,2,0,5.9,4,14.6,2.0,Medium,Low,16,Thursday,0,0
3215,High,Incident,Portal,Premium,2,1,2.6,1,17.6,4.0,Low,Low,3,Sunday,0,1
3216,High,Service Request,Monitoring,Standard,12,2,3.3,2,4.0,2.0,Medium,High,9,Saturday,0,0
3217,Low,Service Request,Portal,Premium,6,0,2.4,1,3.5,0.0,Low,Low,15,Sunday,1,0
3218,Low,Service Request,Portal,Standard,5,1,14.5,1,6.2,3.0,High,Medium,10,Thursday,1,0
3219,Medium,Problem,Phone,Premium,9,1,0.5,1,7.6,5.0,Low,Low,16,Thursday,0,0
3220,Low,Incident,Phone,Standard,12,1,6.0,1,13.2,1.0,Low,Low,17,Saturday,0,0
3221,High,Service Request,Email,Standard,8,2,5.4,1,11.4,1.0,Low,Low,7,Monday,1,1
3222,Medium,Access,Email,Premium,5,1,9.8,1,4.1,2.0,Medium,Low,1,Wednesday,0,0
3223,Medium,Service Request,Phone,Enterprise,11,0,14.3,2,7.8,2.0,Low,Low,2,Sunday,0,0
3224,Medium,Service Request,Portal,Premium,9,1,11.0,2,5.9,3.0,Low,Low,8,Monday,0,0
3225,Medium,Service Request,Phone,Premium,7,1,12.8,3,,0.0,Low,Low,21,Sunday,1,0
3226,High,Incident,Portal,Standard,11,0,2.5,1,6.1,1.0,Medium,High,18,Thursday,1,0
3227,Low,Incident,Phone,Enterprise,10,1,5.6,1,11.5,1.0,High,Medium,8,Monday,0,0
3228,Medium,Incident,Portal,Premium,11,0,5.8,3,12.1,0.0,Low,Medium,15,Sunday,0,0
3229,High,Incident,Portal,Standard,4,0,4.5,2,7.6,2.0,Low,Low,14,Saturday,0,0
3230,Medium,Incident,Portal,Premium,6,1,6.5,1,4.1,1.0,Medium,Low,16,Saturday,1,0
3231,High,Service Request,Portal,Standard,7,3,0.6,3,3.2,3.0,High,Medium,16,Saturday,0,0
3232,Medium,Problem,Monitoring,Enterprise,3,1,1.0,2,1.2,2.0,Low,Low,22,Tuesday,1,0
3233,Low,Incident,Monitoring,Standard,6,0,10.6,2,9.0,3.0,High,Low,7,Friday,1,0
3234,High,Access,Portal,Premium,10,1,6.8,3,19.2,0.0,Medium,Low,13,Saturday,1,1
3235,Medium,Incident,Phone,Standard,6,5,11.7,3,9.7,4.0,Low,High,11,Friday,1,1
3236,Low,Incident,Portal,Standard,8,1,10.8,1,3.0,1.0,Medium,Low,20,Tuesday,0,0
3237,Low,Incident,Phone,Standard,10,1,1.2,1,3.9,2.0,Low,Medium,5,Monday,1,0
3238,High,Incident,Portal,Premium,10,1,7.1,1,13.8,3.0,Medium,Low,16,Saturday,0,1
3239,High,Service Request,Phone,Standard,12,2,5.0,1,27.7,3.0,Medium,High,8,Friday,1,1
3240,Critical,Incident,Phone,Enterprise,8,0,8.2,2,25.9,3.0,Medium,Medium,11,Sunday,0,1
3241,High,Access,Email,Premium,8,2,11.9,3,15.7,2.0,Low,High,0,Thursday,0,1
3242,High,Incident,Portal,Standard,10,2,11.2,1,5.0,1.0,Low,Medium,3,Friday,0,0
3243,High,Incident,Email,Standard,4,3,13.4,2,3.7,3.0,Low,Low,19,Saturday,1,1
3244,Low,Access,Portal,Enterprise,5,0,5.6,3,5.8,2.0,Low,Medium,12,Wednesday,0,0
3245,Low,Incident,Email,Premium,9,2,6.8,3,8.1,3.0,Low,Low,4,Monday,0,0
3246,Low,Service Request,Monitoring,Premium,9,0,1.1,1,8.8,4.0,Medium,High,20,Sunday,1,1
3247,Low,Incident,Portal,Enterprise,9,1,7.8,2,6.9,4.0,Medium,Low,13,Friday,0,0
3248,Medium,Service Request,Phone,Standard,10,0,13.0,1,3.4,2.0,Low,Low,12,Sunday,0,0
3249,Low,Service Request,Portal,Premium,12,0,12.5,1,15.1,0.0,Medium,Medium,8,Sunday,0,0
3250,Medium,Incident,Portal,Standard,6,2,4.7,2,6.1,2.0,Low,Medium,16,Saturday,0,0
3251,Critical,Incident,Portal,Standard,14,0,4.0,1,8.8,1.0,Low,Medium,2,Monday,0,1
3252,Low,Incident,Portal,Standard,8,4,6.5,2,3.5,2.0,Medium,Low,5,Monday,1,0
3253,High,Incident,Monitoring,Enterprise,6,2,12.3,1,31.4,4.0,Low,Medium,4,Wednesday,0,0
3254,Medium,Incident,Monitoring,Premium,7,2,2.2,3,25.8,2.0,Low,Medium,20,Saturday,1,1
3255,Medium,Incident,Portal,Enterprise,8,0,10.8,1,11.1,3.0,Medium,Medium,5,Thursday,0,0
3256,Low,Problem,Phone,Standard,10,0,0.5,1,14.4,2.0,Low,Medium,12,Wednesday,1,1
3257,Critical,Access,Phone,Standard,7,0,,1,4.4,3.0,Low,Low,13,Tuesday,0,0
3258,Medium,Service Request,Portal,Standard,3,4,3.3,2,4.7,2.0,High,Low,0,Tuesday,0,0
3259,Critical,Incident,Portal,Premium,4,1,3.3,2,5.5,1.0,Low,High,9,Wednesday,0,0
3260,Medium,Service Request,Portal,Standard,10,1,2.3,4,11.5,1.0,Low,Low,16,Friday,0,0
3261,Medium,Problem,Email,Enterprise,3,0,7.3,3,17.0,0.0,High,Low,5,Friday,0,0
3262,High,Incident,Portal,Standard,4,2,0.6,1,17.0,2.0,Low,High,10,Saturday,0,1
3263,Medium,Access,Email,Enterprise,5,2,13.0,1,23.0,3.0,High,Low,13,Saturday,0,1
3264,Medium,Incident,Portal,Enterprise,7,0,5.0,1,7.3,0.0,Low,Low,20,Monday,1,1
3265,High,Service Request,Monitoring,Standard,9,1,7.7,1,8.6,2.0,Low,High,10,Sunday,0,0
3266,Low,Access,Monitoring,Standard,14,2,9.2,2,14.8,2.0,Medium,High,20,Tuesday,0,0
3267,High,Problem,Email,Enterprise,8,2,3.8,3,3.4,3.0,High,Medium,3,Friday,1,1
3268,Medium,Incident,Phone,Enterprise,7,0,11.9,1,5.8,2.0,High,High,7,Friday,0,1
3269,Low,Incident,Portal,Enterprise,15,0,1.2,2,10.1,2.0,Low,Low,8,Friday,0,1
3270,Medium,Incident,Portal,Enterprise,3,0,2.9,1,3.0,2.0,Medium,Medium,11,Saturday,1,1
3271,High,Problem,Portal,Enterprise,12,0,3.3,3,6.4,1.0,Low,Medium,23,Wednesday,0,0
3272,Low,Service Request,Portal,Standard,5,3,10.7,2,1.2,5.0,Low,Medium,19,Tuesday,1,0
3273,Medium,Problem,Portal,Premium,8,0,7.8,4,36.5,7.0,Low,Medium,0,Saturday,1,1
3274,Medium,Service Request,Phone,Enterprise,5,1,6.2,2,5.6,2.0,Low,High,8,Wednesday,1,0
3275,Low,Service Request,Portal,Premium,11,1,7.3,3,7.3,1.0,Medium,Low,18,Wednesday,1,0
3276,Low,Incident,Email,Standard,8,2,1.8,1,6.9,1.0,High,Low,15,Saturday,1,1
3277,High,Service Request,Email,Standard,11,0,2.8,3,19.0,0.0,Low,Medium,22,Wednesday,0,1
3278,Low,Service Request,Portal,Standard,8,1,5.8,1,9.8,2.0,Low,Medium,15,Saturday,0,0
3279,Medium,Incident,Portal,Standard,8,2,1.4,4,20.7,1.0,Low,Low,4,Sunday,0,0
3280,Critical,Access,Phone,Standard,10,2,12.8,2,6.5,2.0,Medium,Medium,3,Saturday,0,1
3281,High,Incident,Portal,Premium,3,0,13.6,3,,2.0,Low,Low,21,Friday,0,1
3282,Low,Service Request,Portal,Standard,7,1,0.7,4,20.1,1.0,Low,Medium,9,Wednesday,1,1
3283,Low,Access,Portal,Premium,9,2,10.1,4,3.0,5.0,Medium,Medium,3,Monday,1,0
3284,High,Service Request,Phone,Enterprise,7,1,9.2,1,10.9,4.0,High,Low,18,Thursday,0,0
3285,Medium,Incident,Monitoring,Enterprise,16,1,10.9,1,3.0,1.0,Medium,Medium,20,Monday,0,0
3286,Low,Incident,Portal,Standard,3,0,5.0,1,31.5,,Low,Low,14,Sunday,0,0
3287,Medium,Access,Portal,Premium,12,1,12.8,2,3.2,0.0,Medium,Medium,15,Sunday,0,0
3288,Medium,Incident,Portal,Standard,5,1,,2,4.0,2.0,Medium,Low,5,Monday,0,0
3289,High,Incident,Email,Premium,8,0,6.5,1,13.1,3.0,High,Low,10,Saturday,0,1
3290,High,Incident,Portal,Premium,11,1,12.8,2,4.3,0.0,Low,Medium,19,Friday,1,0
3291,Medium,Problem,Portal,Enterprise,14,3,5.6,2,1.1,1.0,Low,Low,0,Wednesday,0,0
3292,Critical,Incident,Portal,Premium,7,1,1.0,2,5.7,0.0,Medium,High,20,Thursday,0,0
3293,High,Service Request,Phone,Standard,10,1,8.0,1,15.2,0.0,Low,Low,0,Tuesday,0,1
3294,Medium,Access,Email,Standard,15,2,7.5,2,16.0,3.0,Low,Low,7,Monday,0,0
3295,High,Service Request,Phone,Standard,9,2,,1,2.9,3.0,Low,Medium,10,Wednesday,0,0
3296,Low,Incident,Monitoring,Standard,13,2,8.1,1,6.5,,Medium,Low,0,Wednesday,0,0
3297,Medium,Access,Portal,Standard,5,1,5.0,1,10.3,2.0,Low,Medium,18,Saturday,0,0
3298,Low,Incident,Email,Standard,7,2,11.7,2,3.3,2.0,Low,High,12,Friday,1,1
3299,High,Incident,Email,Enterprise,10,2,12.7,1,28.5,3.0,Medium,High,7,Wednesday,0,1
3300,Low,Incident,Phone,Enterprise,4,1,13.6,1,19.0,1.0,High,Low,13,Tuesday,0,1
3301,Low,Incident,Portal,Standard,8,0,6.0,2,14.2,4.0,Medium,Low,3,Wednesday,0,1
3302,Medium,Problem,Email,Standard,6,0,4.2,1,7.6,0.0,Medium,Low,23,Monday,1,1
3303,Medium,Incident,Email,Standard,7,2,0.7,1,9.1,1.0,Low,Medium,23,Saturday,0,1
3304,Low,Incident,Portal,Standard,9,0,8.1,2,11.4,6.0,Medium,Medium,21,Monday,0,1
3305,Low,Incident,Email,Premium,15,0,11.6,2,8.8,0.0,Low,Medium,3,Tuesday,1,0
3306,High,Incident,Phone,Premium,9,2,5.5,3,2.4,5.0,Low,Low,22,Saturday,1,0
3307,High,Incident,Phone,Standard,10,0,1.5,2,14.2,2.0,Low,Low,9,Tuesday,0,0
3308,Low,Service Request,Monitoring,Enterprise,10,0,12.2,2,13.4,3.0,Medium,High,16,Thursday,0,0
3309,Low,Incident,Portal,Enterprise,6,2,12.7,1,18.6,2.0,Medium,Medium,23,Thursday,1,0
3310,Critical,Incident,Email,Enterprise,7,0,10.9,2,19.1,0.0,Medium,Medium,14,Friday,0,1
3311,Medium,Service Request,Monitoring,Premium,8,4,11.4,2,2.0,1.0,Medium,Medium,1,Saturday,0,0
3312,Medium,Incident,Portal,Standard,8,1,5.1,2,9.2,1.0,Medium,Low,9,Wednesday,0,0
3313,High,Service Request,Email,Standard,4,1,4.4,1,9.7,2.0,Medium,Low,22,Tuesday,1,1
3314,Medium,Incident,Portal,Standard,9,1,10.2,1,3.1,4.0,Medium,Medium,13,Wednesday,0,1
3315,Medium,Incident,Portal,Standard,11,0,14.4,1,1.1,4.0,Low,Low,0,Thursday,0,0
3316,Critical,Problem,Email,Standard,5,1,10.7,1,4.4,,Medium,High,9,Sunday,0,0
3317,Low,Access,Portal,Premium,10,5,5.5,1,22.7,4.0,Low,Low,3,Friday,0,1
3318,Low,Service Request,Portal,Enterprise,7,0,9.4,1,11.0,2.0,Low,Low,1,Thursday,1,1
3319,Low,Incident,Email,Standard,10,3,4.6,1,11.9,2.0,Low,Medium,3,Tuesday,1,1
3320,High,Service Request,Portal,Enterprise,7,1,11.0,3,12.3,3.0,High,Low,18,Saturday,1,0
3321,Critical,Incident,Phone,Standard,8,1,9.3,1,7.2,1.0,Low,High,15,Sunday,0,0
3322,Medium,Incident,Phone,Standard,7,1,1.8,2,15.5,3.0,High,Medium,17,Saturday,0,1
3323,Medium,Problem,Portal,Premium,5,2,7.9,1,7.4,1.0,Low,High,11,Wednesday,0,0
3324,Low,Service Request,Email,Standard,8,1,12.6,2,3.0,1.0,Low,Medium,9,Saturday,1,0
3325,Medium,Service Request,Monitoring,Premium,7,1,3.0,2,9.4,0.0,Medium,Low,9,Tuesday,1,0
3326,Critical,Incident,Portal,Premium,4,1,14.1,4,13.2,1.0,High,Low,2,Saturday,0,0
3327,Critical,Incident,Portal,Premium,4,0,8.9,1,3.0,4.0,High,Low,8,Monday,1,0
3328,Medium,Service Request,Email,Enterprise,8,0,,1,6.2,2.0,Low,Low,2,Friday,0,0
3329,Low,Incident,Portal,Standard,10,2,8.3,1,6.8,3.0,High,Low,6,Monday,0,0
3330,Medium,Service Request,Portal,Standard,11,0,0.9,1,13.3,1.0,Low,High,14,Saturday,0,0
3331,Medium,Service Request,Portal,Enterprise,7,1,2.2,1,14.9,3.0,Low,Medium,15,Monday,0,1
3332,High,Service Request,Email,Enterprise,3,0,0.6,1,10.2,3.0,Low,Medium,23,Wednesday,0,0
3333,Medium,Service Request,Phone,Premium,6,0,14.7,1,6.9,2.0,Low,Low,12,Friday,1,0
3334,Low,Access,Email,Standard,8,4,1.3,4,2.7,3.0,Low,Low,12,Wednesday,0,0
3335,Critical,Problem,Portal,Enterprise,5,1,14.8,2,28.5,2.0,High,Medium,13,Monday,1,0
3336,Medium,Service Request,Email,Premium,8,1,13.1,2,2.2,2.0,Low,High,22,Wednesday,0,0
3337,Low,Service Request,Portal,Premium,9,1,8.2,2,19.0,4.0,Low,Low,2,Wednesday,1,0
3338,Low,Incident,Portal,Standard,11,0,12.0,4,3.8,5.0,High,Medium,13,Wednesday,1,0
3339,High,Service Request,Email,Premium,7,2,4.5,1,7.5,1.0,Medium,Low,3,Friday,0,0
3340,Low,Incident,Phone,Standard,9,0,7.8,1,21.5,4.0,Low,High,2,Thursday,1,1
3341,Medium,Access,Phone,Premium,7,3,4.4,1,9.5,3.0,Medium,Medium,1,Sunday,0,1
3342,Low,Access,Email,Premium,9,1,7.5,2,7.0,2.0,Low,Low,20,Saturday,0,0
3343,Low,Incident,Phone,Enterprise,5,2,7.8,1,6.0,3.0,Low,Medium,20,Wednesday,0,0
3344,Low,Problem,Email,Standard,4,0,11.4,3,7.8,2.0,Medium,High,20,Thursday,0,0
3345,High,Problem,Phone,Standard,8,3,1.5,2,12.7,2.0,Low,Medium,16,Tuesday,0,0
3346,Critical,Incident,Portal,Standard,12,1,8.2,2,14.0,0.0,Medium,Low,18,Sunday,1,1
3347,High,Service Request,Email,Standard,10,0,9.6,1,8.6,,Low,Low,16,Sunday,0,0
3348,Low,Incident,Email,Premium,8,1,7.1,2,15.2,1.0,High,High,22,Tuesday,1,0
3349,Medium,Incident,Portal,Standard,12,2,14.6,2,6.2,3.0,High,Medium,13,Wednesday,0,0
3350,High,Incident,Email,Premium,12,1,14.4,1,10.5,1.0,Low,Low,23,Tuesday,0,1
3351,Medium,Incident,Phone,Premium,7,2,8.0,1,,0.0,Low,Low,23,Saturday,0,0
3352,Critical,Service Request,Email,Standard,9,2,8.1,1,5.9,1.0,Medium,Low,14,Tuesday,0,0
3353,Low,Service Request,Email,Premium,11,0,7.7,1,8.8,1.0,Medium,Low,1,Friday,0,0
3354,High,Access,Portal,Standard,5,0,14.6,1,4.4,3.0,Low,Low,20,Thursday,0,0
3355,High,Access,Portal,Enterprise,6,2,3.1,2,16.5,0.0,Medium,Medium,6,Friday,0,1
3356,Low,Incident,Monitoring,Premium,7,2,5.7,3,9.9,0.0,Low,Low,19,Wednesday,1,0
3357,Low,Incident,Email,Standard,9,0,2.1,2,9.0,2.0,Medium,Low,13,Monday,1,1
3358,High,Problem,Phone,Premium,8,3,12.2,2,8.6,1.0,High,High,12,Wednesday,0,0
3359,Low,Incident,Phone,Standard,8,1,7.7,2,2.4,2.0,Medium,Medium,8,Friday,0,0
3360,Critical,Problem,Portal,Premium,7,2,9.3,4,7.8,1.0,High,Medium,5,Wednesday,0,0
3361,Low,Service Request,Phone,Standard,11,4,4.2,1,8.0,2.0,Low,Low,15,Saturday,0,0
3362,Low,Service Request,Phone,Standard,8,0,5.2,1,6.0,1.0,Low,Low,22,Thursday,0,0
3363,Low,Incident,Email,Enterprise,4,0,6.0,2,13.5,4.0,Medium,Medium,9,Saturday,1,0
3364,Medium,Service Request,Portal,Enterprise,8,1,5.8,3,17.5,1.0,Medium,Low,16,Saturday,1,0
3365,Medium,Service Request,Email,Premium,14,3,12.9,1,3.3,0.0,Low,Medium,15,Thursday,1,1
3366,Critical,Incident,Monitoring,Standard,9,2,1.3,2,6.6,1.0,Low,Low,20,Wednesday,0,0
3367,Low,Incident,Phone,Enterprise,10,1,5.6,1,11.5,1.0,High,Medium,8,Monday,0,0
3368,Critical,Problem,Portal,Standard,8,0,6.7,1,13.6,0.0,High,Low,10,Tuesday,0,0
3369,Medium,Problem,Email,Enterprise,6,2,14.5,1,8.7,3.0,Medium,Low,3,Thursday,0,0
3370,Low,Service Request,Portal,Enterprise,4,0,1.8,1,5.9,1.0,High,Low,11,Wednesday,0,1
3371,High,Incident,Portal,Standard,10,0,10.0,1,27.5,2.0,Low,Medium,18,Thursday,1,1
3372,Medium,Access,Portal,Premium,6,0,6.1,1,11.9,2.0,Low,Low,21,Tuesday,0,1
3373,Medium,Incident,Phone,Standard,10,1,1.4,1,5.9,4.0,Medium,Low,14,Tuesday,0,0
3374,Medium,Incident,Email,Standard,7,0,5.3,1,1.7,3.0,High,Low,19,Sunday,1,1
3375,Medium,Incident,Portal,Premium,8,2,4.7,1,5.4,2.0,Low,High,8,Tuesday,0,0
3376,Medium,Incident,Portal,Premium,7,2,4.8,1,10.1,2.0,Low,Low,3,Wednesday,0,0
3377,Medium,Incident,Monitoring,Premium,5,0,2.5,1,9.6,6.0,Low,Medium,8,Sunday,0,0
3378,Medium,Incident,Portal,Premium,8,2,8.7,1,12.5,4.0,High,Low,11,Tuesday,0,0
3379,Medium,Access,Email,Premium,9,1,8.3,2,10.8,1.0,Medium,Low,6,Thursday,0,0
3380,Medium,Incident,Portal,Standard,6,0,9.6,2,6.2,,Low,Medium,23,Monday,0,0
3381,High,Access,Email,Standard,9,1,13.3,4,9.6,1.0,High,Low,14,Friday,0,1
3382,High,Incident,Phone,Premium,6,1,10.5,1,14.0,3.0,Low,Medium,7,Saturday,0,0
3383,Medium,Service Request,Phone,Premium,9,2,2.2,1,17.1,0.0,Low,High,15,Thursday,1,0
3384,Medium,Service Request,Email,Premium,11,0,4.0,1,2.9,2.0,Low,Medium,13,Wednesday,1,0
3385,Critical,Service Request,Phone,Standard,13,1,10.0,2,10.0,1.0,Low,High,7,Sunday,0,0
3386,Medium,Service Request,Email,Standard,7,0,7.5,3,15.3,0.0,Medium,Low,15,Sunday,0,0
3387,Low,Incident,Email,Premium,5,3,13.2,1,10.5,1.0,High,Medium,4,Friday,0,0
3388,Critical,Access,Phone,Premium,11,2,4.1,2,13.5,1.0,Medium,High,9,Thursday,0,1
3389,High,Incident,Email,Standard,6,1,2.6,1,9.7,,Medium,Low,12,Thursday,1,0
3390,Medium,Service Request,Portal,Premium,12,2,2.6,1,2.9,3.0,Low,High,8,Thursday,1,0
3391,Low,Incident,Monitoring,Premium,6,0,8.1,1,9.6,4.0,High,High,3,Sunday,0,1
3392,Medium,Incident,Email,Standard,8,0,13.6,1,10.5,6.0,Medium,Low,2,Monday,0,0
3393,Critical,Incident,Portal,Standard,5,2,14.4,1,10.2,2.0,Medium,Medium,23,Sunday,1,1
3394,Low,Service Request,Portal,Standard,4,2,5.7,1,6.8,4.0,Medium,Low,21,Friday,0,0
3395,High,Service Request,Email,Enterprise,9,1,11.9,1,3.4,0.0,Medium,Low,10,Tuesday,1,0
3396,High,Access,Email,Standard,6,4,11.1,1,7.4,2.0,High,Low,10,Tuesday,1,1
3397,High,Service Request,Portal,Premium,4,2,6.1,1,18.6,2.0,Medium,Low,21,Saturday,1,1
3398,Low,Incident,Phone,Premium,7,2,2.3,1,,0.0,Medium,Low,23,Thursday,0,0
3399,Low,Service Request,Phone,Premium,8,1,6.4,1,2.8,3.0,Low,Medium,19,Wednesday,1,0
3400,Medium,Service Request,Portal,Standard,6,2,10.8,1,,1.0,Low,Medium,10,Monday,1,0
3401,Low,Incident,Phone,Standard,10,4,2.8,1,22.2,1.0,Low,Medium,19,Saturday,0,1
3402,Medium,Problem,Email,Premium,8,0,8.4,3,8.9,1.0,Low,High,2,Tuesday,0,0
3403,High,Incident,Portal,Enterprise,11,1,7.4,2,15.7,1.0,Medium,Low,11,Saturday,0,0
3404,High,Incident,Email,Enterprise,9,0,3.6,1,4.4,,Low,Medium,0,Wednesday,0,1
3405,Medium,Incident,Portal,Enterprise,4,1,8.4,1,3.6,1.0,Low,Low,22,Monday,0,0
3406,Low,Service Request,Email,Standard,6,2,10.3,3,13.8,3.0,High,High,15,Thursday,0,0
3407,Medium,Service Request,Portal,Enterprise,4,4,14.8,1,13.9,1.0,Low,Low,3,Monday,0,0
3408,High,Problem,Portal,Standard,4,4,9.0,1,7.3,0.0,Low,High,3,Tuesday,1,1
3409,Low,Incident,Portal,Standard,9,0,6.5,3,5.5,3.0,Low,Medium,18,Wednesday,0,0
3410,Medium,Service Request,Portal,Standard,5,2,13.1,2,5.7,0.0,Low,Medium,23,Friday,1,0
3411,Medium,Access,Phone,Standard,6,0,7.8,2,17.8,3.0,Low,Medium,17,Thursday,0,0
3412,Medium,Incident,Phone,Premium,8,0,2.3,2,5.2,2.0,Low,Medium,12,Sunday,1,0
3413,Medium,Incident,Portal,Enterprise,3,1,14.1,1,13.6,1.0,High,Low,10,Saturday,0,0
3414,Low,Service Request,Portal,Premium,12,1,3.7,3,9.0,2.0,Low,Medium,13,Saturday,0,0
3415,Low,Incident,Portal,Premium,7,0,13.5,1,11.7,0.0,Medium,Low,1,Wednesday,0,0
3416,Low,Service Request,Portal,Standard,4,1,9.5,1,10.0,1.0,High,Medium,1,Saturday,0,0
3417,Critical,Service Request,Portal,Premium,3,0,11.8,1,12.8,1.0,Medium,Low,20,Saturday,1,0
3418,Medium,Incident,Portal,Standard,5,1,12.8,1,2.6,5.0,Low,Medium,8,Wednesday,0,0
3419,Low,Problem,Portal,Standard,4,0,12.9,3,9.0,0.0,Low,Medium,14,Tuesday,0,1
3420,Medium,Service Request,Monitoring,Premium,4,1,2.8,3,12.5,2.0,Low,Low,6,Tuesday,0,1
3421,Low,Incident,Portal,Standard,9,1,12.5,1,48.6,7.0,Low,Low,11,Tuesday,0,1
3422,Medium,Incident,Portal,Premium,7,0,4.3,1,4.1,3.0,Low,Low,6,Tuesday,0,0
3423,High,Service Request,Portal,Standard,9,1,0.5,2,18.7,1.0,Medium,Medium,15,Wednesday,0,1
3424,Low,Incident,Email,Standard,11,1,10.6,1,7.6,1.0,Medium,Low,15,Sunday,1,0
3425,High,Problem,Email,Enterprise,4,2,10.2,1,15.0,1.0,Medium,High,12,Monday,0,1
3426,Medium,Incident,Email,Premium,9,2,8.0,2,8.1,2.0,Low,Medium,5,Thursday,0,0
3427,Medium,Service Request,Portal,Standard,9,1,11.9,1,8.7,,Low,Low,20,Wednesday,1,1
3428,High,Incident,Portal,Premium,14,0,9.6,4,1.3,3.0,Low,Medium,13,Friday,0,0
3429,Medium,Incident,Monitoring,Standard,6,0,8.9,1,19.2,1.0,Medium,Low,21,Monday,0,1
3430,High,Access,Portal,Standard,8,3,7.1,1,13.4,1.0,Medium,Low,7,Monday,0,1
3431,High,Incident,Phone,Premium,13,0,11.7,1,6.3,2.0,Low,Medium,10,Thursday,0,0
3432,High,Access,Portal,Standard,15,1,14.0,4,22.2,5.0,High,Low,2,Wednesday,0,0
3433,Medium,Incident,Portal,Standard,8,3,12.5,2,10.2,1.0,Low,Low,8,Saturday,1,0
3434,Low,Problem,Email,Premium,9,2,6.4,1,9.6,4.0,Medium,Low,16,Friday,0,1
3435,Low,Incident,Phone,Premium,10,0,14.8,1,14.1,0.0,Medium,Medium,8,Wednesday,0,0
3436,Medium,Incident,Email,Premium,12,1,5.9,1,8.4,1.0,Low,Low,13,Sunday,1,0
3437,Critical,Incident,Monitoring,Enterprise,8,2,11.9,2,5.6,0.0,Medium,Low,11,Tuesday,1,0
3438,Medium,Access,Portal,Premium,10,1,12.0,1,10.1,0.0,Medium,Medium,23,Wednesday,0,0
3439,High,Incident,Phone,Standard,7,1,4.8,2,2.2,1.0,Low,Low,23,Tuesday,0,0
3440,Critical,Incident,Phone,Standard,8,2,13.4,1,12.1,3.0,Low,Medium,22,Sunday,0,0
3441,Medium,Problem,Portal,Enterprise,12,2,9.1,1,11.1,2.0,Medium,High,23,Saturday,0,1
3442,High,Service Request,Portal,Premium,9,3,1.6,2,11.3,2.0,Medium,Medium,0,Tuesday,0,0
3443,Low,Service Request,Portal,Standard,4,2,3.4,1,16.4,5.0,Medium,Low,14,Sunday,0,0
3444,Critical,Incident,Portal,Premium,11,1,3.3,2,10.6,2.0,Medium,Low,21,Sunday,1,0
3445,High,Incident,Email,Standard,8,2,1.3,1,8.9,0.0,Low,High,4,Friday,0,1
3446,Medium,Incident,Portal,Standard,2,1,14.8,3,11.4,0.0,Medium,Medium,17,Friday,0,0
3447,Critical,Incident,Portal,Standard,8,2,9.9,1,21.7,5.0,Low,Medium,5,Sunday,0,0
3448,Low,Problem,Email,Standard,5,5,4.1,4,6.4,1.0,Low,Low,12,Saturday,1,1
3449,High,Incident,Email,Standard,7,1,6.9,3,3.4,3.0,Medium,Low,2,Friday,0,0
3450,High,Incident,Email,Premium,7,1,5.7,1,16.4,0.0,Low,High,13,Sunday,0,1
3451,Medium,Incident,Portal,Premium,6,1,3.7,1,9.2,1.0,Medium,High,11,Thursday,0,0
3452,Low,Service Request,Portal,Standard,3,0,0.8,3,19.2,2.0,High,Low,8,Friday,1,1
3453,Medium,Incident,Portal,Enterprise,6,0,9.0,2,6.9,2.0,Medium,Medium,14,Saturday,1,0
3454,High,Incident,Email,Premium,9,0,8.8,2,6.4,1.0,Low,Medium,2,Thursday,1,0
3455,Low,Incident,Portal,Premium,7,0,4.0,2,4.1,2.0,Low,High,9,Thursday,1,0
3456,Medium,Incident,Portal,Standard,7,1,13.4,1,11.6,1.0,Low,Medium,2,Friday,0,0
3457,High,Problem,Portal,Standard,7,0,8.2,1,4.3,3.0,High,Low,3,Friday,1,0
3458,Medium,Service Request,Portal,Premium,10,1,14.0,2,4.8,3.0,Low,Medium,20,Thursday,0,0
3459,High,Incident,Email,Enterprise,4,0,3.2,2,10.3,1.0,Medium,Medium,6,Sunday,1,0
3460,Medium,Incident,Email,Enterprise,7,2,14.6,1,7.1,1.0,Low,Medium,14,Monday,1,0
3461,Low,Service Request,Portal,Standard,8,1,11.6,2,6.0,3.0,Low,Low,23,Friday,1,0
3462,Medium,Incident,Monitoring,Premium,9,1,9.9,1,7.3,1.0,Low,Low,18,Thursday,1,1
3463,Medium,Service Request,Portal,Enterprise,10,2,9.8,1,4.6,0.0,Low,Low,19,Thursday,0,0
3464,Critical,Incident,Monitoring,Premium,10,2,5.3,3,2.7,1.0,High,Low,5,Wednesday,0,1
3465,Low,Incident,Monitoring,Standard,4,0,4.9,2,6.2,2.0,Low,Low,16,Tuesday,0,0
3466,Low,Access,Phone,Premium,10,3,14.0,1,15.7,1.0,Low,High,8,Saturday,0,0
3467,Critical,Incident,Portal,Enterprise,5,1,3.5,1,3.5,0.0,Medium,Low,16,Thursday,0,0
3468,Medium,Incident,Portal,Premium,9,3,12.0,2,8.1,1.0,Low,Low,11,Wednesday,1,0
3469,Medium,Service Request,Email,Enterprise,11,2,3.8,2,12.3,2.0,Medium,Low,4,Wednesday,0,0
3470,Low,Incident,Monitoring,Standard,9,2,13.5,1,5.6,3.0,Low,High,20,Saturday,1,1
3471,Medium,Service Request,Portal,Standard,11,2,11.8,1,6.2,0.0,Medium,Medium,2,Sunday,0,0
3472,High,Service Request,Portal,Standard,6,2,5.1,3,4.0,2.0,High,Medium,17,Tuesday,1,1
3473,Medium,Incident,Email,Enterprise,8,1,2.1,2,14.9,4.0,Low,Low,10,Friday,1,0
3474,Low,Incident,Portal,Premium,6,2,9.5,1,4.9,0.0,Low,Low,2,Thursday,0,0
3475,High,Service Request,Portal,Standard,14,1,4.7,1,16.3,1.0,Low,Medium,23,Tuesday,0,0
3476,Low,Incident,Portal,Enterprise,6,1,14.9,1,6.9,2.0,Medium,Medium,4,Sunday,0,0
3477,Medium,Incident,Portal,Premium,8,0,3.1,2,15.4,2.0,Low,Medium,3,Monday,0,0
3478,Low,Incident,Email,Standard,4,0,2.7,1,7.2,1.0,Low,Medium,18,Sunday,0,0
3479,Low,Service Request,Email,Standard,9,1,10.4,2,4.3,4.0,Low,Low,15,Thursday,0,0
3480,Critical,Service Request,Email,Premium,6,0,9.4,1,7.8,2.0,High,Low,23,Saturday,1,0
3481,Medium,Incident,Portal,Enterprise,16,1,10.5,2,7.7,2.0,Low,Low,20,Saturday,1,0
3482,Low,Problem,Email,Premium,5,0,7.2,3,17.0,0.0,Low,Medium,23,Friday,0,0
3483,Low,Incident,Monitoring,Enterprise,6,0,13.3,2,14.9,2.0,High,Low,14,Tuesday,0,1
3484,High,Incident,Monitoring,Standard,8,4,14.4,1,12.6,4.0,High,Medium,3,Thursday,0,0
3485,Critical,Service Request,Portal,Premium,7,1,11.2,2,5.5,3.0,Medium,Low,23,Sunday,1,1
3486,Low,Service Request,Phone,Premium,7,1,13.6,1,1.2,1.0,Low,Low,6,Friday,1,0
3487,Medium,Service Request,Portal,Premium,12,1,15.0,2,4.8,3.0,Low,Low,20,Thursday,0,0
3488,Low,Incident,Email,Standard,5,3,3.3,3,,6.0,Low,High,1,Thursday,0,1
3489,Critical,Incident,Portal,Standard,9,2,6.0,3,21.6,1.0,Medium,Medium,12,Thursday,1,0
3490,Medium,Incident,Portal,Enterprise,14,2,9.5,1,7.2,3.0,Low,Low,17,Tuesday,1,1
3491,Medium,Incident,Phone,Premium,10,1,1.0,2,14.8,2.0,High,Low,7,Wednesday,0,1
3492,Low,Service Request,Phone,Premium,9,1,14.8,2,10.4,4.0,Low,Medium,20,Tuesday,1,0
3493,Medium,Service Request,Portal,Premium,14,0,,1,4.9,2.0,Low,High,22,Sunday,0,0
3494,Medium,Service Request,Phone,Standard,6,1,0.7,1,7.4,3.0,Medium,Medium,12,Wednesday,0,0
3495,Critical,Access,Email,Standard,11,2,9.0,1,21.1,1.0,Low,High,1,Thursday,0,0
3496,High,Incident,Phone,Premium,6,1,10.6,2,14.8,2.0,High,Low,11,Saturday,0,1
3497,Low,Service Request,Email,Premium,7,2,2.3,2,14.3,3.0,Medium,Medium,0,Saturday,0,0
3498,Medium,Incident,Email,Premium,6,1,11.0,1,1.7,1.0,Low,Low,20,Saturday,0,0
3499,Low,Incident,Portal,Standard,7,1,0.6,2,0.9,0.0,High,High,9,Friday,0,0
3500,Critical,Incident,Email,Standard,8,1,1.7,1,1.9,0.0,Low,Low,0,Friday,0,0
3501,Low,Incident,Portal,Standard,12,0,1.6,1,11.6,1.0,Low,Low,5,Tuesday,0,0
3502,Critical,Service Request,Portal,Enterprise,8,0,5.1,1,12.7,2.0,Low,Low,21,Tuesday,1,0
3503,Medium,Service Request,Phone,Premium,9,1,5.1,1,10.1,3.0,Low,Medium,5,Tuesday,0,1
3504,Low,Service Request,Phone,Standard,6,0,13.0,3,8.7,2.0,Medium,Medium,11,Friday,1,0
3505,High,Incident,Phone,Standard,7,2,4.5,1,12.9,4.0,Medium,High,10,Saturday,0,1
3506,Medium,Access,Portal,Enterprise,9,3,3.5,2,,1.0,Medium,Medium,13,Wednesday,1,1
3507,Medium,Incident,Portal,Standard,6,3,6.6,2,,0.0,Low,High,16,Friday,0,1
3508,Medium,Problem,Phone,Standard,7,2,1.1,1,5.6,3.0,Low,Low,16,Monday,0,1
3509,High,Service Request,Email,Standard,9,0,12.1,2,6.2,1.0,Medium,Low,2,Saturday,0,0
3510,Low,Problem,Portal,Standard,5,1,2.3,2,5.4,0.0,Low,Low,8,Tuesday,0,0
3511,High,Incident,Portal,Premium,10,0,11.5,1,6.3,0.0,Low,Low,16,Wednesday,0,0
3512,Medium,Incident,Portal,Standard,14,1,5.7,1,18.9,2.0,Medium,Low,3,Wednesday,0,0
3513,Medium,Incident,Email,Standard,8,1,0.7,1,15.7,,Medium,Medium,21,Monday,0,1
3514,Low,Incident,Monitoring,Enterprise,4,1,12.5,2,8.9,1.0,Medium,Medium,20,Tuesday,1,0
3515,High,Service Request,Phone,Standard,9,1,9.8,1,6.5,1.0,Low,High,13,Monday,0,1
3516,Low,Incident,Portal,Standard,4,0,14.4,2,13.0,2.0,High,Low,0,Wednesday,0,1
3517,Low,Problem,Portal,Premium,2,1,2.4,2,8.8,1.0,High,High,23,Thursday,0,0
3518,Low,Problem,Phone,Standard,9,0,13.4,2,11.4,1.0,Medium,High,23,Monday,0,0
3519,Low,Incident,Email,Standard,9,3,14.5,1,4.7,2.0,Low,Low,12,Monday,0,0
3520,Low,Problem,Portal,Premium,6,2,,2,5.6,0.0,Medium,Low,3,Thursday,1,0
3521,Low,Incident,Email,Standard,5,0,2.0,2,12.1,2.0,Low,High,15,Friday,0,0
3522,Low,Problem,Email,Standard,10,1,3.6,2,0.5,5.0,Medium,Low,0,Wednesday,0,0
3523,Medium,Service Request,Monitoring,Standard,9,0,11.3,2,21.3,3.0,Low,High,9,Friday,1,0
3524,Critical,Incident,Phone,Premium,7,2,12.0,1,7.7,0.0,Medium,Low,17,Sunday,0,0
3525,Low,Access,Phone,Standard,3,1,7.9,1,5.1,1.0,High,Medium,2,Wednesday,0,0
3526,High,Incident,Monitoring,Premium,7,0,3.9,1,10.6,3.0,Low,Low,4,Wednesday,1,1
3527,Medium,Incident,Portal,Premium,10,0,10.3,1,4.1,3.0,Medium,High,18,Friday,0,0
3528,Medium,Access,Email,Enterprise,6,1,6.1,2,5.8,0.0,Low,Low,0,Tuesday,0,0
3529,Medium,Service Request,Portal,Standard,6,1,3.8,1,10.1,1.0,High,Medium,9,Friday,0,1
3530,High,Access,Portal,Standard,10,2,10.4,4,4.5,2.0,High,Medium,15,Wednesday,0,0
3531,High,Incident,Email,Standard,9,1,3.6,1,12.3,2.0,High,Medium,0,Friday,1,1
3532,Low,Access,Portal,Premium,5,2,5.0,1,8.7,2.0,Medium,Low,21,Sunday,0,0
3533,Medium,Incident,Monitoring,Premium,10,0,3.2,1,4.3,2.0,Low,High,11,Thursday,1,0
3534,Medium,Service Request,Phone,Premium,9,2,6.6,1,13.0,1.0,Low,Medium,11,Thursday,1,0
3535,Medium,Incident,Phone,Standard,4,0,4.2,3,9.2,0.0,Low,High,18,Thursday,1,1
3536,Critical,Problem,Monitoring,Enterprise,9,1,5.6,1,33.3,1.0,High,Medium,9,Tuesday,0,1
3537,Medium,Incident,Portal,Premium,8,0,1.7,1,5.6,1.0,Low,Low,10,Thursday,1,1
3538,Low,Incident,Email,Standard,8,1,8.8,2,15.4,2.0,High,Low,21,Tuesday,0,0
3539,Low,Incident,Portal,Enterprise,12,1,7.1,4,7.6,2.0,Low,Low,11,Sunday,1,0
3540,Low,Service Request,Portal,Premium,8,1,,1,4.5,3.0,Medium,Medium,20,Saturday,1,0
3541,Medium,Incident,Portal,Standard,11,0,12.9,1,10.8,4.0,Low,Medium,10,Wednesday,0,0
3542,Medium,Access,Email,Premium,8,1,7.7,2,7.8,3.0,High,Low,9,Saturday,0,0
3543,Medium,Incident,Email,Standard,4,0,13.5,1,5.1,4.0,Low,Low,19,Tuesday,0,0
3544,Medium,Incident,Phone,Premium,9,1,3.9,1,3.8,1.0,High,Low,20,Thursday,0,0
3545,Medium,Incident,Portal,Premium,6,3,2.3,1,12.4,1.0,Low,Medium,11,Tuesday,0,0
3546,Medium,Access,Email,Premium,7,0,11.1,2,3.4,3.0,Low,High,2,Friday,0,0
3547,Low,Incident,Portal,Standard,7,0,2.4,1,6.2,1.0,Medium,Medium,5,Wednesday,1,1
3548,Medium,Problem,Portal,Standard,8,1,7.9,2,7.7,3.0,Medium,High,3,Tuesday,0,0
3549,Low,Incident,Phone,Standard,9,0,8.1,2,4.5,2.0,Medium,High,15,Thursday,0,0
3550,Low,Service Request,Email,Standard,7,1,13.5,3,9.0,1.0,Low,Low,22,Saturday,0,0
3551,Medium,Service Request,Portal,Standard,3,1,12.5,2,1.6,0.0,Low,Low,11,Monday,1,0
3552,Medium,Incident,Portal,Premium,12,0,7.7,1,12.1,0.0,Low,Low,5,Saturday,0,0
3553,Medium,Service Request,Portal,Standard,9,1,4.6,4,12.6,4.0,Low,Medium,2,Saturday,0,1
3554,High,Access,Portal,Enterprise,5,1,14.1,1,2.7,1.0,Low,High,15,Friday,0,0
3555,Medium,Incident,Phone,Premium,4,0,5.1,1,15.4,1.0,Low,Medium,12,Monday,0,1
3556,High,Incident,Phone,Premium,8,4,9.5,2,6.8,4.0,High,High,0,Wednesday,1,1
3557,Medium,Incident,Monitoring,Standard,10,1,1.6,1,2.9,1.0,Low,Medium,20,Saturday,1,0
3558,Medium,Service Request,Email,Premium,6,1,10.7,1,6.0,2.0,Low,Low,8,Thursday,0,0
3559,High,Incident,Phone,Standard,4,1,5.6,1,13.7,1.0,High,Low,1,Wednesday,0,1
3560,High,Incident,Email,Standard,6,1,7.9,2,4.3,0.0,Low,Low,21,Friday,0,0
3561,Medium,Service Request,Portal,Premium,4,2,12.2,2,5.0,4.0,Medium,Low,6,Tuesday,0,1
3562,Low,Incident,Email,Standard,7,0,9.9,1,4.6,1.0,Low,Medium,20,Saturday,1,0
3563,Critical,Incident,Email,Premium,5,2,10.6,2,3.9,1.0,High,Low,16,Sunday,0,0
3564,Medium,Service Request,Portal,Premium,7,1,10.9,1,2.0,,Low,Low,4,Sunday,1,1
3565,High,Service Request,Email,Standard,10,1,8.3,1,7.4,1.0,Low,Medium,5,Wednesday,0,1
3566,Critical,Service Request,Portal,Standard,5,0,12.0,2,17.2,2.0,Medium,High,22,Monday,0,0
3567,Low,Service Request,Portal,Premium,7,3,2.4,2,6.7,1.0,Low,Medium,11,Wednesday,1,1
3568,Critical,Incident,Phone,Enterprise,4,3,14.5,2,8.8,1.0,High,Medium,12,Saturday,0,0
3569,Medium,Incident,Monitoring,Standard,9,0,10.4,1,6.2,4.0,Medium,Low,4,Thursday,0,0
3570,Medium,Problem,Email,Standard,9,0,3.6,1,6.8,2.0,Medium,High,10,Friday,0,1
3571,Medium,Service Request,Email,Premium,14,2,5.3,2,2.7,2.0,Low,Low,8,Sunday,0,0
3572,Low,Incident,Email,Standard,9,1,7.0,1,5.9,2.0,Medium,Low,16,Saturday,1,0
3573,Medium,Service Request,Email,Premium,8,4,2.3,1,7.5,4.0,Low,Medium,20,Friday,0,0
3574,Medium,Access,Portal,Enterprise,3,3,10.4,1,5.6,0.0,Low,Medium,22,Saturday,0,0
3575,Medium,Incident,Portal,Premium,9,3,1.6,1,3.9,5.0,Low,Low,10,Monday,1,0
3576,Low,Incident,Email,Standard,7,1,2.2,3,13.6,3.0,High,Low,11,Friday,0,1
3577,Medium,Access,Phone,Premium,9,2,14.5,2,10.2,4.0,Low,Low,4,Wednesday,0,1
3578,Medium,Incident,Phone,Premium,11,0,12.7,2,19.9,0.0,Medium,Low,1,Monday,1,1
3579,High,Problem,Portal,Enterprise,10,1,14.0,1,12.5,1.0,Medium,High,7,Wednesday,1,0
3580,High,Problem,Portal,Standard,5,0,2.1,3,6.1,0.0,Low,High,11,Sunday,0,0
3581,Medium,Incident,Email,Standard,4,0,10.3,1,9.9,3.0,Low,Low,13,Tuesday,0,0
3582,Low,Incident,Portal,Standard,11,0,3.2,1,7.0,4.0,Medium,Medium,4,Friday,0,0
3583,Medium,Incident,Portal,Standard,8,3,7.2,3,,1.0,Low,Low,19,Thursday,1,1
3584,Medium,Service Request,Phone,Standard,9,0,7.6,1,15.7,0.0,Low,Low,8,Wednesday,1,0
3585,Critical,Incident,Monitoring,Premium,9,1,,1,22.4,2.0,High,High,11,Sunday,0,1
3586,Medium,Incident,Phone,Standard,9,0,4.8,1,6.9,0.0,Medium,High,8,Saturday,0,0
3587,Medium,Incident,Portal,Standard,7,0,7.5,2,9.8,2.0,Medium,Medium,17,Saturday,1,0
3588,Low,Incident,Monitoring,Premium,8,2,10.0,2,9.5,1.0,Low,Medium,12,Thursday,0,0
3589,Medium,Service Request,Portal,Premium,7,0,11.9,3,5.5,1.0,High,Low,23,Friday,0,0
3590,Medium,Incident,Phone,Enterprise,9,0,4.8,4,13.9,2.0,Medium,Low,12,Sunday,1,0
3591,Low,Access,Portal,Standard,11,3,0.8,2,3.6,0.0,Low,Low,12,Tuesday,0,0
3592,Low,Incident,Phone,Premium,8,1,6.5,3,5.1,1.0,Low,High,13,Wednesday,1,0
3593,Medium,Incident,Phone,Premium,13,1,7.4,1,18.3,2.0,Low,High,6,Friday,1,1
3594,Low,Incident,Portal,Premium,6,0,2.5,1,6.1,4.0,Low,Low,2,Saturday,0,0
3595,Medium,Incident,Email,Standard,11,2,14.7,4,13.5,2.0,High,High,12,Sunday,1,1
3596,Medium,Problem,Portal,Standard,11,0,9.0,1,4.2,2.0,Low,Medium,1,Monday,0,0
3597,Medium,Problem,Phone,Premium,8,2,9.4,2,21.7,,Medium,High,4,Monday,0,0
3598,Low,Problem,Email,Standard,9,0,12.6,3,3.3,3.0,Low,High,23,Wednesday,0,0
3599,Medium,Incident,Portal,Standard,11,1,9.0,3,4.5,4.0,Low,Medium,21,Sunday,0,0
3600,Medium,Access,Portal,Standard,9,1,14.9,1,5.5,1.0,Low,Medium,9,Friday,1,0
3601,Medium,Access,Portal,Enterprise,10,5,6.5,1,17.4,3.0,Low,Low,2,Tuesday,1,1
3602,Low,Problem,Portal,Enterprise,9,0,9.9,1,9.9,1.0,High,Low,10,Tuesday,1,0
3603,Medium,Problem,Email,Premium,7,0,8.3,3,18.2,3.0,Medium,Low,17,Tuesday,0,0
3604,High,Access,Portal,Enterprise,8,1,4.3,1,2.1,0.0,Medium,Low,22,Friday,0,0
3605,Low,Incident,Phone,Standard,6,0,2.4,1,2.3,1.0,Medium,Low,15,Thursday,0,0
3606,High,Service Request,Portal,Standard,8,1,11.2,3,5.9,2.0,Medium,Medium,15,Monday,0,0
3607,High,Service Request,Portal,Standard,9,1,6.6,3,1.1,3.0,Low,Low,10,Thursday,1,0
3608,High,Problem,Portal,Enterprise,11,3,13.0,3,9.2,2.0,Low,High,22,Sunday,0,0
3609,Low,Service Request,Portal,Premium,9,0,9.6,4,4.9,0.0,High,Medium,14,Wednesday,0,1
3610,High,Incident,Email,Standard,12,4,1.6,2,8.0,2.0,Medium,Medium,16,Saturday,0,0
3611,Low,Service Request,Portal,Standard,9,2,1.7,1,13.0,1.0,Low,Medium,1,Saturday,0,1
3612,Medium,Problem,Monitoring,Premium,5,1,2.6,2,5.2,2.0,Medium,Low,14,Monday,1,0
3613,Medium,Incident,Email,Standard,9,0,13.7,2,18.6,0.0,Medium,High,10,Friday,0,1
3614,Low,Service Request,Portal,Standard,7,1,12.7,1,1.3,2.0,Medium,Medium,22,Sunday,0,0
3615,Medium,Incident,Portal,Standard,7,1,,1,9.5,1.0,Medium,Low,22,Thursday,0,0
3616,Medium,Incident,Phone,Premium,3,2,1.4,1,11.1,,Medium,Medium,10,Monday,0,0
3617,Medium,Service Request,Phone,Standard,13,2,9.2,1,1.6,1.0,Medium,Low,1,Tuesday,1,0
3618,Medium,Access,Email,Premium,3,2,2.5,2,7.3,3.0,Low,Low,21,Wednesday,0,0
3619,Low,Service Request,Email,Premium,9,3,0.7,1,3.6,3.0,Low,High,2,Sunday,0,1
3620,High,Incident,Phone,Enterprise,8,2,9.0,2,9.7,3.0,Low,High,16,Saturday,0,0
3621,Medium,Incident,Portal,Premium,10,2,8.0,1,11.0,1.0,Low,Low,5,Friday,1,0
3622,High,Service Request,Monitoring,Standard,14,2,7.4,1,3.3,,Medium,Medium,0,Saturday,0,0
3623,High,Incident,Phone,Standard,7,0,10.0,2,4.1,2.0,Medium,Medium,6,Tuesday,0,0
3624,High,Problem,Portal,Premium,11,1,12.5,1,6.5,3.0,Medium,High,6,Monday,0,0
3625,Medium,Incident,Portal,Standard,10,2,10.6,4,8.9,3.0,Low,Medium,9,Saturday,0,0
3626,Low,Service Request,Portal,Premium,5,1,14.7,1,11.7,4.0,Medium,Medium,7,Thursday,0,0
3627,Critical,Incident,Portal,Enterprise,4,0,5.2,1,3.5,4.0,Medium,Medium,0,Monday,1,0
3628,Medium,Service Request,Portal,Standard,7,0,12.6,1,3.6,1.0,Low,Medium,4,Thursday,0,0
3629,Medium,Incident,Email,Standard,7,2,2.8,1,9.0,2.0,Low,Medium,18,Thursday,1,0
3630,Medium,Problem,Portal,Standard,9,0,1.0,1,4.6,2.0,Medium,Low,20,Thursday,0,0
3631,High,Incident,Portal,Standard,8,1,12.7,2,15.7,3.0,High,Medium,20,Monday,1,0
3632,Medium,Incident,Phone,Standard,7,1,4.2,1,3.6,2.0,Low,Medium,4,Sunday,1,1
3633,Medium,Incident,Email,Standard,6,2,1.8,1,4.5,5.0,Low,Medium,2,Saturday,0,1
3634,High,Service Request,Portal,Premium,6,1,12.5,1,9.2,4.0,High,High,19,Sunday,1,0
3635,Medium,Incident,Monitoring,Standard,11,1,,1,19.1,2.0,Low,Low,23,Wednesday,1,1
3636,Medium,Incident,Phone,Enterprise,2,0,12.7,2,13.1,,Low,Low,4,Wednesday,0,0
3637,Critical,Incident,Phone,Enterprise,10,3,13.1,1,8.0,1.0,Low,Low,14,Wednesday,0,1
3638,Critical,Incident,Email,Premium,9,3,6.0,2,14.5,2.0,Low,Medium,2,Tuesday,0,0
3639,Critical,Access,Portal,Premium,8,2,1.2,1,9.9,4.0,Low,Low,12,Wednesday,0,1
3640,High,Incident,Email,Enterprise,8,4,0.7,1,12.7,1.0,Low,Medium,4,Saturday,0,1
3641,High,Incident,Portal,Premium,5,1,6.1,1,11.4,1.0,Medium,High,8,Tuesday,0,0
3642,High,Incident,Portal,Enterprise,7,0,1.1,1,7.9,2.0,Medium,Low,18,Wednesday,1,0
3643,High,Access,Portal,Standard,10,0,9.7,2,9.8,0.0,Low,High,9,Saturday,1,0
3644,Low,Service Request,Portal,Premium,12,2,11.7,3,14.4,3.0,Medium,Medium,2,Friday,0,0
3645,High,Access,Email,Premium,6,0,7.1,1,8.3,2.0,High,High,23,Thursday,0,0
3646,Low,Problem,Email,Standard,10,0,0.6,1,5.7,1.0,Low,Low,23,Monday,0,0
3647,Critical,Incident,Email,Premium,4,0,4.5,3,13.5,2.0,High,Low,4,Thursday,0,0
3648,High,Incident,Email,Enterprise,10,0,4.3,2,4.9,1.0,Low,Medium,6,Thursday,0,0
3649,Low,Service Request,Monitoring,Standard,6,1,1.8,2,6.0,2.0,Medium,Low,21,Thursday,0,0
3650,Low,Incident,Portal,Premium,7,3,7.9,1,6.8,1.0,Low,Medium,12,Tuesday,1,0
3651,Medium,Incident,Email,Standard,9,3,3.8,1,8.5,0.0,Low,Medium,2,Friday,0,0
3652,Medium,Service Request,Phone,Standard,5,1,8.3,1,11.3,3.0,Low,Low,11,Saturday,1,0
3653,High,Incident,Portal,Premium,6,1,11.9,1,12.1,0.0,Medium,Medium,8,Friday,0,0
3654,Low,Access,Email,Premium,12,4,3.5,1,11.2,0.0,Medium,High,0,Saturday,0,1
3655,Medium,Service Request,Portal,Standard,12,1,8.2,1,9.2,1.0,Medium,Low,9,Monday,0,1
3656,Medium,Incident,Portal,Standard,12,1,3.8,1,22.8,2.0,Low,Low,17,Saturday,0,0
3657,Medium,Incident,Monitoring,Enterprise,8,1,10.9,1,13.0,4.0,Medium,Medium,0,Thursday,0,1
3658,High,Incident,Email,Premium,8,0,3.3,1,4.6,3.0,Medium,Medium,7,Tuesday,0,1
3659,Medium,Incident,Email,Standard,8,2,7.2,1,9.5,0.0,Medium,Low,6,Thursday,0,0
3660,Medium,Incident,Phone,Standard,12,5,6.3,1,12.1,1.0,High,Low,9,Sunday,0,1
3661,High,Service Request,Portal,Enterprise,5,1,1.4,1,,2.0,High,Medium,9,Wednesday,1,0
3662,High,Service Request,Phone,Premium,4,0,8.1,1,9.8,2.0,Low,Low,13,Thursday,0,1
3663,High,Service Request,Email,Standard,8,2,3.6,1,16.3,2.0,High,High,18,Tuesday,1,1
3664,Low,Incident,Portal,Standard,7,2,6.7,3,10.7,4.0,Low,High,8,Wednesday,0,0
3665,Low,Access,Email,Premium,6,1,4.7,2,1.8,3.0,Low,Medium,18,Saturday,1,1
3666,High,Incident,Phone,Standard,10,4,12.3,2,8.9,,Low,Low,1,Saturday,1,0
3667,Low,Service Request,Email,Standard,6,2,6.5,1,3.7,1.0,Low,Medium,15,Tuesday,0,0
3668,Medium,Incident,Portal,Enterprise,8,1,2.2,3,4.3,4.0,High,Medium,23,Saturday,0,1
3669,Low,Incident,Phone,Standard,12,1,12.1,1,11.5,6.0,Low,Medium,2,Thursday,0,0
3670,High,Incident,Phone,Standard,9,1,7.7,2,21.4,3.0,Low,Medium,16,Sunday,1,1
3671,Medium,Incident,Portal,Standard,12,3,2.5,4,6.6,3.0,Medium,Medium,19,Saturday,0,0
3672,Medium,Service Request,Portal,Standard,7,2,1.6,1,31.6,3.0,Medium,Low,21,Monday,0,1
3673,High,Incident,Portal,Premium,6,0,9.0,1,9.9,3.0,Medium,Low,23,Thursday,0,0
3674,Critical,Incident,Portal,Standard,8,2,13.5,1,15.4,2.0,High,Medium,2,Wednesday,0,1
3675,Low,Incident,Portal,Standard,11,1,1.5,1,,1.0,Medium,Low,1,Wednesday,0,0
3676,Medium,Incident,Email,Standard,8,0,4.1,2,10.6,5.0,Low,Low,21,Sunday,0,0
3677,Low,Incident,Portal,Premium,5,2,7.7,1,12.3,1.0,Medium,High,23,Wednesday,0,1
3678,Medium,Problem,Portal,Premium,13,1,8.5,3,13.4,3.0,Low,Low,2,Saturday,0,0
3679,Medium,Incident,Email,Standard,7,1,11.8,2,10.9,1.0,Medium,Low,19,Tuesday,0,0
3680,Low,Service Request,Portal,Standard,7,1,14.5,2,23.5,1.0,Medium,Low,16,Saturday,1,1
3681,High,Incident,Email,Premium,7,1,4.7,2,4.7,1.0,Medium,High,9,Wednesday,1,0
3682,High,Problem,Portal,Standard,8,1,2.8,1,5.9,1.0,High,High,8,Tuesday,0,1
3683,Medium,Problem,Portal,Standard,10,0,0.7,2,7.7,2.0,Low,Medium,22,Friday,1,0
3684,Medium,Incident,Email,Enterprise,8,1,14.1,2,9.8,1.0,Low,Low,2,Monday,1,0
3685,Medium,Service Request,Email,Premium,14,1,12.7,2,17.3,4.0,Low,Low,8,Wednesday,0,1
3686,High,Incident,Email,Premium,10,0,11.5,1,11.6,0.0,High,High,17,Tuesday,0,1
3687,Low,Incident,Portal,Standard,7,0,1.3,1,13.6,1.0,Medium,Medium,22,Tuesday,0,0
3688,Low,Incident,Portal,Standard,11,3,9.7,2,6.7,2.0,Low,High,21,Wednesday,0,1
3689,Low,Incident,Email,Premium,7,0,3.4,2,9.7,1.0,Low,Low,23,Sunday,0,0
3690,Low,Access,Portal,Standard,6,1,8.6,1,14.3,2.0,Low,Low,0,Tuesday,1,0
3691,High,Incident,Portal,Enterprise,6,0,2.4,2,13.1,4.0,Low,Low,20,Sunday,0,0
3692,High,Incident,Portal,Premium,5,0,10.4,1,14.1,2.0,Low,Low,5,Thursday,0,0
3693,Medium,Incident,Phone,Standard,5,1,1.8,3,11.0,2.0,Medium,High,7,Monday,0,0
3694,Low,Problem,Phone,Enterprise,10,0,8.4,1,11.4,3.0,High,Low,2,Friday,0,0
3695,Low,Problem,Portal,Standard,9,1,2.2,1,11.1,2.0,Medium,Medium,5,Thursday,0,1
3696,Critical,Service Request,Email,Enterprise,10,2,13.3,1,11.3,5.0,Medium,Low,3,Wednesday,0,1
3697,High,Service Request,Phone,Premium,8,0,5.2,3,19.7,4.0,High,Low,11,Tuesday,0,1
3698,High,Incident,Email,Enterprise,5,2,10.1,2,7.3,,Low,Medium,14,Sunday,0,0
3699,Medium,Incident,Portal,Premium,14,0,1.5,2,12.4,2.0,Medium,Low,1,Friday,0,0
3700,Medium,Problem,Portal,Premium,13,2,2.7,2,9.6,1.0,Low,Medium,13,Sunday,1,1
3701,Medium,Service Request,Portal,Standard,8,1,2.3,2,8.0,,High,Medium,11,Tuesday,0,0
3702,Medium,Service Request,Email,Enterprise,9,2,3.2,4,9.6,2.0,Medium,Medium,9,Monday,0,0
3703,Low,Incident,Phone,Standard,6,3,4.9,1,5.4,0.0,Low,Medium,10,Saturday,1,1
3704,High,Incident,Phone,Enterprise,11,2,11.8,2,3.7,2.0,High,Low,22,Tuesday,0,0
3705,Low,Service Request,Portal,Enterprise,7,4,8.1,2,8.3,3.0,Medium,Medium,11,Tuesday,0,0
3706,High,Access,Portal,Premium,5,1,2.0,2,5.4,2.0,Low,Medium,23,Friday,0,0
3707,High,Service Request,Portal,Standard,11,2,5.7,2,41.5,0.0,High,High,21,Saturday,0,1
3708,Medium,Incident,Email,Standard,7,1,4.7,2,5.0,,Medium,Medium,11,Monday,0,0
3709,Medium,Incident,Email,Enterprise,8,2,8.8,3,8.1,2.0,Low,Medium,10,Wednesday,0,0
3710,High,Problem,Portal,Enterprise,9,3,2.6,2,10.8,1.0,Low,High,17,Tuesday,0,0
3711,Low,Service Request,Monitoring,Standard,10,0,6.4,1,2.2,,Low,Medium,2,Friday,0,0
3712,High,Incident,Portal,Premium,10,2,6.7,1,6.9,3.0,High,High,17,Wednesday,0,1
3713,Medium,Incident,Monitoring,Enterprise,9,3,6.6,3,34.0,3.0,Low,High,0,Tuesday,1,1
3714,Medium,Access,Phone,Standard,7,1,5.6,2,26.3,1.0,Medium,High,3,Tuesday,1,0
3715,Low,Service Request,Portal,Standard,5,1,2.5,1,10.8,2.0,Medium,High,7,Friday,1,0
3716,Low,Access,Portal,Standard,13,1,4.2,2,5.1,3.0,Low,Low,14,Thursday,0,0
3717,Low,Incident,Portal,Premium,12,0,4.8,2,15.8,2.0,Medium,Low,12,Thursday,1,0
3718,Medium,Service Request,Phone,Standard,6,4,3.5,4,8.3,3.0,Low,High,5,Saturday,0,0
3719,Low,Incident,Phone,Standard,8,1,12.5,1,29.5,4.0,Low,Low,2,Thursday,1,0
3720,Medium,Problem,Phone,Standard,12,2,3.3,2,11.1,1.0,Low,Low,9,Thursday,0,0
3721,Critical,Incident,Phone,Premium,6,0,9.0,1,2.6,1.0,Medium,Low,6,Sunday,0,0
3722,Low,Incident,Phone,Standard,9,0,11.5,1,10.8,3.0,Low,Medium,22,Friday,0,0
3723,Medium,Incident,Monitoring,Standard,9,1,11.7,2,5.3,,High,Medium,3,Friday,1,0
3724,High,Service Request,Phone,Premium,7,4,14.6,3,11.7,5.0,High,Medium,5,Tuesday,0,1
3725,Low,Service Request,Email,Standard,8,2,3.6,1,8.3,1.0,Low,Low,17,Friday,1,0
3726,Low,Incident,Portal,Enterprise,5,1,11.9,1,12.3,3.0,Low,High,6,Sunday,0,0
3727,Critical,Incident,Email,Standard,9,3,7.7,1,12.3,3.0,Low,Medium,19,Saturday,1,1
3728,Medium,Incident,Monitoring,Enterprise,11,0,4.1,2,6.6,2.0,Low,Low,19,Saturday,0,0
3729,High,Incident,Portal,Standard,4,3,5.6,1,12.7,0.0,Low,Low,10,Friday,0,0
3730,Medium,Incident,Email,Standard,11,1,3.6,3,16.4,1.0,Low,Low,13,Wednesday,1,0
3731,High,Incident,Phone,Standard,3,1,14.0,1,17.6,4.0,High,Low,15,Thursday,0,1
3732,Medium,Incident,Portal,Premium,8,1,3.3,1,9.0,3.0,High,Low,6,Monday,1,1
3733,Medium,Service Request,Portal,Standard,10,3,4.7,2,3.4,1.0,Low,Medium,22,Saturday,0,0
3734,Medium,Incident,Portal,Standard,9,0,1.8,1,3.5,3.0,Medium,High,11,Tuesday,1,1
3735,Medium,Incident,Monitoring,Enterprise,10,1,12.3,2,17.2,6.0,Low,Low,12,Monday,1,0
3736,Critical,Service Request,Portal,Standard,6,0,12.0,2,10.6,2.0,Medium,High,4,Thursday,0,0
3737,Medium,Service Request,Email,Standard,11,0,4.5,2,13.5,2.0,Medium,Low,21,Friday,0,1
3738,Medium,Problem,Portal,Enterprise,15,0,13.3,2,9.9,1.0,Medium,Medium,6,Wednesday,0,0
3739,High,Service Request,Phone,Standard,8,2,1.5,1,2.9,2.0,Low,Low,13,Friday,0,0
3740,Medium,Incident,Email,Premium,8,0,9.5,2,13.9,2.0,Medium,Low,19,Sunday,1,1
3741,Low,Incident,Portal,Enterprise,10,0,10.6,1,21.4,3.0,Medium,Low,1,Monday,1,1
3742,Low,Problem,Phone,Premium,11,2,9.7,1,2.2,2.0,Medium,High,15,Saturday,0,0
3743,High,Service Request,Portal,Enterprise,12,2,10.8,1,20.9,2.0,Low,Medium,20,Friday,0,0
3744,High,Incident,Portal,Standard,11,3,8.5,1,9.6,2.0,Medium,Medium,18,Monday,1,1
3745,High,Incident,Phone,Enterprise,6,0,8.7,4,17.8,5.0,Low,Medium,17,Thursday,0,1
3746,Medium,Problem,Portal,Premium,4,1,11.1,1,6.3,2.0,Low,High,15,Thursday,0,0
3747,High,Access,Phone,Standard,11,2,2.4,2,14.0,1.0,Low,Medium,11,Friday,0,0
3748,High,Problem,Portal,Premium,12,2,3.2,1,6.9,0.0,Low,Low,7,Wednesday,0,0
3749,Low,Incident,Portal,Standard,8,0,7.5,4,11.8,2.0,High,Low,3,Wednesday,0,0
3750,Medium,Service Request,Portal,Premium,5,5,7.0,2,8.8,4.0,Low,Medium,23,Saturday,0,0
3751,High,Service Request,Email,Enterprise,8,1,7.6,1,14.1,3.0,Medium,Low,7,Friday,0,0
3752,Medium,Service Request,Phone,Standard,5,1,13.5,3,6.3,5.0,Medium,Low,16,Friday,0,0
3753,Low,Problem,Monitoring,Premium,14,3,12.0,1,8.5,0.0,Medium,Medium,14,Sunday,0,0
3754,Critical,Incident,Portal,Premium,10,0,0.6,2,4.8,0.0,Low,Low,3,Sunday,0,1
3755,Low,Incident,Portal,Standard,4,0,1.5,2,28.5,3.0,Low,Medium,14,Saturday,1,0
3756,High,Incident,Monitoring,Standard,9,0,13.0,2,3.2,1.0,Medium,Medium,1,Sunday,1,0
3757,Low,Service Request,Portal,Enterprise,8,2,9.9,1,6.9,,Medium,Low,20,Sunday,0,0
3758,Low,Problem,Phone,Premium,13,1,7.2,2,12.5,4.0,Medium,Low,21,Sunday,0,0
3759,High,Incident,Phone,Standard,4,1,13.0,1,7.0,2.0,Low,Low,12,Friday,0,0
3760,Critical,Incident,Portal,Premium,4,3,2.1,2,3.2,2.0,Low,Medium,0,Tuesday,0,0
3761,Medium,Incident,Monitoring,Premium,17,3,1.8,2,7.6,3.0,Low,Low,9,Wednesday,1,0
3762,High,Service Request,Phone,Premium,12,1,14.0,2,3.6,1.0,Low,Medium,9,Tuesday,1,0
3763,Low,Incident,Email,Premium,8,2,10.8,1,6.1,3.0,Low,Low,21,Saturday,0,1
3764,Low,Problem,Phone,Enterprise,12,0,12.2,3,33.4,0.0,Medium,Low,7,Tuesday,1,0
3765,Medium,Incident,Phone,Standard,5,1,13.5,1,6.5,0.0,Low,Medium,12,Wednesday,1,0
3766,Medium,Incident,Email,Premium,12,1,6.2,2,4.3,1.0,Low,Low,7,Monday,0,0
3767,Critical,Access,Monitoring,Premium,9,1,12.2,1,6.2,3.0,Low,Low,18,Wednesday,0,0
3768,High,Incident,Portal,Enterprise,9,0,5.0,1,4.3,1.0,Low,Medium,16,Wednesday,0,0
3769,Low,Service Request,Email,Standard,13,1,8.3,1,3.6,3.0,Medium,Low,7,Sunday,0,0
3770,Critical,Service Request,Portal,Standard,8,3,10.1,3,8.4,2.0,Low,Medium,21,Thursday,0,0
3771,Critical,Access,Portal,Standard,11,2,0.8,1,,2.0,Medium,Medium,10,Friday,0,0
3772,Low,Incident,Monitoring,Standard,10,3,9.7,1,16.5,3.0,Medium,Medium,22,Saturday,0,0
3773,Low,Incident,Portal,Standard,5,2,11.8,1,7.9,,High,Medium,9,Thursday,0,0
3774,Medium,Service Request,Portal,Premium,8,0,5.3,1,18.5,2.0,Low,Low,2,Sunday,0,1
3775,Medium,Incident,Portal,Premium,5,1,5.3,1,5.9,4.0,Low,High,21,Saturday,0,0
3776,Critical,Service Request,Portal,Standard,8,1,11.0,1,10.0,3.0,Medium,Medium,23,Saturday,0,0
3777,Low,Incident,Email,Premium,2,1,6.4,1,4.0,0.0,Low,Medium,12,Thursday,0,0
3778,Low,Incident,Email,Premium,6,3,10.7,1,9.5,1.0,Medium,Low,11,Wednesday,0,0
3779,Low,Incident,Portal,Standard,12,2,2.7,1,15.9,1.0,Medium,Medium,2,Friday,0,0
3780,Medium,Service Request,Portal,Standard,10,3,5.2,2,5.2,1.0,Medium,High,11,Wednesday,0,0
3781,Critical,Incident,Portal,Premium,5,1,11.0,1,2.5,1.0,Low,Medium,17,Sunday,0,0
3782,Medium,Incident,Email,Standard,6,0,7.5,4,33.5,2.0,High,Low,14,Thursday,0,0
3783,Medium,Problem,Email,Premium,15,2,6.9,1,8.1,1.0,Low,Low,4,Monday,1,0
3784,Medium,Service Request,Portal,Standard,9,1,2.9,1,5.1,2.0,Low,Medium,11,Friday,0,1
3785,Critical,Problem,Portal,Standard,4,1,13.3,1,4.9,1.0,Low,Medium,18,Saturday,0,0
3786,Low,Service Request,Portal,Enterprise,8,0,4.4,1,7.0,2.0,Low,High,18,Friday,1,0
3787,Low,Access,Portal,Premium,3,4,14.6,2,11.6,2.0,Low,High,18,Tuesday,0,0
3788,Critical,Incident,Phone,Standard,8,2,13.9,2,6.8,1.0,High,Low,15,Saturday,0,0
3789,Medium,Incident,Phone,Standard,8,4,12.9,1,24.5,0.0,Medium,Medium,23,Monday,0,1
3790,Medium,Incident,Portal,Premium,8,2,13.0,2,19.1,,Medium,High,0,Thursday,0,0
3791,Medium,Service Request,Monitoring,Enterprise,7,1,14.1,2,9.0,1.0,Low,Low,0,Tuesday,0,1
3792,High,Access,Portal,Standard,8,1,2.4,2,2.7,3.0,Medium,Medium,22,Saturday,1,1
3793,Low,Incident,Portal,Premium,7,2,3.3,1,4.3,2.0,Low,Medium,7,Friday,0,1
3794,High,Incident,Email,Standard,5,1,6.0,2,31.8,5.0,Low,Low,8,Monday,1,1
3795,Medium,Problem,Phone,Standard,6,1,7.3,3,7.1,2.0,High,Low,12,Wednesday,0,0
3796,High,Incident,Phone,Standard,4,3,7.2,1,6.8,3.0,Medium,Medium,3,Saturday,1,0
3797,High,Incident,Portal,Standard,11,0,11.4,1,17.8,3.0,High,Low,7,Tuesday,0,1
3798,Medium,Incident,Portal,Standard,5,0,3.9,2,8.0,2.0,Low,Low,14,Monday,1,1
3799,Low,Incident,Portal,Premium,11,1,4.5,1,23.0,2.0,Medium,Low,1,Friday,1,0
3800,High,Service Request,Email,Standard,5,1,13.8,1,2.7,3.0,Low,Low,17,Saturday,0,0
3801,Medium,Incident,Email,Standard,6,1,8.2,4,1.4,3.0,Low,Low,21,Wednesday,0,0
3802,Low,Incident,Monitoring,Standard,3,0,11.4,2,6.4,4.0,High,Low,19,Saturday,1,0
3803,Medium,Problem,Portal,Premium,9,1,13.7,2,11.4,2.0,Medium,Low,5,Friday,0,0
3804,Low,Access,Portal,Standard,10,0,3.5,1,11.9,4.0,Low,Low,19,Thursday,0,1
3805,Medium,Incident,Email,Premium,11,1,1.8,1,10.0,3.0,Low,Low,13,Friday,0,1
3806,Critical,Service Request,Portal,Enterprise,6,5,,1,23.9,1.0,Low,Medium,2,Saturday,1,1
3807,Critical,Incident,Monitoring,Premium,11,0,10.2,1,,2.0,Medium,Medium,3,Sunday,0,0
3808,Critical,Problem,Email,Standard,9,2,4.4,3,15.8,1.0,Medium,Low,11,Tuesday,0,0
3809,Medium,Incident,Email,Enterprise,9,0,4.4,1,10.5,1.0,Low,Low,18,Tuesday,0,0
3810,Low,Service Request,Portal,Standard,5,3,10.7,2,15.2,1.0,Low,High,1,Sunday,1,1
3811,Medium,Problem,Portal,Standard,11,2,8.9,2,5.3,1.0,Low,High,3,Thursday,0,0
3812,Medium,Incident,Email,Enterprise,7,0,14.9,1,8.3,2.0,Medium,Low,12,Tuesday,0,0
3813,Medium,Problem,Portal,Enterprise,11,0,11.2,2,4.8,2.0,High,Low,7,Tuesday,0,0
3814,Medium,Incident,Portal,Standard,10,1,4.0,1,5.7,3.0,High,High,1,Friday,0,0
3815,Low,Service Request,Portal,Enterprise,6,1,11.4,1,13.3,1.0,Low,Low,21,Monday,0,0
3816,Medium,Access,Portal,Standard,15,0,10.9,1,9.4,4.0,Low,Low,21,Wednesday,0,1
3817,Low,Service Request,Phone,Premium,15,1,5.9,2,4.4,0.0,Low,High,13,Wednesday,1,0
3818,Low,Incident,Email,Premium,6,1,8.6,1,14.4,3.0,Low,Medium,3,Sunday,0,0
3819,Medium,Service Request,Portal,Premium,5,4,14.7,1,25.6,1.0,Low,Low,6,Friday,0,1
3820,Critical,Service Request,Phone,Standard,12,3,8.5,2,3.5,3.0,Low,Low,10,Tuesday,0,0
3821,Low,Incident,Email,Standard,7,1,4.7,1,,0.0,Low,Low,13,Wednesday,0,0
3822,Low,Problem,Email,Enterprise,8,1,11.7,1,5.3,0.0,Medium,High,17,Wednesday,0,0
3823,Critical,Service Request,Portal,Standard,4,1,12.7,1,9.6,0.0,Medium,Medium,23,Monday,1,1
3824,High,Incident,Email,Enterprise,5,2,1.4,1,3.4,1.0,Medium,High,22,Saturday,0,1
3825,Medium,Service Request,Portal,Enterprise,3,1,8.9,1,7.7,1.0,Medium,Low,4,Friday,0,0
3826,Medium,Incident,Email,Premium,10,1,13.8,1,3.2,2.0,Low,Low,21,Tuesday,0,0
3827,High,Incident,Email,Standard,7,2,6.5,2,12.9,3.0,Low,High,5,Friday,0,1
3828,High,Incident,Monitoring,Enterprise,11,3,12.2,2,5.6,2.0,Low,Medium,14,Sunday,1,0
3829,Medium,Incident,Portal,Premium,9,1,6.0,1,7.9,0.0,Low,Low,0,Sunday,0,1
3830,Critical,Service Request,Phone,Enterprise,9,2,7.0,4,7.2,4.0,Low,Medium,7,Monday,1,0
3831,Critical,Incident,Portal,Enterprise,7,1,9.8,2,12.7,2.0,High,Low,13,Monday,0,1
3832,Medium,Service Request,Email,Standard,10,0,0.6,4,1.9,0.0,Medium,Low,3,Saturday,0,0
3833,Medium,Incident,Portal,Standard,16,3,11.6,3,10.5,3.0,Medium,Low,7,Sunday,0,0
3834,Low,Incident,Monitoring,Standard,12,0,5.3,1,13.2,2.0,Medium,Medium,2,Thursday,0,1
3835,Low,Service Request,Portal,Standard,5,1,3.0,2,,2.0,Low,High,20,Sunday,1,1
3836,High,Incident,Email,Standard,5,2,12.9,1,4.0,1.0,High,Medium,6,Wednesday,1,0
3837,Medium,Service Request,Portal,Enterprise,5,2,8.6,1,,1.0,Low,High,22,Friday,0,1
3838,High,Incident,Phone,Premium,6,1,9.6,1,12.8,3.0,High,Low,23,Sunday,0,1
3839,Medium,Incident,Portal,Standard,5,1,13.1,1,12.5,2.0,Medium,Low,7,Sunday,0,0
3840,Low,Incident,Email,Standard,4,0,9.1,1,5.3,2.0,High,Medium,19,Sunday,1,0
3841,Medium,Access,Phone,Standard,13,2,13.1,1,6.2,4.0,High,High,15,Saturday,0,0
3842,Medium,Incident,Email,Premium,8,2,6.6,2,5.2,3.0,Low,Low,18,Saturday,0,0
3843,Medium,Incident,Monitoring,Premium,7,1,10.4,2,6.8,2.0,Medium,Low,14,Saturday,0,0
3844,Low,Incident,Portal,Standard,6,3,12.3,1,5.0,2.0,Medium,Medium,21,Tuesday,1,0
3845,Medium,Access,Portal,Standard,7,2,12.4,2,12.4,3.0,Low,Medium,4,Saturday,0,0
3846,High,Access,Portal,Premium,12,1,10.1,1,20.0,3.0,High,Low,7,Sunday,0,1
3847,High,Service Request,Phone,Standard,10,0,7.0,1,16.0,2.0,Low,Low,20,Friday,0,1
3848,Medium,Service Request,Email,Standard,13,1,11.1,3,27.4,1.0,Medium,Medium,7,Sunday,0,1
3849,Low,Service Request,Portal,Premium,7,0,4.8,1,7.3,1.0,Medium,Low,4,Friday,0,1
3850,Low,Service Request,Portal,Premium,9,1,10.3,1,4.5,2.0,Low,Low,20,Monday,0,0
3851,High,Access,Portal,Standard,6,1,13.9,1,11.3,6.0,Medium,High,16,Tuesday,0,0
3852,Medium,Incident,Email,Premium,9,1,7.8,2,3.4,4.0,Medium,Low,1,Saturday,0,0
3853,Medium,Incident,Portal,Standard,10,0,14.0,2,20.5,2.0,Medium,Low,4,Monday,0,0
3854,Medium,Problem,Portal,Standard,9,2,3.2,1,14.8,0.0,Low,High,23,Thursday,1,0
3855,Medium,Incident,Portal,Enterprise,11,0,4.5,1,13.6,4.0,Medium,Low,8,Sunday,1,0
3856,High,Incident,Email,Standard,6,2,9.0,3,12.0,4.0,Low,High,1,Thursday,1,1
3857,Low,Access,Portal,Standard,5,0,9.4,1,14.8,4.0,Low,Low,6,Sunday,0,1
3858,Medium,Problem,Portal,Enterprise,8,1,3.4,1,15.3,3.0,Low,High,17,Tuesday,1,1
3859,High,Incident,Monitoring,Standard,6,2,11.1,1,4.8,2.0,High,High,20,Saturday,0,1
3860,Low,Incident,Phone,Standard,7,2,1.5,1,7.4,3.0,Low,Medium,16,Sunday,1,0
3861,Low,Service Request,Email,Standard,4,2,3.1,1,9.8,1.0,Low,Medium,2,Sunday,0,0
3862,High,Incident,Portal,Premium,11,0,2.4,1,6.9,1.0,Medium,Low,17,Sunday,0,1
3863,Low,Incident,Email,Standard,13,0,9.6,1,11.2,4.0,Low,Medium,12,Tuesday,0,1
3864,High,Incident,Phone,Standard,13,3,7.5,1,6.7,2.0,Low,Medium,17,Sunday,0,1
3865,High,Incident,Phone,Standard,4,3,,4,17.3,3.0,Low,Low,21,Tuesday,0,1
3866,Low,Incident,Portal,Standard,1,2,7.4,2,3.2,2.0,Low,Low,7,Tuesday,0,0
3867,Low,Incident,Portal,Standard,6,1,13.0,2,1.8,7.0,Medium,Low,4,Wednesday,1,0
3868,High,Problem,Phone,Premium,9,1,0.7,1,5.5,4.0,Medium,Low,9,Saturday,0,1
3869,Critical,Service Request,Phone,Standard,9,1,3.2,2,1.0,3.0,Medium,Low,13,Sunday,0,0
3870,Medium,Problem,Portal,Premium,6,1,7.7,1,3.6,3.0,Low,High,2,Friday,0,0
3871,Medium,Incident,Portal,Enterprise,14,0,4.4,1,6.3,1.0,Medium,Medium,11,Monday,1,1
3872,High,Problem,Portal,Standard,8,2,3.1,2,2.3,2.0,High,Medium,14,Tuesday,0,0
3873,Medium,Incident,Phone,Standard,6,0,12.7,1,13.0,3.0,Low,Medium,22,Tuesday,0,0
3874,Medium,Incident,Portal,Premium,7,1,14.5,3,3.9,1.0,Low,Low,14,Saturday,0,0
3875,Medium,Problem,Portal,Standard,8,2,14.9,2,10.9,3.0,Low,Low,15,Saturday,0,1
3876,Critical,Access,Portal,Premium,6,0,2.3,2,13.4,1.0,Medium,High,23,Wednesday,1,1
3877,Medium,Incident,Phone,Premium,4,2,13.5,2,13.7,1.0,Low,Low,23,Wednesday,1,1
3878,Critical,Service Request,Phone,Enterprise,10,1,5.1,1,13.7,4.0,Low,Low,3,Saturday,1,0
3879,Low,Access,Portal,Premium,5,1,3.6,1,5.5,2.0,Low,Low,23,Monday,0,0
3880,Critical,Incident,Portal,Standard,4,1,3.0,1,4.9,2.0,Medium,High,5,Thursday,0,1
3881,Low,Incident,Portal,Standard,10,1,11.4,4,3.5,4.0,Low,High,14,Monday,1,0
3882,High,Service Request,Phone,Standard,12,1,11.5,3,16.2,0.0,Low,Low,12,Monday,0,0
3883,Medium,Incident,Monitoring,Standard,8,2,8.3,1,19.1,5.0,High,Low,16,Tuesday,1,1
3884,Medium,Service Request,Monitoring,Enterprise,10,1,7.1,2,4.2,1.0,High,Low,8,Wednesday,0,0
3885,High,Incident,Phone,Enterprise,8,1,6.7,1,14.2,0.0,Medium,Low,19,Monday,0,0
3886,High,Problem,Portal,Premium,6,0,9.7,1,27.1,2.0,Low,Low,14,Wednesday,0,0
3887,Low,Incident,Monitoring,Premium,10,0,7.6,1,5.2,1.0,Medium,Low,4,Thursday,0,1
3888,Medium,Service Request,Phone,Standard,7,2,5.6,3,7.0,2.0,Low,Low,18,Saturday,0,0
3889,Low,Service Request,Phone,Enterprise,9,2,5.5,1,3.8,4.0,Low,High,23,Sunday,0,1
3890,Medium,Service Request,Email,Standard,10,1,1.6,2,14.5,1.0,High,Low,3,Monday,0,0
3891,High,Incident,Phone,Enterprise,5,0,2.2,1,1.7,4.0,Low,Low,1,Friday,0,0
3892,High,Incident,Portal,Premium,10,2,10.6,1,11.8,2.0,Medium,Low,1,Thursday,1,0
3893,Medium,Incident,Portal,Standard,4,0,11.9,1,9.4,2.0,Medium,High,0,Tuesday,1,0
3894,Medium,Service Request,Monitoring,Premium,6,0,3.6,1,15.0,3.0,High,Medium,17,Saturday,0,0
3895,Medium,Incident,Portal,Standard,8,1,0.6,3,20.8,3.0,Low,Low,6,Sunday,0,1
3896,High,Access,Portal,Standard,7,2,13.7,2,8.3,2.0,Low,Medium,15,Monday,0,0
3897,High,Service Request,Portal,Standard,5,2,10.4,2,5.7,1.0,Medium,High,22,Wednesday,0,0
3898,Low,Incident,Portal,Premium,10,0,11.6,4,25.4,2.0,Low,Medium,17,Friday,0,0
3899,Low,Incident,Portal,Standard,6,1,8.2,1,13.9,2.0,Low,Medium,16,Thursday,0,1
3900,Medium,Problem,Email,Standard,7,4,11.4,3,18.8,1.0,Medium,Medium,14,Monday,0,1
3901,High,Service Request,Email,Premium,7,0,6.8,2,7.1,2.0,Low,Low,5,Thursday,0,0
3902,Medium,Service Request,Monitoring,Premium,6,0,0.6,2,18.9,1.0,Medium,Low,7,Sunday,0,0
3903,Medium,Incident,Phone,Standard,8,4,10.1,1,3.5,0.0,Medium,Low,19,Sunday,0,0
3904,Low,Incident,Portal,Standard,9,0,6.4,2,5.2,2.0,Medium,Medium,9,Tuesday,0,0
3905,Medium,Access,Phone,Premium,7,0,2.8,1,7.9,3.0,Medium,Low,8,Saturday,0,0
3906,High,Service Request,Portal,Enterprise,3,1,11.5,4,10.9,1.0,Medium,Medium,3,Saturday,0,0
3907,Medium,Problem,Portal,Standard,5,0,4.1,1,19.6,2.0,Medium,Low,9,Sunday,0,0
3908,Low,Service Request,Portal,Premium,10,0,8.3,4,11.6,1.0,High,High,0,Saturday,0,0
3909,Medium,Service Request,Portal,Premium,9,1,4.0,2,5.5,1.0,Medium,High,0,Sunday,0,0
3910,Medium,Incident,Portal,Standard,3,0,3.7,2,10.3,1.0,Low,Medium,19,Monday,0,1
3911,Low,Service Request,Phone,Standard,15,1,4.8,3,5.4,1.0,High,High,11,Friday,0,0
3912,Medium,Incident,Email,Premium,11,1,1.8,1,6.2,2.0,High,Low,11,Friday,0,1
3913,High,Problem,Email,Premium,4,0,9.4,2,5.9,1.0,Low,Medium,0,Sunday,0,0
3914,High,Service Request,Portal,Premium,4,0,10.1,1,8.4,3.0,High,Low,22,Tuesday,0,0
3915,Low,Access,Portal,Premium,4,0,1.2,1,11.3,1.0,Low,Low,14,Tuesday,1,0
3916,High,Incident,Phone,Premium,9,1,11.7,2,24.9,4.0,Medium,Low,2,Tuesday,0,1
3917,Low,Incident,Portal,Standard,8,2,5.8,1,14.8,5.0,Low,Low,0,Monday,0,1
3918,Low,Problem,Portal,Premium,5,0,12.6,1,12.5,2.0,Medium,Medium,21,Sunday,1,0
3919,Medium,Service Request,Portal,Enterprise,8,1,2.8,1,2.7,0.0,Low,Low,20,Tuesday,1,0
3920,High,Incident,Phone,Standard,4,1,5.4,1,14.8,2.0,Low,Low,13,Sunday,0,0
3921,Low,Incident,Email,Premium,6,1,11.2,1,7.6,2.0,Low,Low,10,Wednesday,1,0
3922,High,Service Request,Portal,Premium,10,1,,1,6.5,1.0,Low,Low,1,Friday,0,1
3923,Medium,Service Request,Email,Standard,7,0,12.2,1,11.9,3.0,Low,Low,22,Wednesday,1,0
3924,Medium,Access,Monitoring,Standard,11,1,14.6,1,6.8,2.0,Medium,High,15,Monday,0,0
3925,Medium,Incident,Portal,Standard,8,2,13.0,1,9.5,1.0,Medium,High,7,Saturday,0,0
3926,Low,Incident,Phone,Standard,12,2,5.1,4,5.5,3.0,High,Low,9,Friday,1,0
3927,Low,Problem,Email,Premium,10,2,2.8,1,6.1,1.0,Low,Low,12,Monday,1,0
3928,High,Incident,Email,Premium,5,0,4.1,4,11.7,3.0,Medium,Low,4,Saturday,1,0
3929,Low,Incident,Portal,Standard,3,3,10.7,1,7.3,2.0,High,Low,9,Monday,1,0
3930,Critical,Service Request,Portal,Enterprise,6,0,8.3,4,27.5,3.0,Low,High,6,Wednesday,0,0
3931,Medium,Incident,Email,Standard,12,0,10.2,1,0.8,4.0,Low,Low,3,Monday,1,0
3932,Low,Incident,Monitoring,Standard,7,2,1.2,1,5.0,2.0,Low,Low,5,Saturday,0,0
3933,Low,Incident,Email,Standard,6,0,9.0,1,16.6,1.0,Low,Low,0,Wednesday,0,0
3934,Low,Problem,Monitoring,Premium,10,0,12.1,2,8.1,2.0,Medium,Low,4,Monday,0,0
3935,Medium,Problem,Portal,Enterprise,6,1,14.9,1,18.4,2.0,Low,High,18,Thursday,0,0
3936,Medium,Incident,Email,Enterprise,13,1,2.7,3,5.9,2.0,Low,Low,11,Wednesday,0,0
3937,Critical,Incident,Email,Standard,4,1,12.9,2,2.8,1.0,Medium,Low,13,Wednesday,0,0
3938,High,Incident,Email,Premium,12,1,6.9,1,4.8,0.0,Medium,Low,18,Sunday,0,1
3939,Low,Incident,Email,Standard,6,0,6.4,2,7.3,2.0,Medium,Low,7,Thursday,0,0
3940,Critical,Problem,Portal,Premium,11,0,13.2,2,32.1,2.0,Low,High,10,Thursday,0,1
3941,High,Access,Monitoring,Enterprise,14,3,2.1,3,7.0,1.0,High,Low,0,Tuesday,0,0
3942,Low,Incident,Portal,Enterprise,9,4,9.3,3,5.7,0.0,Low,Medium,8,Wednesday,0,0
3943,Low,Service Request,Monitoring,Standard,5,1,2.4,1,32.1,3.0,Low,Low,4,Tuesday,1,0
3944,High,Service Request,Portal,Enterprise,6,1,10.5,1,12.4,1.0,Medium,High,11,Tuesday,0,0
3945,Low,Incident,Portal,Enterprise,4,1,4.4,2,6.0,3.0,Low,Low,17,Sunday,1,0
3946,Low,Service Request,Portal,Standard,10,2,1.2,1,9.8,1.0,Low,Medium,19,Saturday,1,0
3947,Critical,Incident,Phone,Standard,11,0,6.7,1,6.0,1.0,Low,Low,7,Thursday,0,0
3948,Low,Access,Monitoring,Premium,6,0,3.0,3,10.7,4.0,Low,Low,5,Sunday,0,0
3949,Medium,Service Request,Portal,Standard,4,2,9.3,1,3.2,1.0,Low,Medium,20,Saturday,1,1
3950,High,Incident,Portal,Premium,13,1,2.0,1,6.7,1.0,Low,Medium,8,Tuesday,0,0
3951,Medium,Incident,Email,Premium,4,2,,2,3.9,4.0,Medium,Low,17,Wednesday,0,0
3952,Critical,Incident,Portal,Premium,11,1,13.2,1,18.9,1.0,Low,Low,14,Wednesday,0,0
3953,Critical,Incident,Email,Standard,8,1,7.2,1,2.1,2.0,Medium,Low,6,Tuesday,0,1
3954,Medium,Problem,Email,Enterprise,9,0,8.1,1,9.1,3.0,Low,Medium,3,Saturday,0,0
3955,Medium,Incident,Portal,Enterprise,6,3,12.9,1,11.0,4.0,Medium,Low,4,Tuesday,0,1
3956,High,Incident,Portal,Premium,9,1,11.8,3,15.1,8.0,High,Low,10,Thursday,0,1
3957,Medium,Service Request,Phone,Standard,8,3,11.9,1,6.2,1.0,High,Low,16,Thursday,0,0
3958,Low,Incident,Email,Premium,4,2,9.3,2,2.2,1.0,Low,Medium,2,Monday,0,0
3959,Medium,Problem,Email,Standard,7,0,5.6,3,6.2,2.0,Low,Medium,6,Thursday,0,0
3960,Medium,Service Request,Portal,Standard,9,0,10.4,1,,0.0,Low,Low,7,Wednesday,0,0
3961,Medium,Incident,Phone,Enterprise,8,1,3.8,1,7.8,0.0,Low,Low,21,Monday,0,0
3962,Medium,Incident,Portal,Standard,7,0,12.8,2,4.1,1.0,Medium,High,18,Sunday,0,1
3963,Low,Service Request,Phone,Premium,12,1,4.5,2,5.6,1.0,Low,Low,22,Wednesday,0,0
3964,Medium,Incident,Portal,Standard,11,0,7.2,2,9.0,,High,Medium,15,Saturday,1,0
3965,High,Service Request,Portal,Standard,15,1,10.3,4,9.3,3.0,Low,Low,12,Wednesday,0,0
3966,Medium,Incident,Portal,Standard,4,2,4.5,1,2.2,0.0,Medium,Medium,3,Saturday,1,0
3967,Low,Service Request,Phone,Standard,8,2,0.9,2,2.4,1.0,High,Low,1,Friday,0,0
3968,High,Incident,Phone,Premium,12,0,10.9,1,4.3,0.0,High,Low,11,Saturday,0,1
3969,Medium,Incident,Portal,Standard,6,0,4.1,3,2.3,3.0,Medium,High,1,Thursday,1,0
3970,Low,Service Request,Portal,Standard,7,1,14.6,2,21.0,0.0,Medium,Low,13,Monday,1,0
3971,Low,Incident,Email,Enterprise,7,0,9.3,1,6.3,0.0,Low,Medium,2,Sunday,0,0
3972,Low,Incident,Portal,Premium,8,0,14.9,2,4.7,3.0,Low,High,18,Monday,0,0
3973,Medium,Problem,Portal,Standard,5,1,12.8,1,13.7,2.0,Low,Medium,22,Sunday,0,0
3974,Low,Service Request,Phone,Premium,5,2,3.2,1,12.7,,High,Medium,17,Saturday,1,1
3975,Low,Problem,Phone,Premium,8,1,6.4,1,7.0,,High,Low,15,Wednesday,0,0
3976,High,Incident,Monitoring,Enterprise,10,1,5.0,3,8.3,0.0,Medium,Medium,6,Friday,0,0
3977,High,Service Request,Email,Standard,9,0,5.0,4,22.2,0.0,Medium,Low,4,Monday,0,0
3978,Low,Incident,Email,Premium,5,0,5.2,2,16.0,1.0,Medium,Low,19,Saturday,0,0
3979,Medium,Incident,Portal,Enterprise,8,2,8.0,1,10.1,3.0,Low,High,16,Friday,1,0
3980,Medium,Incident,Portal,Premium,6,0,9.9,3,4.6,3.0,Low,Low,15,Monday,1,0
3981,Low,Service Request,Phone,Enterprise,8,2,11.4,1,19.8,2.0,High,High,6,Saturday,1,0
3982,Medium,Incident,Email,Standard,5,1,13.9,1,5.3,1.0,High,Low,21,Thursday,0,0
3983,Low,Service Request,Phone,Premium,11,1,8.9,1,6.3,0.0,Medium,Low,4,Friday,0,0
3984,Medium,Incident,Phone,Premium,8,1,5.6,1,3.3,2.0,Medium,Medium,23,Saturday,1,0
3985,Medium,Access,Phone,Standard,6,1,9.1,3,4.4,1.0,Low,Medium,7,Saturday,0,0
3986,High,Incident,Portal,Standard,12,1,5.0,1,7.6,0.0,Low,Low,11,Saturday,1,0
3987,Low,Problem,Portal,Standard,3,4,9.0,1,5.7,2.0,Medium,Medium,13,Wednesday,0,0
3988,Low,Service Request,Email,Standard,7,2,12.4,2,6.9,3.0,Medium,Low,23,Friday,0,0
3989,Critical,Incident,Portal,Standard,7,0,2.5,1,2.2,,Low,Medium,18,Tuesday,0,0
3990,Medium,Problem,Phone,Standard,6,1,13.8,1,2.8,0.0,Medium,Low,9,Sunday,1,0
3991,Low,Incident,Portal,Enterprise,8,0,6.3,3,10.8,5.0,Medium,Low,15,Friday,1,0
3992,Medium,Problem,Email,Standard,10,0,4.2,3,4.0,1.0,Low,High,6,Friday,0,0
3993,High,Incident,Email,Premium,9,2,11.9,1,20.0,1.0,Low,Low,4,Tuesday,0,0
3994,High,Incident,Portal,Enterprise,12,3,6.1,2,5.9,2.0,Low,Low,19,Wednesday,0,0
3995,High,Service Request,Email,Premium,7,0,3.2,2,26.2,0.0,Medium,Low,2,Thursday,0,1
3996,Medium,Service Request,Email,Premium,11,1,7.8,2,6.8,0.0,High,High,15,Friday,0,0
3997,Low,Incident,Email,Premium,8,0,7.3,3,4.0,1.0,Medium,High,22,Saturday,0,0
3998,Medium,Incident,Portal,Standard,7,1,0.8,1,2.6,2.0,Low,Medium,21,Monday,0,0
3999,Critical,Incident,Email,Standard,10,4,13.2,2,17.6,2.0,Low,Low,6,Friday,0,1
4000,Medium,Service Request,Email,Premium,9,1,13.1,1,3.7,2.0,Medium,Low,14,Thursday,1,0
4001,High,Service Request,Portal,Premium,9,2,11.3,1,15.7,2.0,High,Medium,0,Monday,0,1
4002,Medium,Incident,Email,Standard,10,1,10.8,2,3.5,2.0,Low,Medium,6,Sunday,1,0
4003,Low,Incident,Monitoring,Standard,11,2,12.2,1,8.2,0.0,Medium,Medium,7,Sunday,1,0
4004,Medium,Service Request,Phone,Standard,10,0,0.6,1,3.6,0.0,Low,High,17,Sunday,0,0
4005,Medium,Incident,Email,Standard,7,2,11.1,1,17.0,2.0,Medium,High,8,Monday,0,1
4006,Medium,Service Request,Phone,Enterprise,8,0,10.3,1,4.6,3.0,Low,High,1,Friday,1,0
4007,High,Service Request,Phone,Premium,7,1,,1,5.3,0.0,High,Low,19,Sunday,1,0
4008,Low,Service Request,Portal,Standard,7,2,1.5,2,14.1,2.0,High,Medium,3,Monday,1,1
4009,Medium,Service Request,Portal,Premium,4,3,8.1,1,,2.0,High,High,16,Tuesday,0,0
4010,Critical,Service Request,Portal,Premium,9,1,10.8,1,3.9,2.0,Medium,Low,9,Wednesday,0,0
4011,Medium,Access,Portal,Standard,7,2,2.0,2,10.6,1.0,Medium,Medium,1,Friday,0,1
4012,Medium,Incident,Portal,Standard,1,2,14.4,3,8.7,3.0,Medium,Medium,23,Wednesday,0,0
4013,High,Incident,Portal,Enterprise,10,1,8.2,1,4.9,2.0,Low,Low,12,Monday,0,0
4014,Low,Service Request,Phone,Standard,11,1,0.8,2,13.2,0.0,Medium,High,20,Thursday,0,0
4015,High,Incident,Phone,Premium,13,2,2.5,1,10.3,2.0,Medium,Low,2,Sunday,0,1
4016,Low,Incident,Portal,Premium,9,1,4.3,1,10.0,2.0,Low,Low,7,Friday,1,0
4017,High,Problem,Portal,Standard,7,1,6.8,1,2.7,3.0,Low,High,18,Sunday,0,0
4018,Medium,Service Request,Monitoring,Premium,12,1,11.5,1,13.7,2.0,Low,Medium,16,Wednesday,0,0
4019,Low,Incident,Email,Enterprise,2,1,9.9,1,,2.0,Low,Low,22,Wednesday,1,0
4020,Medium,Incident,Portal,Standard,7,2,3.2,1,11.1,4.0,Medium,Low,19,Monday,0,0
4021,Low,Incident,Email,Premium,11,1,8.0,2,,2.0,Low,Medium,3,Tuesday,1,0
4022,Low,Problem,Email,Standard,5,2,10.5,1,16.9,3.0,Low,Medium,4,Friday,0,0
4023,Low,Incident,Monitoring,Standard,6,3,0.5,1,8.6,4.0,Low,Medium,3,Wednesday,0,0
4024,Low,Incident,Portal,Premium,6,1,9.0,2,11.9,1.0,Medium,Low,22,Monday,0,0
4025,Medium,Incident,Monitoring,Standard,8,2,8.5,1,4.7,4.0,High,Medium,10,Wednesday,1,1
4026,Low,Service Request,Portal,Standard,4,1,14.0,1,11.9,2.0,Low,High,16,Tuesday,0,0
4027,High,Incident,Portal,Enterprise,10,3,3.6,1,13.3,0.0,Medium,Medium,5,Monday,0,0
4028,Medium,Incident,Portal,Enterprise,7,1,12.0,1,3.3,4.0,Medium,Low,14,Sunday,0,0
4029,Medium,Incident,Portal,Standard,5,5,12.3,1,1.7,1.0,Low,High,22,Friday,0,0
4030,High,Service Request,Email,Enterprise,11,3,13.0,1,21.1,,Low,Low,6,Thursday,0,1
4031,Medium,Incident,Phone,Premium,6,2,11.3,1,15.1,3.0,Low,Medium,15,Sunday,0,0
4032,Low,Incident,Portal,Standard,9,1,5.8,1,14.9,0.0,Low,Low,4,Sunday,0,0
4033,Critical,Incident,Email,Standard,9,0,1.7,1,5.2,2.0,Low,Medium,19,Monday,1,0
4034,Low,Access,Portal,Enterprise,5,3,6.6,2,11.0,3.0,High,Low,1,Monday,0,0
4035,Medium,Incident,Portal,Standard,8,2,6.0,2,9.1,1.0,Low,High,15,Thursday,1,1
4036,Medium,Incident,Portal,Premium,4,1,8.6,2,7.5,1.0,Low,Medium,9,Friday,0,0
4037,Medium,Incident,Email,Standard,12,0,5.4,1,15.3,1.0,High,Medium,22,Thursday,0,0
4038,Medium,Incident,Phone,Standard,10,3,1.3,1,7.5,5.0,Medium,Low,0,Sunday,0,1
4039,High,Incident,Monitoring,Standard,9,2,4.2,2,7.1,2.0,Medium,Low,6,Thursday,0,1
4040,Medium,Incident,Monitoring,Premium,13,1,12.2,1,7.7,1.0,Low,High,3,Thursday,0,0
4041,Low,Access,Portal,Standard,7,1,9.3,1,11.4,0.0,Low,Medium,0,Thursday,0,0
4042,Medium,Problem,Email,Premium,9,0,4.2,2,3.0,3.0,Medium,Medium,19,Sunday,0,0
4043,High,Incident,Portal,Standard,10,2,5.3,1,11.2,2.0,Medium,High,18,Tuesday,0,0
4044,High,Problem,Portal,Standard,5,0,8.6,1,3.2,3.0,Medium,Low,13,Thursday,1,0
4045,Medium,Incident,Portal,Standard,7,2,12.5,1,36.5,3.0,Low,Medium,3,Thursday,0,1
4046,Medium,Incident,Portal,Standard,6,1,4.2,1,3.4,4.0,Low,Medium,14,Thursday,1,1
4047,Low,Problem,Phone,Premium,12,0,13.5,2,7.7,2.0,Medium,Low,3,Thursday,0,0
4048,Medium,Incident,Phone,Enterprise,6,0,3.1,1,11.8,2.0,Low,Low,22,Sunday,0,0
4049,Medium,Service Request,Portal,Standard,3,1,10.9,2,8.5,4.0,Low,Medium,13,Friday,1,1
4050,High,Incident,Phone,Standard,7,1,13.9,1,8.8,0.0,High,Medium,9,Saturday,0,0
4051,High,Access,Phone,Enterprise,9,2,12.2,2,4.5,0.0,Low,Low,17,Monday,0,1
4052,High,Incident,Portal,Standard,10,1,10.8,2,15.0,4.0,Low,Low,19,Tuesday,0,1
4053,Low,Access,Monitoring,Standard,8,5,1.0,2,13.1,3.0,Medium,Medium,0,Saturday,0,1
4054,Low,Problem,Portal,Standard,15,1,2.2,4,9.5,3.0,Low,Medium,5,Wednesday,0,0
4055,Critical,Incident,Monitoring,Premium,4,1,9.6,2,9.5,1.0,Medium,Medium,7,Friday,0,0
4056,Critical,Incident,Portal,Standard,12,2,12.1,1,5.8,0.0,Medium,Low,0,Tuesday,0,0
4057,Medium,Incident,Portal,Premium,10,2,4.9,2,2.9,2.0,Medium,Low,7,Tuesday,0,0
4058,Low,Incident,Portal,Premium,9,3,2.9,1,5.3,0.0,High,High,0,Thursday,0,0
4059,Medium,Incident,Portal,Premium,9,0,8.9,1,2.3,1.0,Medium,High,19,Monday,0,0
4060,Medium,Incident,Email,Standard,7,0,0.8,1,4.9,0.0,Medium,High,19,Monday,1,0
4061,Medium,Incident,Portal,Standard,8,0,12.5,1,12.0,1.0,High,High,17,Tuesday,1,0
4062,High,Incident,Portal,Enterprise,8,0,11.4,1,4.5,1.0,Low,Low,6,Thursday,0,0
4063,High,Incident,Email,Premium,12,1,8.1,1,11.0,0.0,Low,Medium,7,Friday,0,0
4064,Critical,Problem,Portal,Enterprise,10,2,13.3,1,4.2,0.0,Medium,High,20,Monday,0,0
4065,Low,Incident,Monitoring,Standard,3,2,6.9,1,11.0,0.0,Medium,Medium,8,Wednesday,0,1
4066,Critical,Problem,Email,Standard,7,1,2.9,3,11.2,1.0,Low,Low,16,Friday,0,0
4067,Low,Incident,Portal,Premium,8,1,9.4,2,2.0,2.0,Medium,Low,5,Tuesday,1,0
4068,High,Incident,Phone,Premium,10,1,4.4,1,2.0,1.0,Medium,Low,4,Sunday,0,0
4069,Critical,Incident,Portal,Standard,7,1,10.1,1,11.6,2.0,Medium,High,15,Tuesday,1,1
4070,Critical,Problem,Portal,Standard,12,3,4.8,1,8.6,1.0,Medium,Low,19,Sunday,0,0
4071,Low,Problem,Portal,Standard,8,3,3.8,1,12.4,3.0,Low,Low,6,Thursday,0,0
4072,Medium,Incident,Email,Standard,7,1,12.4,3,5.2,1.0,Low,Low,18,Monday,1,1
4073,High,Incident,Phone,Standard,9,1,2.0,1,2.3,0.0,Low,High,0,Sunday,0,0
4074,High,Incident,Phone,Enterprise,5,2,10.6,1,7.0,1.0,Medium,Low,7,Sunday,1,1
4075,High,Access,Phone,Premium,8,1,12.6,4,21.3,1.0,Low,High,13,Saturday,0,0
4076,Medium,Problem,Portal,Premium,7,3,4.5,1,0.8,0.0,Low,Low,5,Friday,0,0
4077,Medium,Problem,Email,Standard,8,1,13.5,2,16.4,2.0,Low,Medium,11,Sunday,1,1
4078,Low,Incident,Portal,Standard,9,4,8.4,2,10.2,1.0,Medium,Low,3,Saturday,0,0
4079,Medium,Service Request,Email,Standard,7,0,2.1,2,8.5,2.0,Medium,Medium,2,Wednesday,1,1
4080,Medium,Incident,Portal,Standard,4,2,5.7,2,19.2,2.0,Low,Low,8,Sunday,0,1
4081,Medium,Incident,Email,Premium,3,1,5.8,1,10.6,3.0,Medium,Low,8,Monday,0,0
4082,High,Incident,Portal,Standard,11,0,5.0,1,20.1,3.0,Low,Medium,14,Wednesday,1,1
4083,Medium,Access,Portal,Standard,9,2,10.8,1,12.5,3.0,Medium,Medium,2,Monday,0,1
4084,Low,Service Request,Phone,Premium,6,1,3.7,3,6.5,0.0,Low,Low,19,Wednesday,0,0
4085,Medium,Access,Phone,Standard,8,0,12.8,1,6.7,3.0,Medium,Low,6,Thursday,1,0
4086,Low,Incident,Portal,Standard,4,2,12.5,3,14.3,0.0,Medium,Medium,5,Tuesday,1,0
4087,Medium,Incident,Portal,Standard,17,2,3.3,2,3.8,3.0,Medium,Medium,18,Tuesday,0,1
4088,Medium,Access,Phone,Standard,11,1,6.1,1,,1.0,Low,Medium,2,Monday,1,1
4089,High,Service Request,Phone,Standard,6,2,4.8,2,9.8,2.0,Medium,Low,15,Sunday,0,0
4090,Medium,Incident,Email,Premium,11,1,1.5,2,15.7,2.0,Low,Medium,22,Thursday,0,1
4091,Medium,Incident,Portal,Enterprise,3,1,11.1,2,12.6,0.0,Low,Low,18,Monday,0,0
4092,Medium,Problem,Portal,Enterprise,6,0,9.4,1,4.9,0.0,High,Low,7,Sunday,0,0
4093,Low,Access,Portal,Enterprise,6,2,10.5,1,13.5,3.0,High,Low,18,Saturday,0,1
4094,Low,Service Request,Email,Standard,6,0,12.6,1,8.5,3.0,Low,Medium,11,Friday,0,0
4095,Low,Service Request,Portal,Premium,9,0,2.3,1,9.6,,Low,Low,2,Sunday,0,0
4096,High,Incident,Email,Standard,11,1,1.2,1,16.2,2.0,Low,Medium,2,Tuesday,0,1
4097,Low,Incident,Phone,Standard,6,1,9.8,3,9.1,2.0,Low,High,7,Saturday,1,0
4098,Medium,Access,Phone,Standard,10,1,12.1,1,8.1,3.0,Medium,Medium,21,Wednesday,0,0
4099,Critical,Access,Phone,Standard,7,0,10.6,1,2.4,0.0,Low,Low,17,Monday,0,0
4100,High,Service Request,Phone,Enterprise,8,3,2.9,1,17.5,2.0,Medium,Medium,2,Monday,0,0
4101,High,Incident,Portal,Premium,8,7,4.8,1,11.9,3.0,Medium,Low,5,Monday,0,1
4102,Low,Problem,Email,Premium,7,4,5.0,2,5.1,0.0,Low,High,5,Sunday,1,0
4103,High,Incident,Phone,Standard,8,1,1.6,2,16.2,2.0,Medium,Low,1,Wednesday,1,1
4104,Low,Incident,Email,Premium,5,1,9.4,4,10.8,,Medium,Low,3,Saturday,0,0
4105,High,Service Request,Phone,Premium,15,1,12.9,1,18.7,3.0,Medium,High,16,Saturday,0,0
4106,High,Problem,Email,Premium,8,1,2.8,4,5.6,1.0,High,Low,4,Sunday,0,0
4107,Low,Incident,Portal,Standard,6,1,13.2,2,1.1,2.0,Medium,Low,3,Tuesday,0,0
4108,Medium,Incident,Email,Premium,4,0,10.8,1,3.5,3.0,High,Low,2,Thursday,0,0
4109,High,Incident,Portal,Standard,8,2,,1,8.2,4.0,Medium,Medium,11,Thursday,0,1
4110,High,Service Request,Email,Premium,9,3,5.5,4,28.3,2.0,High,Low,3,Sunday,0,1
4111,Medium,Access,Email,Standard,6,2,,1,15.5,2.0,Medium,High,3,Wednesday,1,0
4112,High,Problem,Phone,Enterprise,7,0,0.8,1,13.7,1.0,Low,Medium,13,Saturday,0,1
4113,High,Incident,Phone,Standard,5,0,3.2,1,5.8,0.0,Low,Low,4,Sunday,1,0
4114,High,Incident,Portal,Standard,9,1,4.6,1,7.7,1.0,Medium,Medium,8,Thursday,0,1
4115,High,Access,Portal,Premium,6,1,5.1,1,23.4,2.0,Low,Medium,6,Monday,0,1
4116,High,Incident,Phone,Premium,2,1,7.6,1,15.3,3.0,High,Medium,6,Wednesday,1,1
4117,Low,Incident,Phone,Standard,8,0,12.4,1,3.3,5.0,High,Low,12,Friday,0,0
4118,Medium,Incident,Email,Premium,6,1,5.4,2,7.4,0.0,High,Low,22,Monday,0,0
4119,High,Incident,Monitoring,Standard,4,0,4.8,2,7.8,1.0,Medium,Medium,6,Sunday,0,0
4120,High,Access,Portal,Standard,7,1,13.6,3,8.7,3.0,Medium,Low,23,Thursday,1,0
4121,Medium,Problem,Email,Standard,12,1,9.5,1,17.5,2.0,Medium,Medium,3,Wednesday,1,0
4122,Medium,Problem,Phone,Enterprise,8,1,9.7,1,2.4,2.0,Low,Low,17,Saturday,0,0
4123,Critical,Service Request,Portal,Premium,12,2,10.4,2,8.0,0.0,Medium,Medium,9,Wednesday,0,0
4124,Low,Incident,Portal,Standard,11,1,9.6,1,8.6,2.0,Low,Medium,10,Tuesday,0,0
4125,Medium,Access,Email,Standard,7,2,5.0,1,1.4,1.0,Low,Low,4,Friday,0,0
4126,High,Access,Portal,Premium,12,1,14.1,1,14.4,1.0,Low,Medium,20,Saturday,0,0
4127,Low,Problem,Portal,Standard,11,0,10.9,4,8.6,1.0,Medium,Low,7,Tuesday,0,0
4128,High,Service Request,Portal,Premium,9,0,9.4,2,4.9,2.0,High,Low,0,Saturday,0,1
4129,Medium,Incident,Email,Premium,6,1,0.6,2,13.0,2.0,Low,Low,2,Tuesday,0,0
4130,Low,Access,Email,Premium,5,0,8.1,2,10.0,3.0,Low,High,18,Wednesday,1,0
4131,High,Incident,Portal,Standard,8,0,2.5,1,1.3,2.0,Low,Medium,9,Monday,1,0
4132,Medium,Incident,Email,Standard,9,0,5.0,2,8.1,4.0,Low,Medium,17,Saturday,0,0
4133,Medium,Service Request,Phone,Premium,8,3,3.2,1,6.6,3.0,Low,Medium,6,Tuesday,1,1
4134,Low,Access,Portal,Premium,15,0,4.5,1,4.8,1.0,Medium,Low,17,Monday,1,0
4135,Low,Service Request,Phone,Premium,4,3,11.4,1,0.4,,Low,High,1,Wednesday,0,0
4136,Critical,Incident,Portal,Premium,8,3,7.8,2,6.2,1.0,Low,High,12,Thursday,0,1
4137,Low,Service Request,Email,Enterprise,6,2,2.0,2,9.4,2.0,Medium,Medium,22,Wednesday,1,1
4138,Low,Problem,Portal,Enterprise,7,1,3.8,2,4.7,2.0,Low,Low,12,Monday,1,0
4139,Critical,Incident,Email,Premium,9,3,4.7,2,3.2,3.0,High,Low,16,Wednesday,0,1
4140,Medium,Service Request,Email,Premium,7,2,11.9,1,16.4,1.0,High,Low,15,Wednesday,0,0
4141,High,Access,Portal,Enterprise,6,2,13.5,2,3.2,1.0,Low,Low,3,Monday,0,0
4142,Low,Incident,Portal,Premium,4,3,7.1,4,9.2,2.0,High,Low,14,Wednesday,1,1
4143,High,Access,Monitoring,Standard,4,0,7.2,1,7.3,4.0,Low,Low,8,Tuesday,0,0
4144,High,Incident,Portal,Enterprise,10,2,8.6,1,15.4,1.0,Medium,Medium,17,Thursday,1,1
4145,High,Service Request,Monitoring,Enterprise,11,0,3.3,1,1.0,1.0,Low,Low,21,Sunday,0,0
4146,Critical,Incident,Portal,Premium,5,0,12.2,1,,1.0,Low,Low,17,Saturday,1,0
4147,Medium,Incident,Monitoring,Standard,4,2,10.6,2,7.1,4.0,Medium,Medium,13,Thursday,0,0
4148,Medium,Incident,Monitoring,Enterprise,8,2,12.3,1,17.6,5.0,Low,High,9,Sunday,0,0
4149,Low,Service Request,Email,Enterprise,10,1,5.8,1,7.5,0.0,Low,High,23,Friday,0,0
4150,Low,Service Request,Phone,Standard,9,2,9.0,1,4.6,2.0,High,Low,14,Saturday,0,0
4151,Medium,Problem,Phone,Standard,7,2,12.8,1,4.9,3.0,Medium,Low,20,Wednesday,1,0
4152,Medium,Problem,Portal,Standard,9,1,8.4,2,15.1,3.0,High,Low,3,Friday,0,0
4153,High,Incident,Portal,Standard,6,2,8.7,3,12.2,,High,Low,17,Friday,0,0
4154,Low,Problem,Portal,Standard,7,0,12.1,2,10.9,2.0,Low,Medium,18,Saturday,0,0
4155,Low,Service Request,Monitoring,Enterprise,8,0,13.5,1,9.4,1.0,Low,High,3,Saturday,0,0
4156,Medium,Incident,Portal,Enterprise,6,2,2.0,2,11.9,2.0,Low,Medium,5,Friday,0,1
4157,Critical,Incident,Email,Premium,6,1,7.6,4,3.6,4.0,Low,Low,15,Monday,0,0
4158,High,Service Request,Email,Premium,3,0,7.2,1,14.2,,Medium,Medium,1,Friday,1,0
4159,Low,Incident,Email,Standard,8,3,13.2,1,15.3,2.0,Medium,Medium,6,Friday,0,0
4160,Low,Incident,Phone,Premium,10,2,7.9,2,7.2,1.0,Medium,Medium,3,Monday,0,0
4161,High,Incident,Portal,Standard,5,1,12.5,2,11.2,0.0,Low,Low,12,Monday,0,0
4162,High,Service Request,Portal,Standard,10,1,1.3,1,1.9,1.0,Medium,Low,7,Friday,1,1
4163,Medium,Incident,Monitoring,Premium,10,3,5.6,2,6.0,1.0,Low,Low,15,Saturday,0,0
4164,Critical,Incident,Portal,Enterprise,4,1,4.6,1,4.0,1.0,Medium,Low,8,Monday,0,0
4165,High,Incident,Portal,Premium,11,3,0.9,1,8.5,2.0,Low,Medium,12,Monday,1,0
4166,Low,Access,Portal,Standard,7,1,3.6,2,8.7,1.0,Low,Low,13,Friday,1,1
4167,Medium,Incident,Email,Enterprise,12,0,13.4,1,18.5,3.0,Low,High,18,Monday,0,0
4168,High,Service Request,Email,Standard,7,1,4.1,1,10.4,3.0,Low,High,0,Monday,0,0
4169,Low,Service Request,Phone,Standard,9,0,,1,9.7,3.0,Low,Low,20,Monday,0,0
4170,High,Service Request,Portal,Standard,10,2,3.9,2,36.0,4.0,Low,High,20,Friday,0,1
4171,Medium,Service Request,Monitoring,Standard,1,4,14.0,1,10.0,2.0,Medium,Medium,9,Thursday,0,1
4172,Low,Access,Portal,Standard,7,1,0.9,2,3.4,0.0,Medium,Medium,15,Saturday,0,0
4173,Medium,Service Request,Portal,Enterprise,5,3,1.4,1,32.7,3.0,Low,Low,3,Thursday,0,1
4174,High,Incident,Phone,Standard,5,1,7.0,1,6.1,2.0,Medium,Medium,15,Friday,0,0
4175,High,Incident,Monitoring,Standard,11,1,14.2,1,6.7,0.0,Low,Medium,3,Tuesday,1,0
4176,Medium,Service Request,Monitoring,Enterprise,7,1,14.1,2,9.0,1.0,Low,Low,0,Tuesday,0,1
4177,Low,Incident,Phone,Premium,7,2,13.3,1,5.0,2.0,Low,Low,0,Saturday,0,0
4178,High,Problem,Portal,Standard,8,0,6.2,1,15.7,1.0,Low,Medium,11,Monday,0,0
4179,Critical,Incident,Email,Standard,4,0,14.3,1,10.7,2.0,Medium,Medium,10,Tuesday,0,0
4180,Medium,Problem,Email,Standard,6,2,13.1,1,1.0,2.0,Low,Medium,15,Thursday,0,0
4181,High,Access,Email,Premium,9,2,13.1,2,11.1,1.0,Low,High,7,Sunday,0,1
4182,Medium,Access,Portal,Enterprise,7,2,1.6,2,5.1,1.0,Low,Medium,22,Monday,0,0
4183,Low,Problem,Portal,Standard,8,0,10.5,2,2.5,2.0,Low,Medium,0,Sunday,0,0
4184,High,Service Request,Portal,Premium,8,1,3.0,1,6.2,5.0,Low,High,22,Saturday,0,0
4185,High,Incident,Phone,Premium,6,2,13.1,1,6.7,1.0,High,Low,15,Friday,0,1
4186,Low,Incident,Portal,Standard,11,0,8.9,2,6.3,0.0,Medium,Low,10,Thursday,0,0
4187,High,Service Request,Email,Premium,6,1,0.8,3,5.6,2.0,Medium,Medium,11,Wednesday,1,0
4188,High,Service Request,Portal,Standard,5,1,4.9,1,8.5,2.0,Low,Low,1,Sunday,0,0
4189,Medium,Incident,Portal,Premium,8,2,9.0,2,11.5,0.0,Medium,Medium,14,Thursday,0,1
4190,Medium,Access,Monitoring,Standard,6,0,6.9,1,1.2,1.0,High,High,3,Tuesday,1,0
4191,Low,Service Request,Portal,Premium,7,1,3.6,3,3.1,1.0,Low,Medium,11,Friday,1,0
4192,Critical,Incident,Email,Standard,8,1,2.6,1,7.0,1.0,Low,Medium,4,Tuesday,0,0
4193,High,Service Request,Monitoring,Premium,7,0,6.4,2,9.1,1.0,Medium,High,12,Friday,0,1
4194,Critical,Incident,Portal,Premium,6,3,3.0,1,16.9,3.0,High,Medium,11,Wednesday,0,1
4195,Medium,Incident,Portal,Standard,7,0,3.6,1,6.9,1.0,Low,High,6,Saturday,0,0
4196,Medium,Service Request,Portal,Enterprise,9,3,13.5,1,2.8,2.0,High,High,2,Monday,0,0
4197,Critical,Service Request,Monitoring,Standard,7,0,4.0,2,0.7,4.0,High,Medium,22,Tuesday,0,0
4198,Medium,Incident,Portal,Standard,4,1,,1,6.0,4.0,Low,Low,11,Tuesday,0,0
4199,Medium,Incident,Portal,Enterprise,9,1,5.8,4,21.7,3.0,Low,Medium,8,Friday,1,1
4200,Medium,Incident,Monitoring,Premium,6,2,8.8,1,12.9,4.0,High,Medium,0,Friday,0,1
4201,High,Incident,Phone,Enterprise,3,2,8.8,4,6.2,0.0,Low,Medium,12,Saturday,0,1
4202,Medium,Incident,Portal,Standard,9,1,7.8,1,5.8,0.0,Low,Low,18,Wednesday,1,0
4203,High,Access,Portal,Standard,8,0,14.1,1,12.3,3.0,High,Medium,12,Thursday,0,0
4204,High,Incident,Email,Standard,9,1,7.5,3,21.4,4.0,High,High,17,Friday,0,1
4205,High,Incident,Portal,Standard,8,1,4.2,2,5.5,4.0,Medium,Low,7,Monday,0,0
4206,High,Incident,Portal,Standard,6,0,3.6,1,11.6,0.0,Low,Low,2,Saturday,1,0
4207,Medium,Service Request,Portal,Premium,5,1,5.2,2,,1.0,Medium,Low,12,Friday,0,0
4208,Medium,Problem,Email,Enterprise,4,0,5.4,1,5.7,,Medium,Medium,17,Wednesday,0,0
4209,Low,Access,Email,Standard,7,2,4.7,1,8.5,2.0,Low,Medium,15,Friday,1,0
4210,Low,Problem,Portal,Premium,5,0,4.4,3,3.2,2.0,High,Medium,22,Sunday,0,0
4211,Low,Incident,Portal,Premium,8,1,0.8,2,2.2,1.0,Low,Medium,8,Monday,0,0
4212,Low,Incident,Portal,Standard,7,0,8.7,1,14.8,0.0,Medium,Medium,0,Sunday,0,1
4213,Medium,Incident,Portal,Premium,10,0,6.4,1,7.0,3.0,Low,Medium,23,Monday,1,0
4214,Medium,Incident,Monitoring,Standard,8,1,14.8,2,7.0,0.0,Low,Low,4,Friday,0,0
4215,Low,Incident,Email,Standard,12,0,14.7,2,26.9,1.0,Low,Medium,22,Wednesday,1,1
4216,Medium,Incident,Monitoring,Standard,6,6,2.5,1,13.4,2.0,Low,Medium,8,Tuesday,1,0
4217,Low,Access,Portal,Premium,12,2,11.1,2,8.7,1.0,Low,Low,5,Wednesday,1,0
4218,Critical,Problem,Portal,Standard,9,2,1.7,3,9.5,0.0,High,High,5,Friday,1,1
4219,High,Problem,Portal,Standard,7,3,10.2,1,4.2,3.0,Medium,Low,14,Friday,0,0
4220,Critical,Service Request,Portal,Premium,9,3,10.1,1,6.6,3.0,Medium,Low,20,Thursday,0,0
4221,High,Service Request,Monitoring,Standard,2,1,14.8,1,10.9,2.0,Medium,Low,21,Saturday,0,0
4222,Medium,Incident,Email,Enterprise,13,2,4.9,1,11.1,4.0,Medium,Low,18,Monday,1,0
4223,Medium,Incident,Phone,Enterprise,7,1,7.4,1,8.8,1.0,Medium,Medium,18,Monday,0,0
4224,Medium,Service Request,Email,Standard,8,0,10.4,2,11.4,1.0,Low,Low,23,Sunday,0,0
4225,Medium,Service Request,Portal,Standard,8,1,3.9,1,6.9,2.0,High,High,21,Tuesday,0,1
4226,Medium,Incident,Portal,Standard,8,2,6.0,1,6.0,2.0,Medium,Low,2,Saturday,0,0
4227,Low,Service Request,Portal,Standard,9,0,11.8,1,25.9,2.0,Low,Low,8,Monday,0,1
4228,Medium,Incident,Monitoring,Standard,4,1,3.6,1,19.2,2.0,Medium,Medium,0,Monday,0,1
4229,Medium,Incident,Email,Standard,13,1,9.1,1,7.7,1.0,Low,Medium,0,Saturday,1,0
4230,Medium,Incident,Portal,Standard,5,1,13.8,1,17.0,1.0,Medium,Low,10,Tuesday,0,0
4231,Low,Problem,Phone,Premium,7,3,6.7,1,5.0,4.0,Low,Low,11,Sunday,1,0
4232,High,Problem,Portal,Premium,5,5,8.7,1,11.4,3.0,Medium,High,20,Monday,0,1
4233,Medium,Incident,Portal,Standard,8,2,7.3,1,4.3,3.0,Low,Low,10,Sunday,0,0
4234,Medium,Problem,Portal,Standard,10,1,13.1,2,4.9,2.0,Low,Low,16,Thursday,0,0
4235,High,Service Request,Phone,Premium,9,2,,2,2.7,0.0,Medium,Medium,4,Wednesday,0,0
4236,Low,Incident,Portal,Standard,12,0,9.8,2,9.4,2.0,Low,Low,2,Tuesday,1,0
4237,Medium,Incident,Phone,Premium,6,2,5.4,1,6.0,1.0,High,Low,13,Monday,0,0
4238,Medium,Incident,Monitoring,Standard,7,0,13.7,1,7.4,2.0,Low,High,0,Thursday,0,0
4239,Medium,Service Request,Phone,Standard,4,3,3.6,2,11.8,6.0,High,Low,16,Sunday,0,1
4240,Medium,Service Request,Email,Premium,10,0,9.7,2,4.3,4.0,Medium,Low,7,Friday,0,0
4241,Medium,Access,Portal,Enterprise,12,4,13.2,1,1.3,0.0,High,Medium,7,Tuesday,1,1
4242,Medium,Problem,Portal,Premium,11,1,12.5,4,10.3,1.0,Medium,High,4,Monday,0,0
4243,High,Incident,Portal,Premium,5,1,1.4,1,23.9,1.0,Low,High,20,Tuesday,0,1
4244,High,Incident,Portal,Enterprise,6,3,8.8,1,13.1,,Low,High,10,Thursday,0,1
4245,High,Service Request,Phone,Premium,5,0,9.5,1,6.5,2.0,Low,Medium,0,Wednesday,0,0
4246,Medium,Incident,Portal,Standard,10,2,6.6,3,3.5,1.0,Low,Medium,3,Saturday,0,0
4247,High,Incident,Portal,Standard,8,0,3.2,1,14.5,1.0,Low,Low,0,Wednesday,0,0
4248,Medium,Access,Monitoring,Standard,16,0,7.9,1,4.9,1.0,Medium,Medium,5,Monday,0,0
4249,Medium,Problem,Email,Premium,14,2,1.8,1,2.5,4.0,High,Low,3,Thursday,0,1
4250,Medium,Problem,Portal,Enterprise,10,1,,1,21.1,4.0,Medium,Low,1,Thursday,0,1
4251,Medium,Service Request,Phone,Premium,8,0,11.5,2,16.4,4.0,Medium,Low,10,Sunday,0,1
4252,High,Incident,Portal,Standard,5,1,2.0,1,17.7,3.0,Medium,Medium,19,Tuesday,0,1
4253,Low,Incident,Portal,Premium,10,1,11.3,1,3.1,1.0,Low,Medium,4,Tuesday,0,0
4254,Low,Service Request,Portal,Standard,5,1,10.8,2,11.6,1.0,Medium,Medium,6,Friday,1,0
4255,Medium,Incident,Phone,Standard,12,4,4.0,1,2.1,1.0,Low,High,7,Saturday,0,0
4256,Medium,Service Request,Phone,Enterprise,6,0,6.9,4,4.7,2.0,Medium,Low,11,Sunday,0,0
4257,Low,Problem,Phone,Enterprise,8,4,,1,7.5,2.0,Medium,Medium,18,Wednesday,1,0
4258,Low,Service Request,Email,Standard,14,1,13.3,1,3.3,2.0,High,Low,20,Tuesday,0,0
4259,Medium,Incident,Portal,Standard,2,1,2.2,3,15.1,2.0,Medium,Medium,21,Monday,1,0
4260,High,Access,Monitoring,Standard,2,1,9.3,2,16.8,2.0,Low,Medium,5,Wednesday,0,0
4261,Medium,Incident,Portal,Standard,11,2,2.9,1,6.3,6.0,High,High,21,Saturday,1,1
4262,Low,Incident,Portal,Standard,8,2,2.9,2,4.8,1.0,Low,Low,10,Tuesday,1,1
4263,Medium,Service Request,Portal,Standard,5,1,13.0,1,8.1,1.0,Low,Medium,7,Wednesday,0,0
4264,High,Service Request,Portal,Premium,6,3,5.7,2,4.4,0.0,Low,Medium,2,Thursday,0,0
4265,Medium,Incident,Email,Premium,7,2,2.7,2,6.7,0.0,Low,High,8,Monday,0,0
4266,High,Service Request,Portal,Enterprise,12,0,9.7,2,2.2,1.0,Medium,High,10,Wednesday,1,0
4267,Medium,Incident,Portal,Enterprise,5,0,13.1,1,,2.0,Low,Medium,2,Sunday,0,0
4268,Low,Access,Monitoring,Standard,8,1,4.0,1,3.3,4.0,High,Low,2,Wednesday,0,1
4269,Low,Access,Portal,Standard,10,0,4.0,1,13.7,1.0,Low,Low,21,Tuesday,0,0
4270,High,Incident,Monitoring,Premium,9,2,6.3,1,7.9,4.0,Medium,Medium,19,Saturday,1,0
4271,Medium,Incident,Email,Premium,5,1,8.6,1,15.0,2.0,Medium,Low,17,Thursday,1,1
4272,Medium,Incident,Phone,Premium,7,3,9.6,1,3.9,1.0,Low,High,2,Friday,0,0
4273,Medium,Service Request,Portal,Premium,6,1,5.3,4,2.6,1.0,Medium,High,21,Sunday,0,1
4274,Low,Service Request,Email,Standard,4,3,6.3,1,3.8,2.0,Low,Medium,2,Thursday,0,0
4275,Low,Service Request,Portal,Standard,9,4,8.4,3,9.2,2.0,Low,Low,15,Friday,0,0
4276,High,Incident,Phone,Enterprise,8,2,,2,5.3,5.0,Low,Low,22,Tuesday,0,1
4277,Low,Service Request,Monitoring,Premium,8,0,12.1,2,9.2,1.0,Medium,Low,0,Thursday,0,0
4278,Medium,Access,Monitoring,Standard,9,3,2.8,4,19.5,2.0,Low,Low,5,Sunday,0,0
4279,High,Service Request,Portal,Standard,9,3,8.3,2,3.1,4.0,Low,Medium,2,Wednesday,1,1
4280,High,Problem,Portal,Premium,8,3,5.3,1,11.3,2.0,Low,Low,4,Saturday,0,0
4281,Critical,Incident,Email,Premium,8,0,6.4,1,3.7,1.0,Low,Low,15,Thursday,1,0
4282,Low,Problem,Monitoring,Standard,4,0,13.0,2,11.3,2.0,Low,High,22,Monday,0,0
4283,Medium,Incident,Portal,Standard,12,0,3.6,1,6.2,1.0,Low,Low,2,Sunday,0,0
4284,High,Incident,Phone,Standard,5,2,12.8,1,8.0,3.0,High,Medium,12,Monday,1,0
4285,Medium,Incident,Email,Premium,11,3,,1,31.4,6.0,Low,Low,11,Thursday,1,1
4286,Medium,Incident,Monitoring,Standard,14,0,3.5,1,0.6,3.0,Low,Medium,8,Wednesday,1,0
4287,Medium,Incident,Portal,Standard,10,4,5.4,3,9.2,3.0,Medium,Low,11,Tuesday,0,1
4288,Low,Incident,Email,Premium,8,0,10.1,1,3.7,,Low,Low,8,Friday,0,0
4289,Low,Incident,Portal,Standard,10,0,2.9,2,15.4,2.0,Low,Medium,11,Friday,1,0
4290,High,Problem,Email,Standard,8,2,9.9,2,11.4,0.0,Medium,High,3,Friday,1,0
4291,Low,Incident,Email,Enterprise,5,0,8.2,2,10.8,2.0,Low,High,17,Friday,0,0
4292,High,Incident,Portal,Enterprise,9,0,14.6,1,2.7,2.0,Low,Medium,12,Friday,0,0
4293,Medium,Incident,Email,Standard,4,2,11.3,1,8.5,3.0,Medium,Medium,2,Sunday,1,0
4294,Low,Incident,Phone,Premium,11,0,1.9,1,15.1,2.0,High,High,2,Saturday,0,1
4295,High,Problem,Portal,Premium,9,0,7.7,1,18.9,5.0,Low,High,13,Tuesday,0,0
4296,Low,Incident,Phone,Standard,7,2,5.8,1,4.0,2.0,High,Medium,18,Tuesday,0,0
4297,Low,Service Request,Portal,Premium,9,3,12.9,1,7.3,1.0,Low,Low,21,Thursday,0,0
4298,High,Access,Portal,Premium,3,1,5.8,3,22.9,4.0,Medium,Low,15,Thursday,0,1
4299,Medium,Service Request,Phone,Standard,6,0,12.0,3,8.8,2.0,High,Medium,2,Wednesday,0,0
4300,High,Incident,Phone,Standard,7,2,3.3,3,6.6,2.0,Medium,Low,12,Thursday,0,0
4301,Critical,Service Request,Email,Standard,6,0,11.2,1,4.6,2.0,Medium,Medium,21,Saturday,0,1
4302,High,Incident,Portal,Premium,8,0,8.0,1,23.4,1.0,Low,Low,3,Friday,0,1
4303,High,Problem,Phone,Standard,9,1,3.2,1,19.7,2.0,Low,Medium,10,Wednesday,0,1
4304,Medium,Access,Portal,Enterprise,3,2,5.0,1,4.6,0.0,Low,Low,10,Saturday,0,1
4305,Low,Problem,Portal,Premium,8,1,13.9,1,1.6,2.0,Low,Low,19,Thursday,0,0
4306,Medium,Access,Monitoring,Standard,4,1,2.7,2,1.4,5.0,Medium,Low,11,Wednesday,1,0
4307,Medium,Incident,Portal,Standard,17,2,4.3,1,,0.0,Low,Medium,1,Monday,0,0
4308,Low,Service Request,Monitoring,Standard,7,2,8.4,1,15.9,2.0,Medium,Low,2,Monday,1,0
4309,Medium,Incident,Phone,Premium,8,3,8.8,1,13.3,5.0,Low,Medium,19,Friday,0,0
4310,High,Incident,Monitoring,Standard,6,1,12.9,1,,3.0,Low,Low,10,Thursday,0,0
4311,High,Incident,Portal,Premium,9,0,8.4,2,5.7,1.0,Medium,Low,22,Saturday,0,1
4312,Medium,Problem,Portal,Standard,6,1,8.2,1,3.6,4.0,Medium,Low,21,Sunday,1,0
4313,Low,Incident,Portal,Standard,7,0,5.5,3,14.9,2.0,Medium,High,16,Tuesday,0,1
4314,Medium,Service Request,Email,Standard,7,1,14.0,1,5.9,3.0,Low,Low,14,Tuesday,0,0
4315,Medium,Incident,Phone,Standard,7,0,5.6,4,30.8,1.0,Medium,Medium,0,Saturday,0,0
4316,Low,Problem,Portal,Standard,12,1,14.2,1,19.5,2.0,Low,Low,13,Tuesday,0,0
4317,High,Service Request,Email,Standard,4,0,14.4,1,11.3,1.0,Low,Low,21,Saturday,0,0
4318,Medium,Service Request,Email,Enterprise,4,0,6.8,1,13.6,5.0,Medium,Low,0,Sunday,0,0
4319,Critical,Incident,Phone,Premium,6,3,11.8,2,3.7,2.0,Low,Low,0,Tuesday,0,0
4320,High,Incident,Portal,Enterprise,5,1,12.3,4,8.9,5.0,Low,Medium,14,Tuesday,0,0
4321,High,Incident,Portal,Enterprise,6,2,11.0,2,21.5,3.0,Medium,Low,4,Friday,1,0
4322,Low,Incident,Phone,Standard,9,3,15.0,1,5.1,2.0,Low,Low,17,Thursday,1,0
4323,High,Incident,Email,Standard,8,0,8.0,2,17.5,4.0,Low,Medium,14,Thursday,0,0
4324,Critical,Problem,Portal,Standard,9,4,6.3,1,13.1,1.0,Medium,Low,22,Saturday,0,0
4325,Medium,Service Request,Email,Premium,12,0,,3,6.5,4.0,Medium,Low,8,Sunday,0,0
4326,Low,Incident,Phone,Standard,7,1,5.8,1,9.7,2.0,Low,Low,2,Tuesday,0,1
4327,Medium,Service Request,Email,Enterprise,9,0,3.6,2,5.1,3.0,Low,Low,2,Monday,0,0
4328,Medium,Incident,Portal,Premium,3,2,13.7,1,15.6,1.0,Medium,Low,4,Monday,0,0
4329,Medium,Incident,Portal,Premium,7,0,7.5,1,8.8,0.0,Low,Medium,21,Saturday,0,0
4330,Medium,Incident,Portal,Standard,11,2,1.1,1,1.3,1.0,Low,Medium,15,Sunday,0,0
4331,Medium,Service Request,Phone,Enterprise,7,4,11.9,3,10.8,5.0,High,Medium,10,Thursday,1,0
4332,Low,Incident,Email,Standard,11,1,0.6,1,14.8,1.0,High,Low,22,Sunday,0,0
4333,Medium,Problem,Phone,Enterprise,8,0,9.6,2,2.6,4.0,Low,Low,2,Wednesday,0,1
4334,High,Incident,Portal,Standard,9,2,3.9,1,12.4,2.0,Medium,Medium,8,Wednesday,0,1
4335,Low,Service Request,Email,Standard,16,0,6.7,1,20.8,4.0,Medium,Medium,15,Tuesday,0,0
4336,Medium,Service Request,Phone,Standard,6,3,8.5,1,5.2,2.0,Low,Low,5,Tuesday,1,0
4337,Low,Incident,Email,Standard,6,1,11.7,2,5.9,4.0,Medium,Low,14,Sunday,1,0
4338,Medium,Service Request,Portal,Standard,11,4,12.0,1,11.8,1.0,Low,Medium,8,Friday,0,0
4339,High,Service Request,Email,Standard,6,0,5.3,2,10.4,2.0,Low,Low,4,Friday,0,0
4340,High,Problem,Portal,Premium,5,3,6.5,1,3.4,2.0,Medium,Low,19,Sunday,0,0
4341,High,Incident,Phone,Standard,14,1,1.0,2,,1.0,High,Low,14,Thursday,1,0
4342,Medium,Access,Portal,Standard,10,1,,1,13.7,3.0,Medium,Medium,8,Sunday,1,0
4343,Medium,Incident,Portal,Premium,5,0,3.0,2,11.9,3.0,High,Medium,11,Sunday,0,0
4344,High,Problem,Portal,Enterprise,8,0,5.5,3,4.3,4.0,Low,Low,22,Tuesday,0,1
4345,Critical,Incident,Email,Premium,8,0,1.5,3,16.9,0.0,Medium,High,21,Monday,1,1
4346,Medium,Incident,Email,Premium,7,2,6.4,1,12.8,2.0,Low,Low,12,Wednesday,1,0
4347,High,Incident,Email,Enterprise,12,0,5.6,1,1.8,2.0,Medium,Medium,4,Thursday,1,0
4348,Low,Problem,Portal,Enterprise,6,1,11.7,2,13.5,1.0,Low,High,15,Sunday,1,0
4349,Critical,Service Request,Portal,Enterprise,10,1,12.4,1,9.9,3.0,High,Medium,9,Saturday,1,1
4350,High,Incident,Portal,Enterprise,8,0,13.6,1,1.6,2.0,Medium,Medium,16,Wednesday,0,0
4351,High,Incident,Monitoring,Premium,6,2,15.0,3,2.7,0.0,Low,Medium,7,Tuesday,1,0
4352,Critical,Problem,Portal,Enterprise,7,0,7.9,1,5.3,1.0,Low,High,12,Friday,0,1
4353,Medium,Incident,Phone,Standard,6,1,10.5,1,15.0,2.0,Low,Low,18,Tuesday,0,0
4354,Critical,Service Request,Email,Premium,11,0,6.6,1,4.7,1.0,Low,High,6,Wednesday,1,0
4355,Medium,Incident,Phone,Enterprise,7,2,,2,8.7,4.0,Low,Medium,10,Monday,0,0
4356,Medium,Problem,Portal,Standard,8,2,11.0,2,14.8,2.0,High,High,21,Sunday,0,0
4357,Medium,Incident,Email,Standard,9,3,1.6,3,7.8,0.0,Low,Low,5,Saturday,0,0
4358,Low,Incident,Portal,Standard,10,0,9.3,1,8.0,4.0,Low,Medium,18,Tuesday,0,0
4359,High,Incident,Email,Standard,12,2,5.7,1,13.9,3.0,Low,Medium,13,Sunday,0,0
4360,High,Service Request,Email,Enterprise,4,0,5.4,2,4.5,,Low,Medium,13,Sunday,0,1
4361,High,Service Request,Email,Premium,13,3,14.4,2,16.6,2.0,Medium,Medium,7,Saturday,0,1
4362,Medium,Service Request,Email,Standard,7,0,4.3,1,21.0,4.0,High,Medium,8,Tuesday,0,1
4363,Low,Service Request,Phone,Enterprise,11,0,5.9,1,7.6,2.0,Medium,Medium,13,Wednesday,0,1
4364,Critical,Service Request,Phone,Premium,6,0,14.5,1,14.6,0.0,Medium,Low,17,Thursday,0,0
4365,Medium,Incident,Portal,Standard,6,0,5.9,1,9.6,2.0,High,Low,18,Monday,0,0
4366,Low,Incident,Email,Enterprise,5,1,9.5,3,17.2,1.0,Low,Medium,19,Friday,1,0
4367,Low,Incident,Portal,Standard,9,2,2.4,1,14.5,1.0,Medium,Low,8,Tuesday,1,1
4368,Medium,Service Request,Portal,Premium,12,2,1.5,2,8.3,0.0,Medium,Medium,22,Friday,0,0
4369,High,Incident,Email,Premium,9,1,,2,31.9,3.0,Low,Low,4,Thursday,0,1
4370,Low,Incident,Email,Enterprise,11,1,9.0,1,8.0,1.0,Medium,Low,6,Monday,1,0
4371,Low,Service Request,Phone,Premium,9,0,13.7,1,12.3,,Low,Low,9,Tuesday,1,1
4372,High,Incident,Portal,Enterprise,3,2,10.2,2,9.7,2.0,High,Low,7,Sunday,1,1
4373,Medium,Incident,Portal,Standard,6,0,9.6,1,13.4,3.0,Low,Medium,10,Monday,0,0
4374,Low,Incident,Portal,Premium,9,0,,1,15.2,1.0,Low,Low,18,Sunday,0,0
4375,Medium,Access,Phone,Standard,10,1,8.2,4,7.7,0.0,Low,Low,4,Sunday,1,1
4376,Low,Incident,Phone,Standard,4,2,2.2,1,17.7,1.0,Medium,Medium,13,Sunday,0,1
4377,High,Incident,Portal,Premium,7,2,,4,2.7,1.0,Medium,Medium,15,Tuesday,0,0
4378,High,Access,Portal,Standard,12,4,14.8,2,,,Low,Low,10,Saturday,0,1
4379,Low,Service Request,Portal,Premium,8,0,10.2,2,13.5,1.0,Low,Low,9,Sunday,1,0
4380,Medium,Service Request,Portal,Enterprise,7,2,7.0,2,9.9,1.0,Medium,High,17,Thursday,0,0
4381,Low,Incident,Portal,Premium,11,0,9.5,1,19.3,1.0,Low,Low,13,Thursday,0,1
4382,Medium,Service Request,Portal,Premium,7,2,1.4,3,3.9,6.0,Medium,Medium,7,Thursday,1,0
4383,High,Access,Portal,Enterprise,8,1,13.1,1,,2.0,High,Medium,7,Thursday,1,0
4384,Low,Incident,Portal,Standard,6,3,4.7,3,15.9,0.0,High,Low,23,Saturday,0,0
4385,Medium,Service Request,Portal,Premium,12,2,10.3,2,25.3,3.0,Low,Low,10,Saturday,0,1
4386,Low,Service Request,Portal,Standard,8,2,,1,6.5,1.0,Low,Low,12,Wednesday,0,1
4387,Critical,Incident,Portal,Standard,7,3,13.9,1,29.4,3.0,High,Low,23,Thursday,1,1
4388,Low,Problem,Portal,Standard,3,1,1.7,1,2.9,1.0,Low,Low,15,Friday,0,1
4389,Critical,Incident,Phone,Standard,7,1,3.5,1,16.4,3.0,Low,Medium,23,Thursday,1,1
4390,Medium,Access,Email,Standard,11,2,4.1,2,8.0,2.0,Low,High,14,Tuesday,0,1
4391,Medium,Incident,Portal,Enterprise,10,2,5.2,2,15.9,3.0,Low,High,2,Saturday,0,0
4392,High,Incident,Email,Enterprise,6,2,1.6,1,8.0,1.0,Medium,Low,14,Sunday,0,1
4393,High,Service Request,Email,Standard,6,0,5.9,1,13.5,5.0,Medium,Medium,0,Wednesday,0,1
4394,Low,Incident,Portal,Premium,5,0,0.5,2,10.8,1.0,Medium,High,15,Thursday,0,0
4395,Medium,Problem,Portal,Standard,7,4,3.5,1,19.5,2.0,Low,Medium,18,Sunday,0,1
4396,Medium,Access,Email,Enterprise,11,2,3.5,1,2.5,2.0,Low,High,14,Friday,1,1
4397,Medium,Service Request,Portal,Premium,11,0,10.7,2,15.4,0.0,Low,Medium,17,Friday,0,1
4398,Medium,Incident,Email,Standard,9,1,7.2,1,13.3,2.0,Low,Medium,11,Saturday,0,0
4399,Low,Incident,Portal,Standard,10,2,7.9,4,15.2,2.0,Low,Medium,9,Tuesday,0,0
4400,Medium,Incident,Portal,Standard,5,2,11.1,1,10.3,3.0,Low,Medium,10,Thursday,0,1
4401,High,Incident,Email,Standard,7,0,1.0,1,17.3,0.0,Low,Low,15,Thursday,0,1
4402,Medium,Incident,Portal,Enterprise,12,2,8.7,1,16.7,2.0,High,Low,8,Saturday,0,1
4403,High,Incident,Email,Standard,6,1,10.6,2,4.3,2.0,Low,Low,22,Thursday,0,0
4404,High,Service Request,Portal,Standard,7,1,10.9,1,3.4,1.0,Low,Low,4,Sunday,0,0
4405,Low,Service Request,Phone,Standard,9,2,9.3,1,11.1,3.0,Low,Medium,5,Friday,1,1
4406,High,Service Request,Phone,Enterprise,7,2,5.1,1,25.5,2.0,Medium,Low,4,Thursday,1,1
4407,Medium,Incident,Monitoring,Standard,6,1,12.9,2,9.6,1.0,Medium,High,15,Thursday,0,0
4408,High,Service Request,Portal,Premium,5,3,9.1,2,7.9,3.0,Low,Low,9,Thursday,1,0
4409,High,Incident,Phone,Standard,4,1,2.1,4,24.0,2.0,Low,Low,17,Sunday,0,1
4410,Critical,Incident,Portal,Premium,8,0,6.0,1,12.8,0.0,Low,Medium,2,Saturday,0,1
4411,Medium,Access,Phone,Standard,7,0,,1,10.5,0.0,Medium,Low,15,Thursday,0,0
4412,Medium,Incident,Portal,Enterprise,5,1,10.2,1,2.9,0.0,Low,Low,8,Monday,0,0
4413,Medium,Problem,Portal,Premium,8,3,10.9,2,5.4,1.0,Medium,Medium,1,Saturday,0,0
4414,Critical,Service Request,Email,Standard,9,0,3.6,1,21.6,2.0,Medium,Low,0,Tuesday,0,0
4415,High,Service Request,Phone,Enterprise,9,1,2.9,1,8.6,1.0,Medium,Low,7,Friday,0,1
4416,Low,Incident,Phone,Standard,9,1,10.1,1,11.2,2.0,Medium,High,20,Tuesday,1,1
4417,Medium,Incident,Portal,Standard,10,2,3.3,3,3.0,1.0,Low,High,18,Sunday,1,1
4418,High,Service Request,Email,Standard,8,1,4.0,1,12.8,1.0,Medium,Low,21,Thursday,0,0
4419,Medium,Incident,Portal,Premium,8,1,10.3,1,15.7,2.0,Medium,High,23,Monday,1,1
4420,High,Service Request,Portal,Standard,3,2,5.0,2,,5.0,Medium,Low,7,Saturday,1,1
4421,Critical,Problem,Portal,Premium,7,2,5.5,1,13.5,1.0,Low,Low,10,Monday,1,0
4422,High,Service Request,Phone,Standard,11,1,3.4,1,12.5,,Medium,Low,1,Wednesday,0,1
4423,High,Incident,Email,Standard,6,1,0.7,1,10.7,3.0,Medium,High,0,Sunday,1,1
4424,High,Service Request,Portal,Standard,5,0,4.8,2,4.2,2.0,Medium,High,10,Wednesday,1,0
4425,Low,Problem,Portal,Standard,4,0,3.7,3,3.0,2.0,High,Medium,2,Thursday,0,0
4426,Medium,Incident,Phone,Premium,6,1,4.3,1,28.3,1.0,Medium,Medium,22,Wednesday,0,1
4427,Low,Incident,Monitoring,Premium,6,2,13.4,4,12.8,4.0,Medium,High,23,Tuesday,0,0
4428,Low,Service Request,Email,Standard,9,0,4.1,1,4.5,2.0,Medium,High,8,Sunday,0,0
4429,Critical,Incident,Email,Enterprise,7,1,2.8,2,10.7,1.0,Low,Low,5,Wednesday,0,1
4430,Medium,Incident,Portal,Enterprise,8,0,9.8,2,9.3,5.0,Low,Low,9,Friday,0,0
4431,High,Incident,Portal,Standard,11,0,4.3,1,8.5,3.0,High,Medium,11,Thursday,0,1
4432,Low,Incident,Phone,Standard,7,2,1.8,3,5.5,1.0,Medium,High,8,Wednesday,1,0
4433,Low,Incident,Phone,Enterprise,11,0,0.9,1,11.4,3.0,Medium,Low,9,Saturday,1,1
4434,Low,Problem,Email,Premium,8,1,4.5,2,8.1,3.0,Low,Low,5,Sunday,0,0
4435,High,Access,Phone,Standard,6,3,6.0,1,8.2,3.0,High,Low,12,Monday,0,1
4436,High,Incident,Portal,Standard,11,0,8.7,1,7.0,1.0,Medium,Medium,8,Tuesday,1,1
4437,Medium,Incident,Portal,Standard,8,0,4.7,1,12.7,1.0,Medium,Medium,11,Thursday,1,0
4438,Medium,Incident,Phone,Premium,5,0,10.5,1,15.8,1.0,High,High,19,Wednesday,1,1
4439,Medium,Service Request,Portal,Premium,5,0,14.1,1,1.7,2.0,Low,Low,13,Saturday,0,0
4440,Medium,Access,Email,Premium,8,1,2.8,1,3.5,3.0,Medium,Medium,0,Wednesday,1,0
4441,Medium,Service Request,Monitoring,Standard,7,1,6.9,1,13.1,3.0,High,Medium,19,Thursday,0,0
4442,Medium,Incident,Portal,Standard,5,0,10.9,1,3.2,2.0,High,Low,4,Thursday,0,0
4443,Low,Incident,Email,Premium,7,1,11.0,1,28.5,1.0,Medium,Low,1,Friday,0,1
4444,Medium,Incident,Portal,Premium,7,3,8.6,2,5.2,2.0,Low,Low,7,Tuesday,0,0
4445,Medium,Incident,Email,Enterprise,10,1,10.6,1,7.9,2.0,Medium,High,2,Sunday,0,1
4446,Medium,Incident,Monitoring,Enterprise,9,0,2.4,2,15.7,3.0,Medium,Medium,0,Tuesday,0,1
4447,High,Service Request,Phone,Enterprise,8,1,2.4,2,10.0,2.0,Low,Low,19,Thursday,1,0
4448,Medium,Problem,Portal,Premium,12,0,8.4,1,5.1,4.0,Low,High,1,Monday,1,1
4449,High,Access,Portal,Enterprise,12,2,0.7,1,3.4,1.0,Low,Low,3,Wednesday,0,1
4450,High,Service Request,Phone,Standard,6,0,13.7,2,10.3,0.0,Low,Medium,7,Monday,0,0
4451,Medium,Service Request,Phone,Standard,10,1,7.8,2,10.6,3.0,Low,High,16,Saturday,0,1
4452,Low,Service Request,Portal,Standard,11,0,3.0,1,,1.0,Medium,Medium,20,Wednesday,1,0
4453,Critical,Service Request,Phone,Standard,10,0,5.1,1,5.0,2.0,Low,Low,2,Tuesday,0,0
4454,Medium,Incident,Portal,Enterprise,8,1,3.9,1,29.8,1.0,Medium,Low,3,Sunday,0,1
4455,Medium,Incident,Email,Standard,7,1,5.3,2,8.7,3.0,Low,High,14,Tuesday,0,1
4456,High,Incident,Monitoring,Enterprise,9,3,10.0,1,1.7,2.0,Medium,Medium,3,Monday,1,0
4457,Medium,Incident,Phone,Premium,6,0,12.3,1,9.9,,Low,Medium,7,Wednesday,1,1
4458,Medium,Incident,Email,Enterprise,9,0,0.8,1,4.3,3.0,Low,High,12,Thursday,0,1
4459,Medium,Access,Portal,Enterprise,4,1,2.9,2,,2.0,Medium,Medium,2,Tuesday,0,0
4460,Critical,Incident,Phone,Enterprise,13,0,1.3,2,9.6,1.0,Low,Low,4,Thursday,1,0
4461,High,Incident,Phone,Standard,5,1,6.4,1,7.1,3.0,Low,Medium,9,Thursday,0,1
4462,High,Service Request,Monitoring,Standard,7,2,4.2,1,8.7,2.0,Medium,Low,13,Thursday,0,1
4463,Critical,Incident,Portal,Standard,5,3,7.1,1,4.0,1.0,Low,High,16,Monday,0,1
4464,Medium,Incident,Portal,Enterprise,12,3,6.1,3,0.5,3.0,Low,Medium,12,Sunday,0,0
4465,High,Service Request,Phone,Standard,11,1,8.1,2,9.7,2.0,Low,Medium,16,Saturday,0,1
4466,Medium,Access,Portal,Premium,5,1,7.9,1,6.6,2.0,High,Low,14,Wednesday,0,1
4467,High,Service Request,Monitoring,Standard,10,0,4.1,1,21.3,5.0,High,Low,2,Saturday,0,0
4468,Medium,Incident,Phone,Standard,6,1,14.1,1,5.8,3.0,Medium,Medium,15,Sunday,0,0
4469,Medium,Incident,Phone,Standard,8,1,12.7,1,7.6,1.0,Low,Medium,23,Sunday,1,0
4470,High,Service Request,Portal,Standard,13,3,5.7,1,18.4,3.0,Low,High,4,Thursday,0,1
4471,Critical,Incident,Monitoring,Premium,7,0,1.1,2,8.6,2.0,Medium,Low,2,Sunday,1,1
4472,High,Service Request,Portal,Standard,10,0,12.4,2,6.5,2.0,Low,Low,12,Tuesday,0,0
4473,Low,Service Request,Email,Premium,11,1,2.0,3,12.5,2.0,Low,Medium,1,Saturday,1,1
4474,Low,Incident,Email,Premium,4,0,7.8,1,4.3,3.0,High,Medium,22,Thursday,0,0
4475,High,Service Request,Portal,Standard,7,0,9.1,3,7.2,0.0,Low,High,5,Friday,0,0
4476,Medium,Incident,Portal,Standard,9,0,10.2,2,4.3,2.0,Low,Low,0,Monday,0,0
4477,High,Service Request,Portal,Premium,14,4,9.1,1,12.5,1.0,High,High,4,Saturday,0,1
4478,High,Incident,Email,Standard,7,1,12.5,2,5.8,4.0,Low,Low,1,Wednesday,1,0
4479,Critical,Service Request,Email,Standard,7,2,11.3,2,13.4,2.0,Medium,High,0,Sunday,0,0
4480,Low,Problem,Portal,Standard,7,0,10.0,1,23.7,1.0,Low,Low,16,Thursday,0,1
4481,High,Problem,Monitoring,Standard,9,1,8.7,1,25.4,1.0,High,Medium,10,Tuesday,1,1
4482,Medium,Access,Portal,Enterprise,10,1,12.3,2,2.9,2.0,Medium,Low,6,Sunday,0,0
4483,High,Incident,Portal,Standard,9,2,6.4,1,14.4,6.0,Medium,Low,13,Wednesday,1,1
4484,High,Incident,Portal,Standard,10,0,2.9,2,11.2,2.0,Medium,Low,11,Sunday,1,0
4485,High,Service Request,Email,Enterprise,5,2,11.9,1,3.2,2.0,Low,Low,10,Monday,0,0
4486,Low,Service Request,Email,Standard,8,0,2.5,1,8.5,0.0,Low,Low,0,Thursday,0,1
4487,Low,Incident,Phone,Premium,6,1,6.1,1,24.3,6.0,Medium,Medium,13,Sunday,0,1
4488,Medium,Service Request,Portal,Premium,9,2,6.6,1,12.4,4.0,Medium,Low,11,Saturday,0,0
4489,Low,Incident,Portal,Standard,8,2,3.0,2,26.1,2.0,Medium,Medium,16,Saturday,0,0
4490,Medium,Incident,Phone,Standard,1,0,10.7,1,14.5,2.0,Low,High,18,Monday,0,0
4491,Medium,Incident,Portal,Premium,6,3,5.7,2,4.7,3.0,Low,Low,7,Wednesday,0,0
4492,Low,Access,Monitoring,Standard,11,0,9.5,3,21.2,0.0,Medium,High,16,Saturday,0,0
4493,High,Incident,Phone,Enterprise,6,4,1.1,1,4.6,3.0,Medium,Low,22,Wednesday,1,0
4494,Low,Service Request,Portal,Premium,8,1,14.1,1,8.2,3.0,Low,High,4,Sunday,0,1
4495,Critical,Service Request,Phone,Enterprise,7,1,11.7,1,8.5,2.0,Low,Medium,13,Sunday,1,1
4496,High,Incident,Email,Standard,7,1,13.0,1,27.7,3.0,High,High,17,Saturday,0,1
4497,Low,Incident,Email,Standard,6,1,7.9,1,2.6,1.0,High,High,9,Wednesday,0,1
4498,Medium,Access,Email,Standard,12,1,8.4,4,12.6,3.0,Low,High,14,Sunday,1,0
4499,Medium,Service Request,Email,Enterprise,15,1,2.1,2,13.2,0.0,Medium,Medium,5,Tuesday,0,1
4500,Medium,Incident,Portal,Standard,9,0,12.5,1,5.7,3.0,Low,High,2,Thursday,0,0
4501,Critical,Incident,Phone,Standard,10,1,8.4,1,3.1,6.0,Medium,Medium,1,Friday,0,1
4502,High,Access,Phone,Premium,4,3,2.9,2,3.4,4.0,Low,Medium,8,Sunday,0,1
4503,High,Incident,Phone,Enterprise,7,3,7.3,1,13.4,1.0,Low,Low,9,Thursday,1,1
4504,Medium,Incident,Phone,Premium,4,0,7.6,1,11.0,2.0,Low,Low,3,Friday,0,0
4505,Medium,Incident,Email,Standard,5,1,4.5,3,,2.0,High,Low,7,Sunday,1,1
4506,Medium,Service Request,Email,Standard,6,1,6.8,1,20.3,1.0,Low,Low,19,Wednesday,0,0
4507,Medium,Service Request,Portal,Premium,9,0,3.0,3,5.5,1.0,Low,Low,8,Thursday,1,0
4508,High,Incident,Email,Premium,10,5,14.0,1,16.9,1.0,Medium,Medium,16,Tuesday,1,1
4509,Medium,Access,Portal,Premium,7,1,14.4,2,,2.0,Medium,Low,12,Wednesday,1,0
4510,High,Problem,Phone,Standard,6,0,14.0,2,4.3,2.0,Medium,Low,17,Saturday,1,0
4511,High,Incident,Phone,Premium,7,1,5.9,1,3.8,0.0,Medium,Medium,21,Friday,0,0
4512,Medium,Service Request,Email,Premium,3,0,12.4,1,8.9,3.0,High,Low,14,Wednesday,1,0
4513,Critical,Service Request,Phone,Premium,10,1,5.5,1,7.3,0.0,Medium,Low,10,Wednesday,1,1
4514,Medium,Service Request,Portal,Enterprise,9,1,6.6,2,1.4,2.0,Low,Low,11,Wednesday,0,0
4515,Medium,Service Request,Email,Enterprise,3,1,1.8,1,10.0,2.0,Low,High,2,Wednesday,0,1
4516,High,Incident,Portal,Enterprise,6,0,,1,14.8,3.0,High,High,6,Thursday,0,0
4517,High,Incident,Email,Standard,4,0,6.8,1,6.0,2.0,Low,Medium,21,Wednesday,0,1
4518,Medium,Incident,Email,Standard,5,1,9.1,1,2.9,3.0,High,Low,16,Saturday,0,1
4519,Medium,Problem,Portal,Enterprise,10,1,13.3,1,5.9,5.0,Medium,Low,1,Saturday,0,0
4520,Critical,Service Request,Phone,Standard,6,2,1.7,1,13.5,0.0,High,High,7,Friday,0,1
4521,High,Service Request,Email,Premium,8,2,14.9,1,3.4,2.0,High,High,9,Thursday,0,0
4522,High,Incident,Phone,Premium,9,0,7.0,1,6.8,0.0,Low,Medium,3,Wednesday,0,1
4523,Medium,Incident,Portal,Standard,12,0,7.5,4,4.6,1.0,Low,High,11,Sunday,0,0
4524,Medium,Problem,Phone,Standard,10,2,13.5,1,14.6,,Low,Low,5,Sunday,1,0
4525,Low,Problem,Email,Standard,9,2,4.2,2,11.2,,Low,Low,10,Tuesday,0,0
4526,Medium,Access,Phone,Enterprise,9,1,2.6,2,9.0,,Low,High,6,Tuesday,0,0
4527,Low,Service Request,Email,Enterprise,4,1,6.3,1,14.1,1.0,Medium,Low,23,Thursday,0,0
4528,High,Incident,Email,Premium,14,4,12.1,2,3.7,1.0,Low,Medium,1,Friday,0,0
4529,Low,Incident,Monitoring,Premium,10,0,12.2,1,4.1,2.0,Medium,Low,17,Saturday,0,0
4530,High,Problem,Monitoring,Premium,6,0,5.1,2,8.6,1.0,High,Medium,8,Thursday,1,0
4531,Medium,Incident,Email,Standard,7,1,14.3,2,,1.0,Low,Low,6,Friday,0,0
4532,Critical,Service Request,Portal,Standard,7,0,14.3,1,12.3,2.0,Low,High,14,Friday,0,0
4533,Critical,Incident,Monitoring,Standard,10,1,1.2,3,8.8,1.0,Low,Low,3,Sunday,0,0
4534,High,Incident,Portal,Standard,6,1,6.7,2,3.4,1.0,Medium,Medium,7,Thursday,1,0
4535,Critical,Incident,Monitoring,Enterprise,7,1,10.8,1,5.2,2.0,High,Low,13,Saturday,0,1
4536,Low,Service Request,Email,Standard,12,1,12.7,2,,1.0,Low,Low,4,Monday,0,1
4537,Medium,Incident,Portal,Standard,7,1,1.0,2,8.7,0.0,Low,Low,12,Wednesday,0,0
4538,Medium,Service Request,Portal,Enterprise,15,3,8.8,4,4.0,0.0,Medium,Medium,8,Thursday,1,0
4539,Critical,Service Request,Portal,Enterprise,5,0,12.2,2,,4.0,Medium,High,2,Monday,1,0
4540,Medium,Service Request,Portal,Standard,10,2,8.5,3,9.2,1.0,Low,Low,16,Saturday,1,1
4541,High,Service Request,Email,Premium,7,1,9.6,1,7.3,1.0,High,Low,5,Wednesday,0,0
4542,Critical,Incident,Monitoring,Standard,6,0,1.8,2,12.1,1.0,Low,Low,15,Thursday,1,0
4543,Medium,Incident,Portal,Enterprise,7,2,11.0,1,8.1,1.0,Low,Low,13,Thursday,0,0
4544,Medium,Incident,Phone,Premium,6,3,4.5,2,18.3,1.0,Low,Low,5,Tuesday,1,1
4545,Low,Service Request,Portal,Standard,10,1,1.7,2,6.8,3.0,Low,Medium,12,Friday,1,1
4546,High,Incident,Phone,Standard,5,2,12.5,1,5.0,2.0,Low,Medium,22,Thursday,1,0
4547,High,Incident,Email,Premium,10,0,2.7,3,10.7,2.0,Low,Low,21,Tuesday,0,0
4548,High,Service Request,Phone,Premium,10,3,14.9,2,4.8,0.0,Medium,Medium,6,Monday,0,0
4549,Medium,Incident,Portal,Premium,8,1,10.7,3,5.6,1.0,Medium,Medium,23,Saturday,0,0
4550,Medium,Service Request,Portal,Standard,6,2,1.1,1,15.3,2.0,Medium,Medium,4,Tuesday,0,1
4551,Medium,Access,Phone,Premium,11,4,9.4,1,10.5,4.0,Low,High,12,Friday,0,0
4552,Critical,Incident,Portal,Standard,8,0,,3,11.2,5.0,High,Medium,2,Wednesday,1,1
4553,High,Incident,Email,Standard,8,0,12.8,1,19.8,1.0,Medium,Medium,18,Saturday,1,0
4554,High,Incident,Portal,Standard,11,2,12.4,2,8.9,3.0,Medium,High,23,Sunday,1,1
4555,Critical,Service Request,Portal,Standard,6,1,6.9,2,12.7,2.0,Low,High,19,Saturday,0,0
4556,Medium,Service Request,Portal,Standard,4,1,14.9,2,1.8,1.0,Low,Low,8,Friday,0,0
4557,High,Service Request,Phone,Enterprise,5,1,1.0,1,16.3,2.0,Medium,Medium,0,Thursday,1,1
4558,Low,Service Request,Monitoring,Standard,5,3,3.2,2,3.1,1.0,Low,Medium,14,Friday,0,0
4559,Critical,Problem,Portal,Enterprise,8,1,5.1,1,2.8,1.0,Low,Low,17,Wednesday,1,1
4560,High,Service Request,Portal,Premium,11,4,14.0,2,11.2,2.0,High,High,1,Thursday,0,1
4561,Low,Service Request,Portal,Enterprise,6,2,4.5,1,6.8,0.0,Medium,Medium,6,Tuesday,0,1
4562,High,Incident,Phone,Standard,11,3,4.2,1,13.9,2.0,Medium,Low,23,Friday,0,1
4563,Medium,Incident,Portal,Standard,9,1,6.1,1,15.6,3.0,Low,Low,21,Tuesday,0,0
4564,Medium,Access,Portal,Enterprise,7,1,7.3,3,24.4,4.0,Medium,Low,9,Sunday,1,0
4565,Low,Incident,Phone,Enterprise,6,0,,2,3.7,1.0,Low,Medium,8,Monday,0,0
4566,Critical,Problem,Phone,Premium,12,1,8.4,1,6.9,2.0,Low,Medium,0,Wednesday,1,0
4567,Critical,Incident,Portal,Enterprise,11,5,7.8,2,8.9,3.0,High,Low,4,Thursday,1,1
4568,High,Incident,Phone,Enterprise,11,0,1.0,1,17.7,2.0,Medium,Low,3,Saturday,0,1
4569,Medium,Incident,Monitoring,Standard,10,1,6.1,1,7.0,2.0,Low,Low,13,Sunday,0,0
4570,Medium,Problem,Portal,Standard,11,1,11.9,1,9.7,2.0,Low,High,11,Saturday,1,1
4571,Medium,Incident,Email,Standard,8,1,6.9,1,11.3,0.0,Medium,Low,5,Sunday,0,0
4572,Critical,Problem,Portal,Standard,9,0,9.3,3,4.9,7.0,Medium,Medium,11,Sunday,0,1
4573,Critical,Incident,Portal,Premium,11,2,6.4,2,2.6,1.0,Medium,Low,4,Thursday,0,0
4574,Medium,Service Request,Portal,Enterprise,6,2,4.9,4,11.7,2.0,Medium,Medium,0,Tuesday,0,0
4575,Medium,Incident,Portal,Enterprise,7,0,15.0,2,11.2,1.0,Medium,Medium,0,Thursday,0,0
4576,Low,Service Request,Monitoring,Standard,13,1,14.2,3,16.0,0.0,Low,Low,17,Sunday,0,0
4577,Critical,Problem,Portal,Enterprise,7,1,10.7,4,18.7,1.0,Medium,Low,18,Saturday,0,1
4578,Critical,Incident,Phone,Standard,8,1,3.9,2,12.7,1.0,Low,Medium,12,Friday,0,0
4579,High,Service Request,Phone,Premium,5,2,5.1,2,0.9,2.0,Medium,Medium,20,Monday,0,0
4580,Medium,Incident,Portal,Enterprise,4,2,2.7,1,11.4,2.0,High,Low,16,Tuesday,0,1
4581,Low,Service Request,Phone,Standard,9,1,5.1,1,5.2,3.0,Low,Medium,7,Saturday,1,1
4582,Medium,Incident,Portal,Premium,6,5,0.7,2,6.4,4.0,Low,Low,13,Sunday,0,1
4583,Medium,Incident,Phone,Standard,4,4,7.3,1,6.8,2.0,Low,Low,22,Wednesday,0,0
4584,Critical,Incident,Monitoring,Enterprise,6,0,10.1,2,7.6,1.0,High,Low,23,Friday,1,1
4585,Low,Incident,Phone,Standard,5,2,1.1,1,23.9,2.0,Medium,Low,11,Thursday,0,1
4586,High,Incident,Phone,Premium,10,2,3.5,1,3.6,1.0,Low,Low,10,Thursday,1,0
4587,Medium,Problem,Portal,Premium,6,4,7.7,1,16.6,2.0,Low,Low,3,Saturday,1,1
4588,Medium,Incident,Portal,Standard,11,1,11.0,1,12.9,0.0,Low,Medium,14,Saturday,0,0
4589,Low,Incident,Email,Standard,9,4,14.3,1,27.5,1.0,Medium,Medium,5,Tuesday,0,1
4590,High,Service Request,Portal,Standard,6,2,12.2,1,12.3,1.0,Medium,Medium,7,Wednesday,0,0
4591,Critical,Problem,Portal,Enterprise,7,1,9.1,3,1.2,7.0,Medium,High,21,Wednesday,0,0
4592,Medium,Incident,Portal,Premium,9,0,11.2,2,12.9,,Low,High,17,Tuesday,0,0
4593,Low,Incident,Portal,Standard,11,3,2.8,2,21.4,2.0,Low,Medium,5,Wednesday,0,1
4594,Low,Incident,Email,Enterprise,7,1,9.3,1,10.1,2.0,Medium,Low,0,Tuesday,0,0
4595,High,Incident,Portal,Standard,6,0,8.5,1,7.3,2.0,Low,Low,2,Monday,0,0
4596,Critical,Incident,Portal,Standard,6,1,7.9,2,26.8,1.0,Medium,Medium,11,Friday,1,1
4597,Medium,Incident,Phone,Standard,8,0,11.0,1,4.8,2.0,High,Low,17,Tuesday,0,0
4598,Low,Service Request,Portal,Premium,6,1,5.1,1,15.1,4.0,Medium,Low,21,Monday,1,0
4599,High,Incident,Email,Enterprise,13,3,14.7,3,9.2,2.0,Medium,Low,4,Friday,1,0
4600,Critical,Incident,Phone,Enterprise,8,1,13.0,1,9.3,2.0,Medium,Medium,13,Sunday,0,0
4601,Medium,Incident,Email,Standard,10,1,10.8,2,9.5,2.0,High,Low,8,Wednesday,0,1
4602,Medium,Incident,Portal,Enterprise,8,1,11.4,2,8.4,0.0,Medium,Medium,4,Wednesday,0,0
4603,Low,Incident,Portal,Standard,6,1,12.2,1,20.1,3.0,High,Medium,18,Sunday,0,1
4604,Critical,Service Request,Portal,Enterprise,9,3,10.7,3,5.8,2.0,High,Medium,18,Sunday,0,0
4605,High,Incident,Monitoring,Premium,5,1,1.9,1,18.5,1.0,Low,Medium,23,Thursday,0,1
4606,Medium,Problem,Portal,Standard,6,0,11.2,1,3.0,0.0,Medium,High,6,Sunday,0,0
4607,Critical,Incident,Email,Standard,7,1,3.3,3,7.3,0.0,Medium,Medium,9,Thursday,0,1
4608,Medium,Incident,Phone,Premium,9,1,1.2,2,12.2,0.0,Low,Low,11,Friday,0,0
4609,Medium,Incident,Phone,Standard,11,2,4.6,2,10.8,0.0,Medium,Medium,2,Sunday,1,0
4610,Low,Problem,Monitoring,Premium,8,0,9.4,1,,3.0,Low,Low,20,Tuesday,0,0
4611,Medium,Incident,Portal,Standard,9,1,11.8,4,17.0,0.0,Medium,High,20,Thursday,1,1
4612,Medium,Incident,Portal,Standard,8,1,7.3,1,8.4,4.0,Low,Low,6,Tuesday,1,1
4613,High,Service Request,Email,Enterprise,5,1,2.5,1,12.0,2.0,High,High,16,Tuesday,0,1
4614,High,Incident,Portal,Premium,9,2,8.2,2,12.0,1.0,High,Low,4,Thursday,0,1
4615,Medium,Incident,Phone,Premium,7,1,13.6,1,15.6,0.0,High,Medium,14,Sunday,0,1
4616,Medium,Service Request,Portal,Premium,11,3,11.9,3,19.5,0.0,High,Medium,5,Friday,0,1
4617,Medium,Service Request,Email,Standard,6,1,9.9,1,5.2,2.0,Medium,Low,20,Saturday,1,1
4618,Medium,Incident,Portal,Enterprise,5,1,4.1,1,11.0,1.0,Medium,Low,16,Friday,0,0
4619,Medium,Incident,Portal,Standard,6,1,1.6,1,6.7,4.0,High,Medium,15,Sunday,0,0
4620,Medium,Problem,Email,Standard,10,0,14.2,4,17.5,0.0,Low,Medium,21,Friday,0,0
4621,Low,Problem,Email,Premium,10,1,9.9,1,9.1,4.0,High,Low,11,Sunday,0,0
4622,Medium,Incident,Email,Standard,4,0,12.4,1,8.6,0.0,Medium,Low,18,Friday,1,0
4623,High,Service Request,Email,Enterprise,9,1,6.1,1,9.4,4.0,Low,Low,1,Tuesday,1,1
4624,Low,Problem,Portal,Standard,8,2,9.6,1,5.2,2.0,Medium,Low,10,Tuesday,1,0
4625,Medium,Incident,Portal,Standard,8,1,3.1,1,11.0,2.0,Medium,Low,1,Wednesday,0,0
4626,Low,Incident,Monitoring,Premium,5,3,3.3,2,10.4,1.0,Low,Low,4,Wednesday,0,0
4627,Low,Incident,Portal,Standard,12,0,13.6,1,1.2,1.0,Medium,High,13,Friday,0,0
4628,Critical,Incident,Phone,Premium,7,2,8.4,1,17.2,1.0,Low,Low,12,Wednesday,0,1
4629,Low,Incident,Portal,Standard,10,0,12.9,1,5.9,2.0,Low,Low,7,Tuesday,1,0
4630,Critical,Service Request,Monitoring,Standard,6,3,8.7,1,3.1,2.0,Medium,Medium,21,Sunday,1,0
4631,Medium,Access,Portal,Standard,8,0,7.9,1,5.4,2.0,Low,Medium,6,Wednesday,1,0
4632,Medium,Incident,Portal,Enterprise,7,2,12.2,3,8.5,3.0,Low,Low,10,Thursday,0,1
4633,Critical,Incident,Email,Standard,8,3,14.8,1,23.6,4.0,Low,Medium,12,Saturday,0,1
4634,High,Incident,Monitoring,Standard,3,0,14.1,2,23.4,1.0,High,Medium,13,Saturday,1,0
4635,Low,Incident,Portal,Standard,11,1,5.5,1,8.5,2.0,Low,Medium,12,Monday,0,1
4636,Medium,Incident,Phone,Premium,4,1,6.5,2,22.3,0.0,Low,High,5,Saturday,1,1
4637,High,Access,Portal,Premium,8,0,9.6,3,19.3,2.0,Low,High,5,Saturday,0,1
4638,Low,Problem,Email,Standard,9,0,11.8,1,8.4,,Low,Low,14,Friday,0,1
4639,Low,Incident,Portal,Standard,8,1,7.3,3,10.7,6.0,High,Low,22,Friday,0,0
4640,Medium,Service Request,Phone,Standard,5,0,8.2,3,16.3,0.0,High,High,7,Thursday,0,1
4641,Low,Access,Phone,Enterprise,8,1,2.7,1,14.7,2.0,Low,Low,8,Thursday,0,0
4642,Medium,Problem,Portal,Premium,6,1,14.2,1,26.6,5.0,Low,Low,18,Friday,0,1
4643,Low,Service Request,Monitoring,Standard,11,0,10.2,3,11.6,1.0,Low,Low,5,Monday,1,0
4644,Low,Incident,Phone,Standard,9,1,7.1,1,4.4,3.0,Low,Medium,3,Friday,0,0
4645,Critical,Service Request,Portal,Premium,11,2,13.3,1,16.1,1.0,Medium,Low,6,Wednesday,0,0
4646,Critical,Problem,Monitoring,Premium,8,1,13.4,1,5.0,0.0,High,Low,13,Thursday,1,0
4647,Medium,Incident,Phone,Standard,8,2,9.6,2,2.9,1.0,Low,Low,2,Sunday,1,0
4648,Medium,Incident,Monitoring,Premium,5,3,11.0,2,1.3,2.0,Medium,Medium,1,Friday,1,0
4649,Medium,Problem,Phone,Enterprise,6,0,5.7,1,3.7,1.0,Low,Low,22,Thursday,1,0
4650,Low,Incident,Portal,Enterprise,3,1,8.6,3,13.4,2.0,Low,High,17,Tuesday,1,0
4651,Low,Access,Portal,Standard,9,2,8.6,2,,3.0,Low,High,1,Sunday,0,1
4652,Low,Incident,Portal,Standard,7,0,6.6,3,3.2,0.0,Low,Low,22,Sunday,1,0
4653,High,Incident,Email,Standard,7,0,5.7,2,10.9,3.0,Low,High,18,Thursday,0,0
4654,High,Incident,Email,Standard,9,0,9.2,1,7.3,,Medium,Medium,1,Monday,1,1
4655,Critical,Incident,Email,Standard,8,0,8.6,1,10.1,2.0,Low,High,14,Friday,1,1
4656,Low,Incident,Portal,Premium,9,2,11.7,1,1.9,1.0,Low,Medium,14,Thursday,0,0
4657,High,Problem,Phone,Standard,9,0,14.0,2,13.4,1.0,Medium,Low,9,Tuesday,1,1
4658,High,Incident,Portal,Standard,7,2,3.6,1,6.6,4.0,Low,Medium,21,Saturday,0,1
4659,Medium,Incident,Portal,Standard,9,1,14.6,1,14.5,4.0,Medium,High,16,Wednesday,0,0
4660,High,Incident,Monitoring,Enterprise,8,2,,1,6.6,3.0,High,Medium,19,Sunday,0,0
4661,Low,Incident,Phone,Standard,6,1,3.6,1,18.1,3.0,Low,Low,10,Saturday,0,1
4662,Critical,Service Request,Portal,Standard,5,1,13.6,2,5.9,2.0,Low,Medium,6,Sunday,0,0
4663,Medium,Incident,Monitoring,Enterprise,7,2,6.1,1,5.5,2.0,Medium,Low,2,Friday,0,0
4664,Low,Incident,Monitoring,Premium,8,1,11.8,1,9.5,2.0,Low,Low,17,Thursday,0,0
4665,High,Incident,Email,Enterprise,6,0,2.5,2,3.1,2.0,Low,Medium,16,Tuesday,0,1
4666,Medium,Incident,Portal,Standard,5,0,9.4,2,6.3,3.0,Low,High,1,Sunday,0,0
4667,High,Incident,Portal,Standard,5,0,11.6,1,5.7,1.0,Medium,Low,4,Thursday,0,0
4668,Medium,Incident,Phone,Standard,8,1,6.6,2,12.1,3.0,Medium,Low,8,Thursday,0,0
4669,Critical,Incident,Email,Premium,4,0,6.7,3,1.4,1.0,Low,Medium,19,Sunday,0,1
4670,High,Service Request,Portal,Standard,11,2,10.2,1,5.9,2.0,Medium,Medium,17,Saturday,1,1
4671,Critical,Incident,Monitoring,Premium,7,0,1.0,2,4.3,3.0,High,Low,18,Sunday,0,1
4672,High,Access,Email,Standard,7,2,10.9,1,16.2,1.0,Low,High,16,Thursday,0,1
4673,Low,Incident,Portal,Premium,3,1,12.2,2,14.5,1.0,Medium,High,0,Sunday,0,0
4674,Medium,Incident,Portal,Enterprise,13,3,11.2,1,7.3,4.0,Low,Medium,10,Thursday,0,0
4675,Medium,Service Request,Portal,Standard,7,1,7.0,1,12.4,1.0,Medium,Low,6,Sunday,0,0
4676,Medium,Problem,Email,Standard,7,1,1.1,2,11.1,5.0,Low,Low,9,Monday,1,1
4677,Low,Incident,Email,Premium,11,1,6.8,3,5.0,1.0,Medium,Low,13,Wednesday,0,0
4678,High,Incident,Portal,Premium,12,0,6.5,4,9.3,1.0,Low,Low,0,Monday,1,0
4679,High,Incident,Portal,Standard,6,2,4.1,1,26.0,3.0,Medium,Medium,1,Sunday,0,1
4680,Medium,Service Request,Monitoring,Enterprise,5,0,5.4,3,6.4,5.0,Low,Low,14,Sunday,0,0
4681,Medium,Incident,Email,Enterprise,7,2,5.8,4,4.2,0.0,Medium,Low,19,Tuesday,0,0
4682,Critical,Problem,Portal,Enterprise,6,1,11.9,2,9.1,2.0,Low,High,15,Friday,1,0
4683,Low,Access,Portal,Standard,9,0,10.4,2,18.1,1.0,Low,Medium,13,Saturday,0,0
4684,Critical,Problem,Phone,Standard,8,2,13.1,1,14.0,0.0,Low,Medium,9,Friday,0,1
4685,Critical,Access,Monitoring,Standard,5,0,13.6,2,8.2,1.0,High,Medium,22,Saturday,0,0
4686,Medium,Incident,Email,Standard,10,0,6.9,1,4.1,2.0,High,Medium,14,Friday,0,0
4687,High,Service Request,Portal,Enterprise,7,1,9.6,1,2.0,1.0,Low,Medium,1,Saturday,0,0
4688,High,Incident,Portal,Premium,8,1,7.3,1,10.4,1.0,Medium,Low,15,Tuesday,0,0
4689,High,Incident,Portal,Premium,5,1,6.9,3,28.1,2.0,Medium,Medium,20,Thursday,1,1
4690,Medium,Problem,Portal,Standard,6,3,10.4,2,15.2,2.0,High,Low,8,Monday,0,0
4691,Low,Incident,Phone,Premium,10,1,12.8,1,8.1,3.0,Medium,High,11,Sunday,0,0
4692,Medium,Incident,Email,Premium,12,0,10.5,2,11.5,1.0,Low,Medium,16,Friday,1,0
4693,Low,Access,Portal,Premium,10,2,11.0,2,5.4,2.0,Low,Low,14,Thursday,1,0
4694,Medium,Incident,Phone,Premium,7,1,7.6,4,2.2,2.0,Medium,High,2,Wednesday,0,0
4695,Medium,Problem,Email,Enterprise,10,2,10.5,2,15.1,3.0,High,High,5,Friday,1,1
4696,Critical,Incident,Email,Standard,10,2,4.8,2,4.0,3.0,Medium,Medium,15,Monday,0,0
4697,Medium,Incident,Monitoring,Standard,11,0,15.0,3,4.2,2.0,Low,High,1,Saturday,0,0
4698,Medium,Access,Portal,Standard,13,0,6.7,2,16.4,2.0,Medium,Low,16,Thursday,0,0
4699,Low,Incident,Portal,Standard,8,0,,1,5.8,5.0,Medium,High,14,Monday,0,0
4700,Low,Access,Email,Premium,5,2,1.6,1,14.5,1.0,High,Low,1,Tuesday,1,0
4701,High,Service Request,Email,Standard,6,4,8.5,2,6.6,4.0,Low,High,0,Wednesday,1,0
4702,High,Problem,Portal,Standard,8,0,6.1,1,5.9,3.0,Low,Medium,7,Thursday,0,0
4703,Low,Problem,Email,Standard,7,0,4.0,1,5.9,1.0,Low,Low,20,Sunday,0,1
4704,Medium,Incident,Portal,Enterprise,7,0,,2,9.2,0.0,High,High,15,Monday,0,0
4705,High,Incident,Portal,Standard,5,1,14.2,1,12.5,1.0,Medium,Low,12,Sunday,0,0
4706,Medium,Incident,Portal,Standard,6,0,11.1,2,5.1,1.0,Low,Low,19,Sunday,0,0
4707,Low,Incident,Portal,Standard,10,0,11.6,3,2.1,1.0,Low,Medium,0,Sunday,0,0
4708,High,Incident,Portal,Standard,9,0,,1,14.2,2.0,Medium,Medium,0,Tuesday,1,0
4709,Critical,Incident,Portal,Enterprise,11,3,3.5,3,15.5,0.0,Medium,Low,23,Saturday,1,1
4710,High,Service Request,Phone,Standard,3,0,4.1,4,3.8,1.0,Medium,Medium,13,Tuesday,0,0
4711,Medium,Incident,Portal,Standard,9,0,10.8,3,6.9,1.0,Low,Low,18,Thursday,0,0
4712,High,Service Request,Monitoring,Standard,6,3,12.5,1,10.4,2.0,Medium,Low,14,Tuesday,0,0
4713,Low,Incident,Portal,Enterprise,7,0,13.2,1,13.9,3.0,Low,Low,9,Monday,0,0
4714,High,Incident,Monitoring,Standard,4,0,1.2,2,6.3,2.0,Low,Low,3,Saturday,0,0
4715,Low,Incident,Email,Standard,8,0,7.4,1,9.1,0.0,Low,Medium,0,Tuesday,0,0
4716,High,Problem,Phone,Enterprise,8,0,,2,,3.0,Low,Medium,6,Saturday,0,0
4717,Medium,Access,Email,Enterprise,8,2,7.5,2,12.1,3.0,Medium,Medium,7,Saturday,0,0
4718,Medium,Incident,Email,Enterprise,11,0,5.4,1,4.8,4.0,Low,High,7,Wednesday,1,0
4719,High,Incident,Portal,Standard,7,1,8.7,1,,0.0,Medium,Low,10,Sunday,0,0
4720,Critical,Incident,Monitoring,Standard,7,0,2.7,2,20.0,3.0,Medium,High,21,Wednesday,0,1
4721,Critical,Problem,Portal,Standard,7,2,3.2,2,11.1,0.0,Medium,Low,11,Saturday,0,0
4722,Medium,Incident,Portal,Standard,6,0,3.4,2,16.6,2.0,Medium,Medium,7,Monday,1,0
4723,Medium,Service Request,Email,Premium,8,0,13.9,1,3.6,,Low,Low,6,Friday,1,0
4724,Medium,Incident,Portal,Premium,9,1,7.4,2,11.1,1.0,Medium,Medium,23,Saturday,1,0
4725,Medium,Incident,Portal,Standard,5,3,7.4,1,5.3,0.0,Medium,Medium,1,Monday,0,0
4726,Low,Service Request,Portal,Premium,13,1,13.6,1,13.0,,Medium,Medium,2,Thursday,1,0
4727,High,Access,Portal,Premium,10,0,4.1,1,7.7,1.0,Low,Medium,2,Sunday,1,0
4728,High,Service Request,Portal,Premium,5,4,4.5,1,17.7,2.0,Medium,Medium,16,Wednesday,1,1
4729,Low,Access,Portal,Premium,6,2,8.6,2,15.7,2.0,Medium,Medium,16,Sunday,0,0
4730,Medium,Incident,Email,Enterprise,9,0,9.4,1,1.9,1.0,Medium,Medium,19,Saturday,0,0
4731,Low,Problem,Portal,Premium,9,2,12.8,4,6.7,3.0,High,Low,7,Friday,0,1
4732,High,Service Request,Portal,Standard,5,1,8.4,2,8.8,2.0,Low,Low,2,Wednesday,0,0
4733,Low,Service Request,Portal,Premium,7,3,8.6,1,3.6,0.0,Low,Medium,23,Saturday,0,0
4734,Low,Incident,Phone,Enterprise,10,0,9.5,2,4.6,1.0,Medium,High,3,Saturday,0,0
4735,Low,Incident,Phone,Premium,6,1,7.0,1,9.4,3.0,High,Medium,9,Tuesday,0,1
4736,Low,Incident,Phone,Standard,12,0,9.2,1,5.8,,Low,Low,13,Friday,1,0
4737,High,Access,Portal,Enterprise,9,1,3.1,1,10.6,2.0,Medium,Medium,17,Friday,1,1
4738,Low,Incident,Phone,Enterprise,7,0,8.1,3,10.0,1.0,High,Low,22,Wednesday,0,0
4739,Critical,Service Request,Phone,Premium,9,0,9.0,1,8.9,1.0,Low,Low,17,Saturday,1,1
4740,Low,Incident,Portal,Standard,7,1,3.5,1,15.9,3.0,Medium,Low,16,Friday,0,1
4741,Critical,Incident,Portal,Standard,16,2,5.9,1,6.6,2.0,Low,Low,21,Tuesday,0,1
4742,High,Incident,Portal,Standard,11,0,13.1,1,10.0,3.0,Low,Medium,11,Sunday,0,1
4743,Medium,Incident,Portal,Standard,6,1,9.4,1,35.0,2.0,Low,High,12,Sunday,0,1
4744,Low,Incident,Portal,Standard,4,3,10.3,1,5.4,1.0,Medium,High,0,Friday,0,0
4745,Medium,Service Request,Phone,Standard,8,2,14.9,1,6.4,2.0,Low,Low,14,Thursday,1,0
4746,Critical,Problem,Portal,Standard,9,0,12.9,2,10.1,4.0,Low,Low,19,Sunday,0,0
4747,High,Problem,Portal,Premium,11,0,3.8,1,5.4,2.0,High,Low,16,Sunday,0,1
4748,Medium,Access,Email,Standard,5,1,2.8,3,4.5,2.0,High,Low,17,Friday,1,1
4749,Medium,Incident,Email,Standard,9,0,9.1,2,2.9,0.0,Low,High,17,Wednesday,1,0
4750,High,Service Request,Portal,Premium,7,4,5.9,2,18.9,1.0,Medium,Medium,11,Monday,0,1
4751,High,Incident,Phone,Standard,11,2,8.8,1,2.8,1.0,Medium,Low,23,Thursday,0,0
4752,Critical,Problem,Portal,Standard,9,0,3.2,1,13.3,3.0,Low,High,3,Saturday,0,1
4753,Medium,Access,Portal,Standard,7,0,7.6,1,15.7,4.0,Medium,Low,4,Friday,1,0
4754,Medium,Incident,Portal,Standard,6,0,4.7,2,20.0,5.0,Medium,Low,4,Friday,0,1
4755,Low,Incident,Phone,Standard,12,1,9.1,1,15.1,2.0,Medium,Medium,6,Friday,1,0
4756,Medium,Service Request,Email,Premium,11,1,3.5,1,6.8,4.0,Low,Low,18,Saturday,1,0
4757,High,Incident,Monitoring,Standard,12,1,1.9,3,6.1,2.0,High,Low,7,Monday,0,0
4758,Low,Incident,Email,Enterprise,7,1,1.9,1,9.8,1.0,Low,Low,16,Wednesday,0,0
4759,Medium,Problem,Monitoring,Standard,8,0,12.6,2,4.3,2.0,Low,Medium,20,Sunday,0,0
4760,Medium,Incident,Portal,Standard,4,1,2.7,1,14.5,2.0,Low,Low,18,Saturday,0,0
4761,Medium,Service Request,Phone,Premium,10,0,8.2,2,11.8,3.0,High,Low,10,Sunday,0,1
4762,Low,Problem,Email,Premium,8,0,9.7,4,7.5,5.0,Medium,Medium,14,Wednesday,1,1
4763,Medium,Incident,Portal,Enterprise,4,2,5.8,1,4.1,4.0,Low,Low,4,Monday,0,1
4764,Medium,Incident,Phone,Standard,7,2,13.0,1,1.0,1.0,Low,Medium,5,Saturday,1,0
4765,High,Service Request,Monitoring,Premium,3,1,9.8,4,10.8,1.0,High,High,4,Wednesday,0,0
4766,High,Incident,Portal,Premium,7,1,3.4,1,15.2,,High,Low,22,Monday,1,1
4767,High,Incident,Phone,Standard,10,1,13.3,3,7.8,3.0,High,Medium,21,Friday,1,1
4768,Medium,Problem,Phone,Premium,4,0,2.7,1,7.2,1.0,Medium,Medium,8,Monday,0,1
4769,Medium,Service Request,Email,Enterprise,6,2,3.2,1,5.2,0.0,High,High,0,Friday,1,1
4770,Medium,Incident,Email,Standard,7,1,11.0,1,1.4,2.0,Low,Low,12,Sunday,0,0
4771,High,Incident,Portal,Standard,7,0,12.3,1,9.0,3.0,Medium,Low,17,Saturday,0,0
4772,Critical,Incident,Portal,Premium,4,1,10.1,2,29.2,2.0,Low,Low,3,Saturday,0,1
4773,High,Service Request,Portal,Standard,9,1,6.7,2,8.4,1.0,Low,Medium,1,Wednesday,0,0
4774,Medium,Incident,Portal,Premium,5,2,7.0,2,3.2,3.0,Medium,Low,1,Monday,0,0
4775,Medium,Incident,Email,Enterprise,7,0,6.5,2,14.3,6.0,Medium,High,4,Friday,1,1
4776,High,Incident,Phone,Premium,10,1,9.8,2,18.2,2.0,Low,Low,2,Wednesday,0,1
4777,High,Incident,Portal,Enterprise,10,1,4.9,1,6.3,3.0,Medium,Medium,1,Monday,1,0
4778,Medium,Incident,Email,Premium,9,3,6.5,1,10.4,1.0,Medium,Medium,5,Thursday,0,1
4779,Critical,Incident,Email,Premium,8,2,9.8,1,1.5,2.0,Medium,Low,20,Wednesday,0,0
4780,Low,Access,Portal,Enterprise,7,4,4.4,1,9.0,2.0,Low,Medium,1,Sunday,0,0
4781,High,Problem,Phone,Standard,5,2,3.4,1,7.1,0.0,Medium,High,0,Tuesday,0,0
4782,Low,Incident,Email,Standard,3,3,5.8,2,13.5,1.0,Low,High,17,Monday,0,0
4783,Low,Incident,Portal,Standard,10,1,12.6,1,0.8,1.0,High,Medium,0,Tuesday,1,0
4784,Critical,Service Request,Portal,Standard,11,1,11.4,1,7.4,3.0,High,High,13,Wednesday,0,1
4785,Low,Incident,Portal,Premium,15,0,13.4,1,17.3,1.0,Low,Low,16,Thursday,0,0
4786,Low,Incident,Portal,Standard,5,0,6.2,1,17.8,2.0,Medium,Low,23,Sunday,0,1
4787,Low,Problem,Monitoring,Standard,6,3,11.0,1,20.7,2.0,High,Low,17,Friday,0,1
4788,Medium,Problem,Phone,Premium,8,1,2.4,2,13.1,4.0,Medium,Low,8,Saturday,0,0
4789,High,Service Request,Portal,Standard,9,1,5.1,3,11.0,2.0,Medium,Low,15,Saturday,1,1
4790,High,Incident,Portal,Enterprise,4,1,7.1,1,24.1,2.0,Low,Medium,14,Tuesday,0,1
4791,Medium,Incident,Phone,Standard,12,1,5.3,2,22.3,2.0,Low,Low,16,Wednesday,0,1
4792,Critical,Problem,Portal,Enterprise,4,1,1.3,1,7.3,5.0,Low,Medium,17,Wednesday,0,0
4793,High,Service Request,Email,Standard,8,1,3.5,1,9.7,6.0,Medium,Low,9,Saturday,0,1
4794,High,Incident,Portal,Premium,9,1,7.5,1,3.7,3.0,Medium,High,16,Friday,0,1
4795,Low,Service Request,Portal,Standard,14,2,3.4,2,8.5,3.0,Low,Medium,4,Friday,0,1
4796,Low,Incident,Portal,Standard,5,0,2.0,2,5.2,2.0,Low,High,19,Tuesday,0,0
4797,High,Incident,Portal,Enterprise,6,2,10.6,1,4.6,3.0,Low,Medium,9,Thursday,0,1
4798,Medium,Problem,Phone,Premium,7,0,7.0,1,,3.0,Low,Low,2,Tuesday,1,0
4799,Medium,Access,Portal,Standard,6,0,6.8,3,2.1,2.0,Medium,High,8,Saturday,1,1
4800,Low,Problem,Portal,Standard,8,3,14.3,1,9.6,1.0,Low,Low,9,Monday,0,0
4801,Medium,Incident,Portal,Premium,5,2,3.5,2,3.6,3.0,High,Medium,21,Friday,0,1
4802,Medium,Service Request,Email,Standard,8,2,0.5,2,18.6,2.0,Low,Low,17,Saturday,0,0
4803,Critical,Service Request,Portal,Standard,7,0,0.6,1,5.3,5.0,Low,Low,7,Saturday,0,1
4804,Medium,Incident,Portal,Premium,6,3,1.7,1,10.4,1.0,High,Low,1,Monday,0,1
4805,Low,Incident,Portal,Premium,9,2,9.9,1,9.2,,Low,Medium,16,Wednesday,0,0
4806,Medium,Incident,Email,Standard,7,1,10.5,1,4.3,3.0,Medium,High,2,Monday,1,0
4807,Medium,Incident,Email,Standard,7,2,3.5,1,5.2,2.0,Medium,Medium,1,Saturday,0,0
4808,Medium,Incident,Email,Premium,9,0,,1,3.1,4.0,Low,Medium,22,Wednesday,0,0
4809,Critical,Incident,Phone,Standard,9,1,0.9,1,18.7,2.0,Low,Medium,11,Friday,0,0
4810,Medium,Incident,Portal,Standard,6,2,12.3,1,7.7,0.0,Low,High,19,Friday,1,0
4811,Critical,Incident,Portal,Premium,7,1,3.7,1,12.7,0.0,Medium,High,20,Saturday,0,0
4812,Low,Incident,Portal,Premium,14,2,11.6,3,7.7,1.0,High,Low,22,Thursday,1,1
4813,Medium,Service Request,Email,Standard,3,0,8.1,4,6.8,1.0,Low,Medium,21,Thursday,0,0
4814,Low,Access,Portal,Standard,5,1,10.6,3,15.6,1.0,Medium,Low,0,Wednesday,0,0
4815,Medium,Incident,Portal,Premium,4,2,3.9,3,22.5,3.0,Low,Low,18,Monday,0,1
4816,Medium,Problem,Portal,Standard,8,1,5.3,2,9.4,0.0,Medium,Medium,16,Wednesday,0,0
4817,Medium,Service Request,Email,Standard,12,0,9.5,4,10.0,4.0,Low,Medium,6,Monday,1,1
4818,Low,Service Request,Phone,Enterprise,10,0,6.0,1,12.6,3.0,Low,Low,4,Sunday,1,0
4819,High,Service Request,Portal,Standard,10,1,10.8,1,8.0,3.0,Low,Medium,10,Thursday,1,1
4820,Critical,Incident,Phone,Premium,9,3,,1,7.6,2.0,Medium,Medium,11,Sunday,0,1
4821,Medium,Service Request,Portal,Standard,16,1,4.3,4,14.4,0.0,Medium,Low,12,Thursday,0,0
4822,Low,Incident,Email,Standard,8,0,12.7,1,12.9,2.0,High,High,14,Saturday,0,0
4823,Low,Service Request,Email,Premium,9,2,9.9,1,2.0,3.0,Low,Low,5,Tuesday,0,0
4824,Critical,Incident,Portal,Premium,8,1,2.4,1,,4.0,Low,Low,21,Friday,0,0
4825,Medium,Incident,Email,Premium,8,1,13.2,1,17.0,1.0,Medium,Low,19,Monday,0,0
4826,Medium,Incident,Phone,Premium,13,0,5.3,1,10.0,3.0,Medium,Medium,10,Tuesday,0,0
4827,Medium,Service Request,Email,Premium,9,1,5.4,1,4.9,1.0,High,Medium,14,Thursday,0,1
4828,Medium,Problem,Email,Standard,10,3,10.0,2,13.8,1.0,Low,High,0,Monday,1,1
4829,High,Problem,Email,Premium,6,3,10.2,2,13.5,4.0,Medium,Low,13,Friday,0,1
4830,Medium,Problem,Phone,Standard,14,1,7.4,2,17.2,0.0,Low,Low,7,Friday,1,0
4831,High,Incident,Monitoring,Standard,10,4,10.3,2,18.7,1.0,Medium,High,10,Monday,0,0
4832,Medium,Service Request,Monitoring,Standard,5,1,11.1,4,17.6,0.0,Low,Medium,11,Saturday,0,0
4833,High,Incident,Email,Enterprise,6,1,8.0,1,17.2,0.0,Low,Low,4,Monday,1,1
4834,Low,Incident,Portal,Enterprise,10,1,11.9,2,,0.0,Low,Low,11,Thursday,0,0
4835,Low,Incident,Portal,Standard,6,0,9.9,1,34.2,2.0,Low,Medium,3,Monday,0,1
4836,Medium,Incident,Email,Standard,7,3,10.4,1,20.6,2.0,Medium,Low,6,Thursday,0,0
4837,Low,Problem,Portal,Standard,11,1,5.4,3,10.0,2.0,Low,Medium,17,Friday,0,0
4838,Medium,Problem,Monitoring,Premium,7,2,13.1,2,8.1,1.0,Medium,Medium,21,Tuesday,1,0
4839,Low,Service Request,Email,Premium,7,0,9.7,3,5.6,2.0,Low,Low,1,Saturday,0,0
4840,High,Incident,Email,Enterprise,12,0,14.0,1,2.1,1.0,Medium,High,1,Sunday,0,0
4841,Low,Problem,Monitoring,Enterprise,8,0,14.5,1,5.8,2.0,Low,Low,15,Friday,0,0
4842,Medium,Incident,Portal,Enterprise,11,1,11.4,2,12.0,1.0,High,Low,12,Thursday,1,0
4843,Medium,Service Request,Portal,Premium,8,0,3.6,1,14.0,3.0,Medium,Low,23,Monday,0,0
4844,Low,Incident,Email,Standard,11,2,13.0,1,19.0,4.0,Low,High,21,Wednesday,0,1
4845,Medium,Incident,Portal,Premium,9,2,8.2,1,11.0,3.0,Medium,High,11,Monday,0,1
4846,High,Access,Monitoring,Enterprise,12,4,13.5,1,39.2,0.0,Medium,Medium,8,Monday,1,1
4847,High,Access,Portal,Premium,5,2,8.7,1,15.1,1.0,Medium,High,16,Sunday,0,0
4848,Critical,Service Request,Email,Standard,7,1,7.1,1,11.3,0.0,Low,Low,1,Thursday,0,1
4849,Medium,Incident,Email,Premium,9,1,1.2,2,4.7,,Low,Medium,18,Wednesday,0,0
4850,Low,Incident,Portal,Enterprise,7,1,13.8,1,24.9,1.0,Low,Medium,11,Saturday,0,0
4851,Low,Incident,Monitoring,Standard,10,1,,2,8.4,2.0,Medium,Medium,16,Sunday,0,0
4852,High,Service Request,Portal,Premium,7,1,11.4,1,16.0,2.0,Medium,Low,5,Friday,0,0
4853,Medium,Service Request,Phone,Premium,7,1,,2,4.1,1.0,Low,Low,9,Sunday,0,0
4854,High,Incident,Portal,Standard,4,1,1.8,1,15.2,4.0,Medium,Medium,23,Tuesday,0,1
4855,Low,Problem,Monitoring,Standard,6,1,6.5,4,13.8,1.0,Low,Low,18,Thursday,0,0
4856,Medium,Incident,Email,Standard,7,1,1.8,2,1.9,3.0,Low,Low,17,Monday,0,0
4857,Medium,Service Request,Email,Standard,5,4,1.5,2,6.6,0.0,Low,Medium,5,Monday,1,0
4858,Low,Incident,Email,Standard,5,0,3.6,2,6.5,1.0,Low,High,1,Friday,0,1
4859,High,Access,Monitoring,Standard,15,0,14.1,2,15.9,3.0,Low,Low,7,Thursday,0,0
4860,High,Incident,Email,Standard,6,3,11.7,2,13.2,3.0,Low,High,22,Thursday,0,0
4861,Low,Service Request,Email,Premium,11,1,8.0,1,12.2,1.0,Low,Low,18,Wednesday,0,1
4862,High,Incident,Portal,Premium,10,4,10.0,3,6.5,6.0,Low,Low,12,Saturday,0,0
4863,High,Incident,Portal,Premium,8,1,,1,14.4,5.0,Low,Low,17,Sunday,1,1
4864,Medium,Incident,Phone,Premium,6,2,2.3,1,3.2,0.0,High,Low,18,Saturday,0,0
4865,Medium,Problem,Portal,Standard,14,0,6.2,1,10.0,1.0,Medium,Low,2,Monday,0,0
4866,Medium,Incident,Email,Premium,3,2,1.7,1,6.0,3.0,Low,Low,20,Sunday,0,0
4867,High,Incident,Phone,Enterprise,3,2,14.0,1,9.5,1.0,Low,Medium,3,Wednesday,0,0
4868,High,Problem,Phone,Premium,12,4,,1,3.6,3.0,Low,High,10,Tuesday,0,1
4869,Low,Service Request,Portal,Standard,3,1,12.8,1,12.3,1.0,Low,Medium,21,Monday,0,0
4870,Low,Service Request,Portal,Standard,7,0,13.3,1,6.3,3.0,Medium,Low,14,Sunday,0,0
4871,High,Incident,Email,Premium,10,1,10.0,4,5.6,0.0,Medium,High,9,Sunday,0,0
4872,Medium,Incident,Phone,Enterprise,10,3,0.7,1,16.6,0.0,Medium,Low,8,Sunday,0,1
4873,High,Problem,Portal,Premium,5,1,11.8,1,10.9,3.0,Low,Low,0,Tuesday,1,0
4874,Low,Problem,Portal,Standard,7,1,2.5,2,6.3,3.0,High,Low,6,Tuesday,0,1
4875,Low,Service Request,Portal,Standard,4,3,10.2,1,21.7,2.0,Medium,Medium,16,Sunday,0,0
4876,Medium,Incident,Email,Premium,10,1,13.2,1,6.3,0.0,Low,Low,10,Saturday,0,0
4877,Medium,Incident,Email,Premium,4,0,13.4,3,3.0,2.0,High,Medium,0,Saturday,0,0
4878,Low,Problem,Monitoring,Standard,7,0,13.8,2,4.2,5.0,Medium,Low,23,Sunday,0,0
4879,Low,Service Request,Monitoring,Enterprise,4,1,2.5,4,,2.0,Medium,High,1,Tuesday,0,0
4880,High,Problem,Email,Enterprise,4,1,3.2,1,13.2,,Medium,Low,2,Wednesday,1,1
4881,Low,Incident,Portal,Standard,7,1,2.1,1,17.6,4.0,Medium,High,13,Friday,0,1
4882,Medium,Incident,Phone,Premium,8,2,14.0,4,2.7,1.0,Medium,Low,3,Thursday,0,0
4883,Low,Incident,Monitoring,Premium,10,0,13.9,1,2.6,4.0,Medium,Low,4,Tuesday,1,0
4884,High,Service Request,Portal,Premium,2,1,7.9,2,8.7,3.0,Medium,Low,7,Monday,1,0
4885,Low,Access,Phone,Premium,13,1,4.4,1,23.2,2.0,Medium,High,1,Friday,0,0
4886,Medium,Access,Portal,Standard,5,1,14.5,1,12.6,2.0,Low,Low,0,Sunday,0,0
4887,High,Incident,Portal,Enterprise,10,3,7.7,1,11.2,4.0,Low,Medium,6,Tuesday,0,1
4888,Critical,Access,Monitoring,Enterprise,4,0,10.1,3,7.5,,Low,Low,15,Sunday,0,0
4889,Medium,Access,Email,Enterprise,9,1,5.6,1,3.2,3.0,Low,Low,20,Saturday,1,0
4890,High,Incident,Portal,Premium,9,2,,4,13.8,2.0,Low,Low,23,Thursday,0,0
4891,High,Problem,Portal,Premium,6,1,12.1,2,13.9,3.0,Low,High,3,Friday,0,0
4892,Low,Incident,Portal,Standard,3,1,13.7,2,15.1,2.0,Medium,Low,7,Saturday,1,0
4893,High,Problem,Monitoring,Standard,9,2,10.9,3,8.2,1.0,Low,Medium,1,Tuesday,0,0
4894,High,Problem,Phone,Enterprise,8,0,,4,8.7,3.0,Medium,High,15,Friday,0,0
4895,Medium,Problem,Monitoring,Standard,8,3,5.7,2,10.1,2.0,High,High,14,Tuesday,0,0
4896,Low,Incident,Email,Standard,9,4,1.7,2,2.7,2.0,Medium,High,7,Thursday,1,1
4897,Medium,Incident,Phone,Premium,6,0,14.3,2,14.0,3.0,Low,Low,22,Monday,0,0
4898,Low,Incident,Email,Enterprise,7,0,8.6,2,0.6,2.0,Low,Low,11,Saturday,0,0
4899,Medium,Service Request,Phone,Standard,9,0,0.5,1,,4.0,Medium,Medium,23,Sunday,0,0
4900,Low,Incident,Monitoring,Premium,4,2,1.8,2,17.2,1.0,Low,Low,14,Tuesday,0,0
4901,Low,Service Request,Portal,Standard,4,0,8.0,3,10.8,0.0,Low,High,18,Wednesday,0,0
4902,Low,Service Request,Phone,Premium,11,1,10.7,2,14.6,1.0,High,High,8,Friday,0,1
4903,Medium,Incident,Phone,Standard,4,1,7.5,2,6.4,4.0,High,Low,8,Monday,1,1
4904,Medium,Incident,Portal,Standard,2,2,3.6,2,17.5,4.0,Medium,Low,5,Friday,0,0
4905,Low,Incident,Portal,Enterprise,10,1,10.2,4,11.4,,Low,Medium,23,Friday,0,0
4906,High,Access,Portal,Premium,10,3,14.5,1,12.2,3.0,Low,Low,8,Friday,0,0
4907,Medium,Problem,Monitoring,Enterprise,13,2,2.9,2,6.7,2.0,Medium,Low,16,Saturday,0,0
4908,Medium,Service Request,Phone,Premium,7,1,2.2,1,20.1,1.0,Medium,Low,5,Friday,0,1
4909,Medium,Incident,Portal,Standard,12,1,7.4,2,12.7,2.0,Low,Medium,20,Thursday,0,0
4910,High,Incident,Monitoring,Standard,9,1,,2,14.4,1.0,High,Medium,1,Tuesday,0,1
4911,Low,Problem,Phone,Standard,6,0,11.0,2,13.2,2.0,Low,Low,21,Sunday,0,1
4912,Medium,Service Request,Email,Standard,11,1,14.5,1,,2.0,Low,Low,23,Monday,1,1
4913,Low,Service Request,Email,Enterprise,9,3,9.7,2,6.7,1.0,Low,Low,1,Wednesday,0,1
4914,Medium,Problem,Email,Enterprise,8,1,6.4,1,3.7,2.0,Low,High,18,Friday,0,0
4915,Medium,Service Request,Phone,Premium,10,4,10.5,2,5.2,3.0,Low,Medium,7,Thursday,0,0
4916,Medium,Problem,Phone,Standard,6,3,,2,11.6,1.0,Low,Medium,6,Thursday,1,1
4917,Medium,Incident,Portal,Premium,7,2,4.4,2,12.0,1.0,Low,Low,8,Saturday,1,1
4918,High,Problem,Portal,Standard,5,0,14.9,1,22.0,2.0,Low,Medium,22,Wednesday,1,0
4919,Low,Incident,Email,Standard,5,2,5.2,1,3.0,2.0,Low,Medium,6,Tuesday,0,0
4920,Medium,Service Request,Phone,Standard,9,0,12.4,1,23.7,2.0,Low,Low,23,Friday,1,0
4921,Medium,Service Request,Phone,Standard,7,2,2.9,2,6.1,1.0,Medium,Low,0,Sunday,0,0
4922,Low,Incident,Portal,Premium,7,0,8.2,1,14.8,1.0,Low,Low,9,Monday,0,1
4923,Medium,Service Request,Portal,Premium,3,2,1.8,2,18.4,2.0,Medium,Low,21,Monday,0,0
4924,Critical,Service Request,Portal,Standard,4,1,4.1,1,15.8,3.0,Low,Low,11,Saturday,0,1
4925,Low,Incident,Portal,Standard,6,0,4.8,2,27.6,2.0,Medium,Low,17,Tuesday,0,1
4926,Low,Incident,Email,Enterprise,11,1,14.8,1,6.3,1.0,High,High,14,Wednesday,0,0
4927,Medium,Problem,Email,Premium,9,0,10.6,1,16.2,1.0,Low,High,20,Thursday,0,0
4928,Medium,Problem,Phone,Standard,8,1,9.4,1,6.2,1.0,Low,Medium,2,Friday,0,0
4929,Medium,Access,Portal,Standard,6,2,8.9,1,16.2,1.0,Low,Low,14,Thursday,0,0
4930,Medium,Incident,Portal,Standard,3,1,6.8,1,4.9,3.0,Medium,High,21,Wednesday,0,0
4931,Low,Service Request,Email,Standard,3,0,9.6,1,7.0,4.0,Medium,Low,1,Thursday,0,0
4932,Medium,Service Request,Phone,Enterprise,2,0,5.1,2,4.8,3.0,Medium,Low,15,Wednesday,0,0
4933,High,Incident,Portal,Enterprise,9,1,3.3,3,3.1,4.0,Low,High,8,Friday,1,0
4934,Low,Incident,Portal,Standard,7,1,12.7,3,9.9,1.0,Medium,Medium,14,Thursday,0,0
4935,High,Service Request,Portal,Enterprise,9,2,2.5,1,15.1,2.0,Low,High,8,Sunday,1,1
4936,Medium,Incident,Email,Standard,7,1,12.4,2,22.6,5.0,Low,Low,23,Friday,1,1
4937,Medium,Incident,Portal,Standard,11,1,4.0,1,12.6,3.0,Low,High,2,Thursday,0,0
4938,Low,Problem,Phone,Premium,11,2,9.8,2,5.1,0.0,Medium,Medium,4,Saturday,1,0
4939,High,Incident,Portal,Premium,7,1,12.4,1,3.5,2.0,High,Medium,11,Sunday,1,0
4940,Medium,Incident,Portal,Standard,9,2,9.5,1,1.8,1.0,High,Low,8,Sunday,1,0
4941,High,Incident,Portal,Standard,9,1,12.4,2,12.0,1.0,High,High,8,Saturday,0,1
4942,Medium,Incident,Phone,Standard,7,1,7.1,1,31.5,2.0,Low,Low,1,Thursday,0,0
4943,Medium,Service Request,Phone,Standard,7,0,1.3,1,8.3,1.0,Medium,High,8,Saturday,0,0
4944,Medium,Service Request,Portal,Enterprise,10,2,12.3,1,9.2,1.0,Low,Medium,15,Friday,0,0
4945,Medium,Incident,Email,Standard,7,3,,1,13.1,1.0,Low,Medium,5,Thursday,0,1
4946,Medium,Service Request,Portal,Standard,6,1,12.8,1,7.2,2.0,Medium,Medium,22,Tuesday,0,0
4947,Medium,Incident,Portal,Standard,13,0,2.4,2,,3.0,Low,Low,22,Friday,0,0
4948,Medium,Incident,Portal,Premium,7,0,10.6,1,7.6,2.0,Low,Medium,5,Friday,0,0
4949,Medium,Incident,Monitoring,Standard,8,1,8.9,1,1.6,2.0,Low,Low,16,Friday,0,0
4950,Low,Incident,Email,Standard,4,1,14.3,3,3.6,4.0,Low,Medium,14,Saturday,0,0
4951,Medium,Problem,Portal,Standard,9,0,4.6,1,12.1,4.0,Low,Medium,6,Thursday,1,1
4952,Medium,Incident,Portal,Premium,12,0,0.8,1,6.0,1.0,Low,Medium,23,Tuesday,0,0
4953,Medium,Problem,Phone,Standard,6,1,2.0,3,5.4,1.0,High,High,10,Sunday,0,0
4954,Medium,Incident,Email,Standard,13,3,4.9,1,7.8,1.0,Medium,Medium,13,Wednesday,0,1
4955,Medium,Incident,Email,Premium,8,0,2.8,1,14.9,0.0,Medium,Medium,17,Friday,0,0
4956,Medium,Service Request,Email,Standard,12,1,1.7,1,7.7,5.0,Medium,Medium,13,Friday,1,0
4957,Medium,Problem,Email,Standard,9,2,2.9,2,16.5,3.0,Low,Medium,7,Thursday,1,0
4958,High,Problem,Portal,Premium,13,2,4.3,1,4.3,5.0,Medium,High,3,Tuesday,0,1
4959,High,Access,Portal,Standard,8,1,7.5,1,12.5,4.0,Low,Low,1,Thursday,0,0
4960,Medium,Service Request,Portal,Premium,6,1,9.6,1,8.8,1.0,Medium,High,0,Friday,1,0
4961,Medium,Service Request,Email,Enterprise,6,1,11.9,1,7.5,0.0,Medium,Low,8,Saturday,1,1
4962,High,Incident,Email,Standard,6,1,7.0,3,22.2,5.0,Low,Medium,4,Thursday,0,1
4963,Medium,Service Request,Email,Premium,10,0,1.5,2,6.0,0.0,Medium,Low,13,Monday,0,1
4964,Critical,Access,Email,Enterprise,5,1,6.4,1,3.0,6.0,Low,High,3,Friday,0,0
4965,High,Problem,Email,Premium,6,3,3.2,1,16.4,1.0,Low,Medium,17,Saturday,1,1
4966,Medium,Service Request,Portal,Standard,9,0,4.7,2,1.0,2.0,Low,Medium,10,Monday,1,0
4967,High,Problem,Portal,Enterprise,6,0,14.6,1,10.1,2.0,Low,Low,10,Friday,0,0
4968,High,Service Request,Email,Enterprise,3,3,6.0,1,12.5,3.0,High,Medium,9,Wednesday,0,0
4969,Medium,Service Request,Portal,Premium,12,1,3.1,1,3.1,1.0,Low,Medium,8,Tuesday,1,0
4970,Medium,Incident,Phone,Standard,5,1,12.0,1,4.7,2.0,High,Medium,1,Wednesday,0,0
4971,High,Incident,Phone,Premium,10,2,7.8,1,7.4,3.0,Medium,Medium,5,Thursday,0,0
4972,Low,Incident,Portal,Premium,11,1,1.3,1,6.1,1.0,Low,Medium,5,Friday,0,0
4973,High,Problem,Portal,Premium,9,2,5.1,3,2.0,2.0,Medium,High,7,Monday,0,0
4974,Medium,Incident,Portal,Standard,6,3,6.6,1,18.6,2.0,Low,Low,14,Tuesday,0,1
4975,Low,Incident,Portal,Standard,13,0,12.8,2,11.4,1.0,High,Low,12,Tuesday,1,1
4976,High,Service Request,Portal,Standard,10,1,0.5,1,13.4,4.0,High,High,2,Sunday,0,1
4977,Low,Incident,Email,Enterprise,1,1,12.1,1,31.0,2.0,High,Low,16,Thursday,1,1
4978,Low,Service Request,Portal,Standard,9,0,7.2,2,11.3,3.0,Medium,Low,16,Sunday,0,0
4979,Low,Incident,Monitoring,Enterprise,10,1,6.6,1,9.1,2.0,High,Low,4,Saturday,0,0
4980,Low,Access,Portal,Standard,8,2,9.1,1,8.4,2.0,Medium,Low,6,Thursday,1,0
4981,Medium,Incident,Portal,Enterprise,8,2,5.0,1,6.5,5.0,High,High,0,Tuesday,1,1
4982,Medium,Access,Email,Standard,9,1,7.8,3,14.2,2.0,Medium,Low,2,Wednesday,1,0
4983,Low,Service Request,Portal,Standard,8,1,5.0,2,18.5,0.0,Low,Low,17,Sunday,0,0
4984,High,Service Request,Portal,Standard,9,2,9.4,4,9.4,2.0,Medium,Low,15,Thursday,0,0
4985,Low,Problem,Portal,Premium,6,0,13.1,1,11.4,2.0,Low,Medium,11,Friday,0,0
4986,Medium,Incident,Email,Premium,12,0,12.9,1,25.1,1.0,Medium,Medium,7,Saturday,0,1
4987,Low,Incident,Portal,Enterprise,10,0,4.7,2,10.6,2.0,Low,Medium,22,Saturday,0,0
4988,Medium,Incident,Portal,Standard,6,2,6.2,2,5.1,1.0,Low,Low,13,Monday,0,0
4989,Medium,Problem,Portal,Premium,13,1,9.6,1,11.9,3.0,Medium,Medium,13,Wednesday,0,0
4990,High,Incident,Portal,Standard,7,2,6.2,1,14.1,1.0,High,High,9,Saturday,1,1
4991,Low,Access,Portal,Enterprise,6,1,5.7,1,6.6,2.0,Low,High,3,Wednesday,0,0
4992,Medium,Problem,Portal,Premium,7,0,1.1,1,3.9,5.0,Medium,Medium,3,Monday,0,0
4993,Medium,Service Request,Email,Enterprise,4,0,3.1,1,1.1,3.0,High,Low,8,Monday,1,0
4994,Medium,Access,Portal,Enterprise,8,0,8.6,3,,2.0,Medium,Low,12,Sunday,1,0
4995,Low,Incident,Email,Enterprise,5,0,5.4,1,4.4,,Low,Medium,10,Friday,0,0
4996,Critical,Incident,Phone,Standard,6,1,5.3,3,16.8,5.0,Low,Medium,8,Sunday,0,1
4997,High,Incident,Portal,Standard,7,0,4.0,1,27.0,0.0,High,Medium,0,Tuesday,0,0
4998,Critical,Incident,Email,Premium,10,1,5.4,3,9.2,1.0,Medium,Medium,13,Wednesday,0,1
4999,Medium,Incident,Portal,Standard,6,0,11.8,3,5.0,0.0,Low,Low,3,Wednesday,0,0
5000,Low,Incident,Portal,Premium,9,0,14.3,1,9.3,2.0,Medium,Low,17,Monday,0,0
5001,Medium,Incident,Email,Standard,9,1,10.6,1,14.4,1.0,Low,Medium,18,Sunday,0,0
5002,High,Service Request,Portal,Standard,6,1,3.0,1,8.4,1.0,Medium,High,12,Friday,1,1
5003,Medium,Incident,Portal,Standard,6,1,10.8,3,7.0,2.0,Low,High,11,Thursday,0,0
5004,Low,Access,Portal,Premium,9,0,8.0,1,4.2,1.0,Low,High,4,Sunday,0,0
5005,Medium,Incident,Monitoring,Standard,5,0,4.4,3,7.5,2.0,Low,Low,5,Saturday,1,1
5006,Medium,Incident,Portal,Premium,8,0,1.3,1,11.2,2.0,Medium,Low,18,Thursday,0,1
5007,Critical,Incident,Portal,Premium,10,2,2.8,2,17.3,1.0,Medium,Low,22,Friday,0,0
5008,Medium,Service Request,Phone,Premium,9,2,3.9,1,1.6,0.0,Low,Medium,6,Saturday,0,0
5009,Medium,Problem,Portal,Standard,10,0,7.6,1,10.1,3.0,Low,Low,8,Friday,1,0
5010,Low,Incident,Portal,Standard,7,4,9.4,2,2.8,2.0,Low,High,17,Wednesday,0,0
5011,Medium,Problem,Monitoring,Standard,9,0,0.8,1,7.3,2.0,Medium,Medium,4,Sunday,1,0
5012,High,Incident,Monitoring,Premium,6,0,3.6,1,11.1,0.0,Low,Low,10,Sunday,0,0
5013,Medium,Incident,Phone,Enterprise,12,1,1.5,2,,3.0,High,High,23,Saturday,0,0
5014,High,Incident,Phone,Standard,9,0,2.6,3,,5.0,Low,Low,18,Sunday,0,0
5015,Medium,Incident,Portal,Standard,10,0,8.2,1,3.4,4.0,Medium,Medium,6,Tuesday,1,0
5016,Low,Access,Email,Enterprise,9,2,7.4,1,13.2,2.0,Low,Low,22,Monday,0,1
5017,High,Incident,Email,Standard,7,6,2.5,4,20.6,1.0,Medium,Medium,18,Tuesday,0,1
5018,Medium,Incident,Portal,Premium,3,2,11.0,1,3.0,0.0,Low,High,17,Wednesday,0,0
5019,High,Incident,Portal,Enterprise,3,1,4.6,2,11.2,3.0,Medium,Medium,21,Friday,0,0
5020,Low,Service Request,Portal,Enterprise,6,0,14.8,1,11.2,0.0,High,Medium,10,Saturday,1,0
5021,High,Incident,Email,Standard,8,1,8.5,2,13.7,3.0,Medium,Low,2,Monday,1,0
5022,Critical,Incident,Portal,Premium,9,1,4.4,3,16.5,1.0,Low,Medium,10,Friday,0,1
5023,Low,Incident,Portal,Premium,4,2,10.8,1,9.1,2.0,Medium,High,8,Wednesday,1,0
5024,High,Service Request,Phone,Standard,11,1,1.0,1,0.5,5.0,Low,Low,13,Friday,1,0
5025,Medium,Access,Portal,Enterprise,5,1,10.4,1,5.2,0.0,Low,Low,18,Friday,0,0
5026,Low,Service Request,Phone,Standard,8,2,8.6,1,10.9,1.0,High,Medium,17,Saturday,0,0
5027,High,Incident,Monitoring,Enterprise,10,1,15.0,1,7.3,2.0,Low,Low,11,Friday,1,0
5028,Low,Service Request,Phone,Premium,15,0,8.0,1,4.4,0.0,Medium,Medium,3,Monday,0,0
5029,Medium,Incident,Portal,Standard,10,2,14.7,2,10.7,2.0,Medium,High,23,Thursday,0,0
5030,Medium,Incident,Phone,Premium,6,2,10.8,2,2.5,1.0,Low,Low,5,Friday,0,0
5031,Medium,Incident,Phone,Standard,6,1,9.7,1,15.5,4.0,Low,Low,15,Thursday,1,1
5032,Low,Service Request,Email,Enterprise,8,0,5.0,1,3.7,1.0,Low,Low,4,Tuesday,0,0
5033,Medium,Access,Portal,Standard,7,1,9.1,1,2.3,2.0,Medium,Low,0,Sunday,1,0
5034,High,Incident,Portal,Premium,8,0,6.2,2,5.8,3.0,Low,Medium,7,Wednesday,0,1
5035,Medium,Problem,Portal,Standard,5,0,3.0,2,12.9,2.0,Low,Medium,9,Tuesday,0,0
5036,Low,Incident,Email,Standard,9,3,8.8,2,6.4,1.0,Low,High,20,Thursday,0,0
5037,Medium,Incident,Email,Standard,8,1,4.4,2,10.5,0.0,Low,High,0,Monday,0,0
5038,Low,Incident,Monitoring,Enterprise,7,3,14.2,1,8.1,0.0,High,High,20,Thursday,0,0
5039,High,Access,Email,Standard,7,2,1.6,2,3.6,2.0,High,Low,15,Monday,0,1
5040,High,Incident,Email,Standard,7,2,14.0,1,10.0,3.0,Medium,Low,16,Wednesday,1,1
5041,Medium,Service Request,Monitoring,Standard,13,0,6.6,1,3.8,2.0,Medium,Medium,4,Sunday,0,0
5042,Medium,Incident,Email,Enterprise,8,2,12.0,4,8.8,6.0,Low,Low,9,Monday,0,1
5043,Medium,Problem,Portal,Enterprise,8,0,,2,5.3,1.0,High,High,21,Saturday,1,1
5044,Critical,Incident,Portal,Premium,6,2,14.5,1,19.4,4.0,Low,High,14,Wednesday,0,1
5045,Low,Incident,Phone,Standard,5,0,8.7,2,4.9,4.0,High,Medium,7,Saturday,0,0
5046,Medium,Problem,Portal,Enterprise,8,1,8.8,2,4.9,2.0,Low,Low,23,Sunday,0,1
5047,Medium,Service Request,Portal,Standard,8,1,10.8,1,9.2,3.0,Low,Low,1,Saturday,0,0
5048,Medium,Service Request,Phone,Premium,9,0,9.4,2,5.7,0.0,Medium,Low,0,Sunday,0,0
5049,High,Incident,Monitoring,Standard,8,1,9.6,1,6.6,2.0,Low,Medium,15,Monday,0,0
